customer_id,customer_segment,customer_tenure_days,previous_transaction_count,previous_success_count,previous_failure_count,previous_recovery_count
cust_000001,RETURNING,98,9,8,1,0
cust_000002,RETURNING,346,7,7,0,0
cust_000003,HIGH_VALUE,1965,38,35,3,1
cust_000004,RETURNING,306,8,7,1,1
cust_000005,NEW,19,1,1,0,0
cust_000006,LOYAL,470,24,19,5,0
cust_000007,LOYAL,1084,24,24,0,0
cust_000008,NEW,14,0,0,0,0
cust_000009,RETURNING,388,7,6,1,0
cust_000010,LOYAL,1194,23,22,1,0
cust_000011,LOYAL,670,30,25,5,1
cust_000012,HIGH_VALUE,779,32,29,3,1
cust_000013,RETURNING,380,12,9,3,0
cust_000014,RETURNING,171,9,6,3,0
cust_000015,RETURNING,33,9,9,0,0
cust_000016,HIGH_VALUE,2010,41,40,1,1
cust_000017,RETURNING,484,8,7,1,0
cust_000018,LOYAL,1458,20,20,0,0
cust_000019,RETURNING,147,5,3,2,2
cust_000020,RETURNING,434,4,2,2,1
cust_000021,LOYAL,1151,23,19,4,4
cust_000022,RETURNING,248,7,6,1,0
cust_000023,LOYAL,1266,19,19,0,0
cust_000024,RETURNING,341,9,7,2,0
cust_000025,RETURNING,310,7,6,1,0
cust_000026,RETURNING,272,8,8,0,0
cust_000027,RETURNING,266,8,6,2,0
cust_000028,RETURNING,422,6,2,4,1
cust_000029,NEW,41,0,0,0,0
cust_000030,NEW,4,0,0,0,0
cust_000031,LOYAL,909,27,25,2,2
cust_000032,RETURNING,73,7,6,1,0
cust_000033,LOYAL,1171,26,22,4,1
cust_000034,NEW,28,2,2,0,0
cust_000035,RETURNING,186,14,14,0,0
cust_000036,RETURNING,36,9,6,3,0
cust_000037,LOYAL,492,24,20,4,2
cust_000038,LOYAL,422,18,12,6,1
cust_000039,RETURNING,209,8,6,2,0
cust_000040,LOYAL,1489,18,15,3,2
cust_000041,NEW,18,3,2,1,0
cust_000042,RETURNING,387,6,4,2,0
cust_000043,NEW,43,1,0,1,1
cust_000044,RETURNING,366,6,5,1,1
cust_000045,LOYAL,616,25,23,2,1
cust_000046,LOYAL,951,23,21,2,1
cust_000047,RETURNING,47,7,7,0,0
cust_000048,RETURNING,494,8,7,1,0
cust_000049,LOYAL,1036,25,25,0,0
cust_000050,HIGH_VALUE,793,38,30,8,1
cust_000051,RETURNING,322,4,4,0,0
cust_000052,RETURNING,148,9,9,0,0
cust_000053,RETURNING,233,9,7,2,2
cust_000054,RETURNING,77,11,8,3,1
cust_000055,HIGH_VALUE,2914,23,20,3,0
cust_000056,RETURNING,307,5,5,0,0
cust_000057,LOYAL,1518,21,20,1,1
cust_000058,NEW,60,1,1,0,0
cust_000059,RETURNING,431,11,9,2,0
cust_000060,LOYAL,391,22,21,1,1
cust_000061,RETURNING,190,9,9,0,0
cust_000062,RETURNING,172,7,6,1,0
cust_000063,HIGH_VALUE,918,33,32,1,1
cust_000064,LOYAL,1237,21,21,0,0
cust_000065,RETURNING,89,3,3,0,0
cust_000066,RETURNING,240,8,7,1,0
cust_000067,RETURNING,237,5,5,0,0
cust_000068,RETURNING,164,8,7,1,0
cust_000069,RETURNING,141,7,6,1,0
cust_000070,RETURNING,426,4,4,0,0
cust_000071,LOYAL,1335,21,17,4,0
cust_000072,LOYAL,355,19,15,4,2
cust_000073,LOYAL,945,24,21,3,3
cust_000074,HIGH_VALUE,1628,31,31,0,0
cust_000075,LOYAL,449,29,28,1,0
cust_000076,LOYAL,1600,17,17,0,0
cust_000077,LOYAL,852,19,18,1,0
cust_000078,RETURNING,299,9,9,0,0
cust_000079,RETURNING,454,8,7,1,0
cust_000080,RETURNING,229,6,6,0,0
cust_000081,RETURNING,392,7,7,0,0
cust_000082,RETURNING,105,5,5,0,0
cust_000083,RETURNING,414,10,9,1,1
cust_000084,RETURNING,317,3,2,1,0
cust_000085,RETURNING,48,2,2,0,0
cust_000086,RETURNING,354,10,9,1,0
cust_000087,LOYAL,511,24,22,2,1
cust_000088,LOYAL,189,30,28,2,0
cust_000089,NEW,30,0,0,0,0
cust_000090,NEW,14,1,1,0,0
cust_000091,RETURNING,315,7,6,1,0
cust_000092,LOYAL,635,22,22,0,0
cust_000093,LOYAL,751,16,15,1,1
cust_000094,NEW,34,3,3,0,0
cust_000095,LOYAL,840,19,17,2,2
cust_000096,NEW,24,1,1,0,0
cust_000097,RETURNING,448,8,8,0,0
cust_000098,HIGH_VALUE,2580,51,49,2,1
cust_000099,RETURNING,246,8,2,6,2
cust_000100,NEW,18,0,0,0,0
cust_000101,RETURNING,38,7,6,1,0
cust_000102,RETURNING,412,7,4,3,0
cust_000103,HIGH_VALUE,1335,37,37,0,0
cust_000104,HIGH_VALUE,2240,32,27,5,3
cust_000105,NEW,32,2,0,2,1
cust_000106,NEW,58,0,0,0,0
cust_000107,LOYAL,1612,26,24,2,1
cust_000108,RETURNING,207,3,2,1,0
cust_000109,LOYAL,784,26,23,3,0
cust_000110,LOYAL,1038,28,25,3,1
cust_000111,NEW,0,0,0,0,0
cust_000112,LOYAL,838,23,21,2,0
cust_000113,NEW,45,1,0,1,0
cust_000114,RETURNING,389,8,8,0,0
cust_000115,RETURNING,417,3,3,0,0
cust_000116,RETURNING,448,8,7,1,0
cust_000117,LOYAL,1758,21,21,0,0
cust_000118,RETURNING,271,3,2,1,0
cust_000119,HIGH_VALUE,1581,37,29,8,3
cust_000120,HIGH_VALUE,2952,36,35,1,1
cust_000121,RETURNING,364,2,2,0,0
cust_000122,NEW,8,1,0,1,0
cust_000123,LOYAL,819,25,23,2,1
cust_000124,HIGH_VALUE,548,46,44,2,1
cust_000125,RETURNING,417,7,5,2,1
cust_000126,RETURNING,499,6,6,0,0
cust_000127,RETURNING,393,10,10,0,0
cust_000128,NEW,1,2,1,1,0
cust_000129,LOYAL,1405,23,21,2,1
cust_000130,RETURNING,31,6,6,0,0
cust_000131,LOYAL,466,21,19,2,1
cust_000132,LOYAL,776,31,30,1,1
cust_000133,LOYAL,1250,27,27,0,0
cust_000134,RETURNING,375,6,6,0,0
cust_000135,RETURNING,416,8,7,1,0
cust_000136,LOYAL,1594,30,30,0,0
cust_000137,LOYAL,896,24,22,2,2
cust_000138,RETURNING,205,11,8,3,1
cust_000139,LOYAL,1284,20,14,6,2
cust_000140,NEW,26,0,0,0,0
cust_000141,LOYAL,1519,22,22,0,0
cust_000142,NEW,26,0,0,0,0
cust_000143,NEW,57,2,1,1,1
cust_000144,RETURNING,374,8,8,0,0
cust_000145,NEW,45,1,1,0,0
cust_000146,NEW,38,0,0,0,0
cust_000147,NEW,3,0,0,0,0
cust_000148,RETURNING,425,4,2,2,1
cust_000149,LOYAL,1206,20,20,0,0
cust_000150,NEW,44,0,0,0,0
cust_000151,RETURNING,205,9,8,1,0
cust_000152,LOYAL,431,26,21,5,2
cust_000153,NEW,4,1,0,1,0
cust_000154,NEW,7,0,0,0,0
cust_000155,LOYAL,1452,40,31,9,5
cust_000156,LOYAL,522,24,22,2,2
cust_000157,RETURNING,436,9,6,3,0
cust_000158,LOYAL,612,23,21,2,1
cust_000159,NEW,33,2,2,0,0
cust_000160,RETURNING,428,10,9,1,1
cust_000161,LOYAL,889,20,15,5,1
cust_000162,RETURNING,288,7,6,1,0
cust_000163,LOYAL,1207,13,13,0,0
cust_000164,RETURNING,56,5,5,0,0
cust_000165,LOYAL,244,26,21,5,1
cust_000166,RETURNING,365,4,4,0,0
cust_000167,RETURNING,80,7,6,1,0
cust_000168,RETURNING,115,12,10,2,2
cust_000169,RETURNING,60,5,4,1,0
cust_000170,LOYAL,1408,20,19,1,0
cust_000171,NEW,8,0,0,0,0
cust_000172,NEW,3,1,1,0,0
cust_000173,NEW,40,1,1,0,0
cust_000174,NEW,10,2,1,1,0
cust_000175,LOYAL,1503,23,22,1,1
cust_000176,RETURNING,44,8,8,0,0
cust_000177,HIGH_VALUE,2621,35,35,0,0
cust_000178,NEW,23,1,1,0,0
cust_000179,RETURNING,65,4,4,0,0
cust_000180,RETURNING,53,5,5,0,0
cust_000181,RETURNING,35,10,10,0,0
cust_000182,LOYAL,984,24,23,1,0
cust_000183,HIGH_VALUE,536,35,34,1,0
cust_000184,LOYAL,363,21,20,1,1
cust_000185,RETURNING,68,7,3,4,2
cust_000186,RETURNING,338,7,6,1,0
cust_000187,RETURNING,378,6,6,0,0
cust_000188,RETURNING,60,6,6,0,0
cust_000189,LOYAL,947,20,19,1,1
cust_000190,RETURNING,85,7,5,2,0
cust_000191,RETURNING,236,5,4,1,1
cust_000192,LOYAL,1550,31,31,0,0
cust_000193,LOYAL,961,27,23,4,1
cust_000194,NEW,20,1,0,1,1
cust_000195,NEW,20,2,1,1,0
cust_000196,RETURNING,422,8,8,0,0
cust_000197,RETURNING,131,3,3,0,0
cust_000198,RETURNING,126,11,11,0,0
cust_000199,RETURNING,249,6,5,1,0
cust_000200,LOYAL,1421,22,20,2,0
cust_000201,LOYAL,728,33,32,1,1
cust_000202,RETURNING,200,14,11,3,0
cust_000203,RETURNING,101,10,10,0,0
cust_000204,RETURNING,330,12,9,3,2
cust_000205,RETURNING,288,10,9,1,1
cust_000206,RETURNING,258,9,8,1,0
cust_000207,RETURNING,263,7,7,0,0
cust_000208,LOYAL,562,18,18,0,0
cust_000209,NEW,30,2,1,1,1
cust_000210,NEW,50,1,1,0,0
cust_000211,RETURNING,197,10,7,3,0
cust_000212,LOYAL,757,24,22,2,0
cust_000213,RETURNING,494,4,4,0,0
cust_000214,NEW,57,1,1,0,0
cust_000215,LOYAL,340,22,20,2,1
cust_000216,RETURNING,345,7,7,0,0
cust_000217,RETURNING,462,6,4,2,0
cust_000218,HIGH_VALUE,1922,42,34,8,2
cust_000219,NEW,44,2,2,0,0
cust_000220,RETURNING,178,9,8,1,0
cust_000221,RETURNING,331,5,5,0,0
cust_000222,RETURNING,128,8,7,1,1
cust_000223,LOYAL,1697,16,16,0,0
cust_000224,RETURNING,493,9,6,3,1
cust_000225,NEW,50,1,1,0,0
cust_000226,RETURNING,37,6,5,1,1
cust_000227,RETURNING,393,5,4,1,1
cust_000228,NEW,56,1,0,1,0
cust_000229,NEW,60,1,0,1,0
cust_000230,LOYAL,402,25,21,4,1
cust_000231,RETURNING,194,7,5,2,0
cust_000232,RETURNING,95,8,7,1,0
cust_000233,NEW,52,0,0,0,0
cust_000234,RETURNING,162,6,4,2,1
cust_000235,RETURNING,328,6,4,2,1
cust_000236,RETURNING,153,6,6,0,0
cust_000237,RETURNING,303,5,5,0,0
cust_000238,LOYAL,1367,27,26,1,0
cust_000239,LOYAL,1576,33,29,4,1
cust_000240,NEW,39,1,0,1,0
cust_000241,NEW,28,0,0,0,0
cust_000242,NEW,48,0,0,0,0
cust_000243,RETURNING,425,6,4,2,1
cust_000244,NEW,21,1,0,1,1
cust_000245,LOYAL,1005,23,21,2,2
cust_000246,LOYAL,1116,24,20,4,1
cust_000247,LOYAL,1208,22,19,3,1
cust_000248,RETURNING,147,6,6,0,0
cust_000249,HIGH_VALUE,2182,27,25,2,2
cust_000250,NEW,56,1,1,0,0
cust_000251,RETURNING,256,6,5,1,0
cust_000252,RETURNING,437,5,5,0,0
cust_000253,HIGH_VALUE,2839,38,36,2,0
cust_000254,RETURNING,423,6,5,1,0
cust_000255,LOYAL,1647,24,22,2,2
cust_000256,NEW,18,1,1,0,0
cust_000257,HIGH_VALUE,2442,42,40,2,0
cust_000258,RETURNING,358,5,4,1,1
cust_000259,RETURNING,134,7,7,0,0
cust_000260,HIGH_VALUE,405,42,36,6,2
cust_000261,RETURNING,270,8,8,0,0
cust_000262,RETURNING,474,6,5,1,0
cust_000263,RETURNING,173,3,3,0,0
cust_000264,NEW,11,0,0,0,0
cust_000265,RETURNING,57,5,4,1,0
cust_000266,RETURNING,400,3,2,1,0
cust_000267,NEW,51,0,0,0,0
cust_000268,LOYAL,1165,22,17,5,2
cust_000269,RETURNING,203,6,5,1,0
cust_000270,RETURNING,443,6,6,0,0
cust_000271,RETURNING,149,5,4,1,0
cust_000272,RETURNING,356,5,4,1,1
cust_000273,RETURNING,311,5,5,0,0
cust_000274,LOYAL,920,20,16,4,2
cust_000275,HIGH_VALUE,2341,43,42,1,1
cust_000276,RETURNING,199,6,6,0,0
cust_000277,RETURNING,74,9,8,1,0
cust_000278,RETURNING,104,5,2,3,3
cust_000279,RETURNING,378,7,6,1,0
cust_000280,RETURNING,201,6,5,1,0
cust_000281,RETURNING,95,5,4,1,0
cust_000282,RETURNING,413,15,15,0,0
cust_000283,RETURNING,335,8,7,1,1
cust_000284,RETURNING,92,12,12,0,0
cust_000285,RETURNING,365,1,1,0,0
cust_000286,NEW,40,0,0,0,0
cust_000287,NEW,17,0,0,0,0
cust_000288,LOYAL,1293,28,27,1,1
cust_000289,RETURNING,489,9,8,1,0
cust_000290,RETURNING,451,10,9,1,0
cust_000291,RETURNING,403,6,6,0,0
cust_000292,LOYAL,580,25,24,1,0
cust_000293,RETURNING,286,7,6,1,1
cust_000294,LOYAL,280,27,26,1,1
cust_000295,LOYAL,584,21,20,1,1
cust_000296,RETURNING,84,6,6,0,0
cust_000297,LOYAL,1232,21,19,2,1
cust_000298,NEW,2,0,0,0,0
cust_000299,HIGH_VALUE,994,30,30,0,0
cust_000300,RETURNING,280,3,3,0,0
cust_000301,LOYAL,1296,20,18,2,1
cust_000302,RETURNING,398,10,10,0,0
cust_000303,NEW,23,0,0,0,0
cust_000304,NEW,50,0,0,0,0
cust_000305,LOYAL,1203,29,29,0,0
cust_000306,RETURNING,80,4,2,2,0
cust_000307,NEW,4,1,1,0,0
cust_000308,LOYAL,1635,30,27,3,0
cust_000309,LOYAL,626,32,26,6,1
cust_000310,RETURNING,262,6,6,0,0
cust_000311,RETURNING,80,12,7,5,3
cust_000312,NEW,11,2,2,0,0
cust_000313,LOYAL,223,40,36,4,2
cust_000314,RETURNING,256,7,3,4,1
cust_000315,LOYAL,1660,32,30,2,1
cust_000316,RETURNING,428,10,10,0,0
cust_000317,RETURNING,300,5,4,1,1
cust_000318,RETURNING,269,9,9,0,0
cust_000319,NEW,48,1,0,1,0
cust_000320,LOYAL,371,14,13,1,1
cust_000321,RETURNING,128,8,8,0,0
cust_000322,RETURNING,369,4,3,1,1
cust_000323,HIGH_VALUE,2855,39,37,2,1
cust_000324,HIGH_VALUE,1052,31,31,0,0
cust_000325,LOYAL,1771,27,27,0,0
cust_000326,RETURNING,175,6,4,2,1
cust_000327,RETURNING,467,5,5,0,0
cust_000328,LOYAL,240,30,26,4,3
cust_000329,RETURNING,177,5,5,0,0
cust_000330,NEW,7,1,0,1,0
cust_000331,LOYAL,1398,32,29,3,3
cust_000332,RETURNING,358,5,4,1,1
cust_000333,RETURNING,463,8,6,2,0
cust_000334,HIGH_VALUE,2821,32,27,5,3
cust_000335,RETURNING,414,7,1,6,1
cust_000336,RETURNING,385,7,7,0,0
cust_000337,RETURNING,252,7,5,2,1
cust_000338,RETURNING,135,8,6,2,0
cust_000339,NEW,39,0,0,0,0
cust_000340,LOYAL,981,29,26,3,1
cust_000341,LOYAL,797,32,28,4,1
cust_000342,RETURNING,295,5,5,0,0
cust_000343,RETURNING,52,7,5,2,2
cust_000344,LOYAL,235,24,23,1,1
cust_000345,NEW,41,1,1,0,0
cust_000346,RETURNING,261,8,4,4,2
cust_000347,RETURNING,194,6,6,0,0
cust_000348,LOYAL,1535,22,21,1,1
cust_000349,NEW,1,0,0,0,0
cust_000350,LOYAL,1489,24,22,2,0
cust_000351,RETURNING,200,7,5,2,0
cust_000352,RETURNING,497,8,8,0,0
cust_000353,NEW,46,0,0,0,0
cust_000354,RETURNING,399,11,9,2,2
cust_000355,RETURNING,390,8,6,2,1
cust_000356,RETURNING,333,4,4,0,0
cust_000357,NEW,44,0,0,0,0
cust_000358,RETURNING,295,9,8,1,1
cust_000359,RETURNING,42,7,6,1,0
cust_000360,NEW,17,3,2,1,0
cust_000361,HIGH_VALUE,2310,30,25,5,2
cust_000362,RETURNING,278,8,6,2,0
cust_000363,LOYAL,708,19,17,2,1
cust_000364,HIGH_VALUE,1649,44,39,5,2
cust_000365,NEW,1,3,2,1,1
cust_000366,RETURNING,423,7,6,1,0
cust_000367,LOYAL,627,23,16,7,3
cust_000368,RETURNING,472,3,2,1,1
cust_000369,RETURNING,130,7,6,1,1
cust_000370,RETURNING,255,7,7,0,0
cust_000371,NEW,60,1,1,0,0
cust_000372,RETURNING,94,7,5,2,0
cust_000373,HIGH_VALUE,2413,40,34,6,3
cust_000374,HIGH_VALUE,1534,36,35,1,0
cust_000375,NEW,27,1,1,0,0
cust_000376,LOYAL,496,19,15,4,0
cust_000377,RETURNING,443,7,7,0,0
cust_000378,LOYAL,406,23,23,0,0
cust_000379,NEW,59,0,0,0,0
cust_000380,HIGH_VALUE,2473,38,37,1,0
cust_000381,LOYAL,1071,25,21,4,2
cust_000382,NEW,0,1,1,0,0
cust_000383,NEW,32,0,0,0,0
cust_000384,LOYAL,1338,28,24,4,2
cust_000385,NEW,44,1,0,1,0
cust_000386,RETURNING,326,11,8,3,1
cust_000387,LOYAL,341,27,26,1,1
cust_000388,RETURNING,213,12,11,1,1
cust_000389,RETURNING,99,8,6,2,0
cust_000390,RETURNING,400,7,6,1,1
cust_000391,NEW,57,1,1,0,0
cust_000392,HIGH_VALUE,642,36,35,1,0
cust_000393,RETURNING,181,10,9,1,0
cust_000394,RETURNING,415,6,6,0,0
cust_000395,RETURNING,386,3,3,0,0
cust_000396,HIGH_VALUE,638,41,36,5,1
cust_000397,NEW,43,0,0,0,0
cust_000398,LOYAL,1011,24,23,1,1
cust_000399,LOYAL,226,30,29,1,1
cust_000400,LOYAL,377,19,17,2,0
cust_000401,HIGH_VALUE,2320,49,46,3,1
cust_000402,LOYAL,1766,24,21,3,1
cust_000403,HIGH_VALUE,2753,36,30,6,3
cust_000404,NEW,30,3,1,2,0
cust_000405,LOYAL,1564,28,26,2,2
cust_000406,RETURNING,265,8,3,5,2
cust_000407,RETURNING,289,4,4,0,0
cust_000408,LOYAL,374,29,23,6,4
cust_000409,HIGH_VALUE,645,45,38,7,3
cust_000410,LOYAL,200,22,19,3,0
cust_000411,RETURNING,209,8,8,0,0
cust_000412,RETURNING,462,5,5,0,0
cust_000413,RETURNING,390,7,5,2,1
cust_000414,RETURNING,358,8,5,3,3
cust_000415,RETURNING,361,8,6,2,1
cust_000416,NEW,37,2,2,0,0
cust_000417,NEW,37,1,1,0,0
cust_000418,LOYAL,442,29,28,1,0
cust_000419,RETURNING,345,6,5,1,0
cust_000420,HIGH_VALUE,1535,29,28,1,0
cust_000421,RETURNING,408,6,6,0,0
cust_000422,NEW,40,1,0,1,1
cust_000423,NEW,23,3,1,2,1
cust_000424,RETURNING,193,7,5,2,1
cust_000425,HIGH_VALUE,794,33,31,2,1
cust_000426,RETURNING,313,6,5,1,0
cust_000427,RETURNING,159,11,10,1,0
cust_000428,HIGH_VALUE,1026,43,36,7,3
cust_000429,HIGH_VALUE,1723,45,43,2,0
cust_000430,RETURNING,303,8,7,1,0
cust_000431,NEW,60,1,1,0,0
cust_000432,NEW,38,2,1,1,0
cust_000433,NEW,52,0,0,0,0
cust_000434,RETURNING,196,8,8,0,0
cust_000435,RETURNING,304,8,4,4,2
cust_000436,LOYAL,1583,25,25,0,0
cust_000437,RETURNING,319,5,4,1,1
cust_000438,RETURNING,79,6,6,0,0
cust_000439,RETURNING,499,11,10,1,1
cust_000440,LOYAL,1651,22,18,4,1
cust_000441,RETURNING,53,9,6,3,0
cust_000442,LOYAL,989,18,13,5,2
cust_000443,HIGH_VALUE,1735,32,31,1,1
cust_000444,RETURNING,297,6,6,0,0
cust_000445,NEW,27,0,0,0,0
cust_000446,RETURNING,447,6,6,0,0
cust_000447,RETURNING,484,6,6,0,0
cust_000448,HIGH_VALUE,1680,24,24,0,0
cust_000449,RETURNING,121,8,6,2,0
cust_000450,LOYAL,1448,25,22,3,2
cust_000451,RETURNING,336,3,3,0,0
cust_000452,RETURNING,349,11,11,0,0
cust_000453,RETURNING,297,14,13,1,0
cust_000454,RETURNING,141,6,4,2,1
cust_000455,LOYAL,1717,25,22,3,1
cust_000456,RETURNING,222,10,9,1,0
cust_000457,RETURNING,379,6,5,1,0
cust_000458,LOYAL,1731,34,33,1,1
cust_000459,NEW,38,2,2,0,0
cust_000460,HIGH_VALUE,2934,34,34,0,0
cust_000461,RETURNING,328,6,6,0,0
cust_000462,NEW,19,1,0,1,0
cust_000463,RETURNING,55,5,4,1,1
cust_000464,RETURNING,362,12,11,1,1
cust_000465,RETURNING,306,9,9,0,0
cust_000466,RETURNING,396,6,6,0,0
cust_000467,HIGH_VALUE,2263,29,28,1,1
cust_000468,RETURNING,312,8,8,0,0
cust_000469,RETURNING,163,10,6,4,2
cust_000470,RETURNING,85,5,4,1,1
cust_000471,NEW,9,1,1,0,0
cust_000472,RETURNING,40,10,10,0,0
cust_000473,RETURNING,73,6,5,1,0
cust_000474,RETURNING,279,8,8,0,0
cust_000475,NEW,30,1,0,1,0
cust_000476,HIGH_VALUE,2059,32,30,2,1
cust_000477,RETURNING,37,2,1,1,0
cust_000478,LOYAL,1743,34,30,4,2
cust_000479,RETURNING,233,11,10,1,1
cust_000480,NEW,46,1,0,1,0
cust_000481,LOYAL,829,15,11,4,3
cust_000482,RETURNING,150,5,4,1,1
cust_000483,LOYAL,1005,27,27,0,0
cust_000484,RETURNING,297,11,9,2,1
cust_000485,RETURNING,340,3,3,0,0
cust_000486,LOYAL,890,20,19,1,0
cust_000487,RETURNING,299,7,6,1,0
cust_000488,RETURNING,124,9,8,1,0
cust_000489,LOYAL,301,24,17,7,3
cust_000490,LOYAL,430,24,23,1,1
cust_000491,HIGH_VALUE,841,38,37,1,1
cust_000492,RETURNING,181,5,5,0,0
cust_000493,RETURNING,242,7,5,2,0
cust_000494,LOYAL,248,21,17,4,2
cust_000495,RETURNING,334,13,12,1,1
cust_000496,LOYAL,1301,16,13,3,1
cust_000497,RETURNING,294,10,9,1,1
cust_000498,RETURNING,137,3,3,0,0
cust_000499,LOYAL,488,30,27,3,2
cust_000500,NEW,22,1,1,0,0
cust_000501,RETURNING,437,6,6,0,0
cust_000502,RETURNING,296,9,8,1,0
cust_000503,LOYAL,310,28,25,3,2
cust_000504,LOYAL,1258,30,27,3,1
cust_000505,RETURNING,299,4,4,0,0
cust_000506,NEW,20,1,1,0,0
cust_000507,HIGH_VALUE,2035,33,33,0,0
cust_000508,NEW,12,1,0,1,0
cust_000509,RETURNING,288,6,5,1,1
cust_000510,RETURNING,463,8,6,2,0
cust_000511,RETURNING,35,8,8,0,0
cust_000512,LOYAL,1758,22,20,2,1
cust_000513,LOYAL,1040,23,23,0,0
cust_000514,LOYAL,1328,31,30,1,0
cust_000515,NEW,8,0,0,0,0
cust_000516,RETURNING,303,8,5,3,1
cust_000517,RETURNING,432,9,7,2,2
cust_000518,NEW,47,0,0,0,0
cust_000519,RETURNING,241,5,5,0,0
cust_000520,RETURNING,52,6,4,2,1
cust_000521,NEW,36,2,1,1,0
cust_000522,RETURNING,66,2,2,0,0
cust_000523,LOYAL,215,22,22,0,0
cust_000524,NEW,54,1,1,0,0
cust_000525,RETURNING,384,6,6,0,0
cust_000526,LOYAL,852,34,33,1,0
cust_000527,LOYAL,1695,23,21,2,1
cust_000528,LOYAL,431,30,30,0,0
cust_000529,RETURNING,308,11,8,3,1
cust_000530,LOYAL,1378,16,14,2,1
cust_000531,RETURNING,413,4,4,0,0
cust_000532,RETURNING,40,9,8,1,1
cust_000533,NEW,49,1,1,0,0
cust_000534,RETURNING,220,6,4,2,1
cust_000535,RETURNING,135,4,3,1,0
cust_000536,RETURNING,285,6,5,1,0
cust_000537,LOYAL,733,28,27,1,0
cust_000538,RETURNING,302,5,5,0,0
cust_000539,RETURNING,333,6,5,1,0
cust_000540,NEW,18,0,0,0,0
cust_000541,RETURNING,200,8,5,3,0
cust_000542,RETURNING,246,9,8,1,0
cust_000543,RETURNING,480,7,6,1,0
cust_000544,RETURNING,384,6,6,0,0
cust_000545,LOYAL,1102,16,14,2,2
cust_000546,HIGH_VALUE,1200,32,32,0,0
cust_000547,RETURNING,41,1,0,1,0
cust_000548,RETURNING,141,6,6,0,0
cust_000549,LOYAL,1202,19,14,5,3
cust_000550,HIGH_VALUE,2310,46,42,4,0
cust_000551,RETURNING,245,5,5,0,0
cust_000552,LOYAL,1282,27,26,1,0
cust_000553,LOYAL,273,31,30,1,1
cust_000554,LOYAL,1501,24,17,7,4
cust_000555,RETURNING,420,6,5,1,1
cust_000556,NEW,34,0,0,0,0
cust_000557,NEW,52,0,0,0,0
cust_000558,RETURNING,94,5,5,0,0
cust_000559,RETURNING,132,10,9,1,0
cust_000560,RETURNING,47,5,5,0,0
cust_000561,RETURNING,414,7,5,2,0
cust_000562,RETURNING,431,13,12,1,0
cust_000563,LOYAL,213,29,28,1,1
cust_000564,NEW,39,0,0,0,0
cust_000565,RETURNING,147,13,10,3,1
cust_000566,LOYAL,1180,27,27,0,0
cust_000567,LOYAL,1461,23,18,5,1
cust_000568,HIGH_VALUE,2173,52,48,4,3
cust_000569,LOYAL,1703,23,22,1,1
cust_000570,LOYAL,1017,35,33,2,1
cust_000571,RETURNING,377,11,10,1,0
cust_000572,RETURNING,153,8,6,2,0
cust_000573,RETURNING,89,4,4,0,0
cust_000574,RETURNING,288,5,5,0,0
cust_000575,HIGH_VALUE,871,43,41,2,0
cust_000576,RETURNING,218,2,1,1,0
cust_000577,RETURNING,168,5,4,1,0
cust_000578,RETURNING,445,8,4,4,2
cust_000579,NEW,48,1,1,0,0
cust_000580,RETURNING,368,3,3,0,0
cust_000581,NEW,28,0,0,0,0
cust_000582,HIGH_VALUE,957,41,40,1,1
cust_000583,RETURNING,237,6,5,1,0
cust_000584,LOYAL,1335,18,12,6,1
cust_000585,LOYAL,1592,26,23,3,3
cust_000586,RETURNING,463,11,11,0,0
cust_000587,NEW,11,2,1,1,0
cust_000588,LOYAL,401,29,28,1,0
cust_000589,RETURNING,380,8,6,2,2
cust_000590,LOYAL,1413,19,15,4,3
cust_000591,NEW,0,1,0,1,0
cust_000592,LOYAL,1446,26,26,0,0
cust_000593,LOYAL,1115,22,15,7,3
cust_000594,RETURNING,107,8,6,2,2
cust_000595,RETURNING,141,10,9,1,0
cust_000596,HIGH_VALUE,872,37,36,1,0
cust_000597,RETURNING,186,7,5,2,1
cust_000598,RETURNING,350,9,8,1,0
cust_000599,RETURNING,499,9,8,1,0
cust_000600,RETURNING,71,3,3,0,0
cust_000601,LOYAL,926,22,19,3,1
cust_000602,LOYAL,1224,20,20,0,0
cust_000603,RETURNING,96,7,6,1,0
cust_000604,LOYAL,697,26,24,2,1
cust_000605,RETURNING,268,4,4,0,0
cust_000606,NEW,47,2,0,2,1
cust_000607,RETURNING,54,8,7,1,1
cust_000608,HIGH_VALUE,1688,40,39,1,0
cust_000609,NEW,0,0,0,0,0
cust_000610,RETURNING,102,7,7,0,0
cust_000611,RETURNING,389,8,7,1,0
cust_000612,LOYAL,418,28,26,2,0
cust_000613,NEW,58,2,2,0,0
cust_000614,RETURNING,104,6,5,1,0
cust_000615,LOYAL,1117,21,19,2,0
cust_000616,RETURNING,314,8,7,1,1
cust_000617,RETURNING,336,7,4,3,1
cust_000618,RETURNING,175,9,7,2,0
cust_000619,RETURNING,355,9,9,0,0
cust_000620,RETURNING,146,12,7,5,2
cust_000621,LOYAL,1235,24,20,4,1
cust_000622,RETURNING,237,4,3,1,0
cust_000623,LOYAL,1437,22,20,2,0
cust_000624,HIGH_VALUE,1446,33,33,0,0
cust_000625,RETURNING,69,7,6,1,0
cust_000626,RETURNING,203,7,6,1,0
cust_000627,LOYAL,1356,29,26,3,2
cust_000628,RETURNING,483,9,8,1,0
cust_000629,LOYAL,1306,16,15,1,0
cust_000630,LOYAL,1238,30,23,7,2
cust_000631,NEW,6,2,2,0,0
cust_000632,RETURNING,459,8,4,4,2
cust_000633,RETURNING,103,5,4,1,0
cust_000634,RETURNING,30,4,2,2,0
cust_000635,RETURNING,129,8,8,0,0
cust_000636,RETURNING,132,5,4,1,0
cust_000637,LOYAL,295,22,21,1,1
cust_000638,LOYAL,1327,21,20,1,1
cust_000639,LOYAL,865,23,23,0,0
cust_000640,RETURNING,372,5,0,5,1
cust_000641,RETURNING,424,8,7,1,0
cust_000642,RETURNING,333,4,4,0,0
cust_000643,NEW,25,0,0,0,0
cust_000644,HIGH_VALUE,2580,33,31,2,1
cust_000645,RETURNING,185,8,7,1,0
cust_000646,RETURNING,222,4,3,1,0
cust_000647,LOYAL,1199,25,24,1,1
cust_000648,RETURNING,399,1,0,1,0
cust_000649,NEW,28,3,3,0,0
cust_000650,NEW,23,1,1,0,0
cust_000651,RETURNING,221,12,11,1,0
cust_000652,LOYAL,323,24,24,0,0
cust_000653,RETURNING,471,8,8,0,0
cust_000654,LOYAL,1659,22,21,1,0
cust_000655,LOYAL,1191,25,23,2,0
cust_000656,LOYAL,1655,27,27,0,0
cust_000657,RETURNING,296,6,5,1,0
cust_000658,NEW,2,0,0,0,0
cust_000659,LOYAL,455,22,20,2,1
cust_000660,RETURNING,336,4,3,1,0
cust_000661,RETURNING,151,7,4,3,1
cust_000662,LOYAL,544,27,27,0,0
cust_000663,NEW,8,1,0,1,0
cust_000664,LOYAL,229,23,23,0,0
cust_000665,HIGH_VALUE,1465,34,33,1,0
cust_000666,LOYAL,517,19,18,1,0
cust_000667,RETURNING,325,11,11,0,0
cust_000668,LOYAL,964,20,17,3,2
cust_000669,RETURNING,163,9,9,0,0
cust_000670,LOYAL,273,29,28,1,0
cust_000671,LOYAL,1187,25,23,2,1
cust_000672,LOYAL,439,35,32,3,3
cust_000673,RETURNING,117,5,5,0,0
cust_000674,NEW,47,1,1,0,0
cust_000675,RETURNING,267,6,6,0,0
cust_000676,RETURNING,412,8,4,4,2
cust_000677,RETURNING,375,10,8,2,0
cust_000678,RETURNING,411,6,5,1,1
cust_000679,RETURNING,215,4,3,1,0
cust_000680,LOYAL,514,25,24,1,1
cust_000681,LOYAL,1495,26,23,3,1
cust_000682,RETURNING,47,8,8,0,0
cust_000683,LOYAL,1026,22,19,3,2
cust_000684,LOYAL,1445,26,26,0,0
cust_000685,RETURNING,267,9,8,1,1
cust_000686,RETURNING,124,8,8,0,0
cust_000687,LOYAL,854,21,18,3,1
cust_000688,HIGH_VALUE,2972,36,34,2,2
cust_000689,LOYAL,1386,34,33,1,1
cust_000690,LOYAL,1788,36,34,2,0
cust_000691,HIGH_VALUE,1536,43,41,2,0
cust_000692,RETURNING,138,7,6,1,0
cust_000693,RETURNING,348,8,8,0,0
cust_000694,RETURNING,49,8,7,1,0
cust_000695,HIGH_VALUE,2133,33,25,8,1
cust_000696,NEW,25,2,1,1,0
cust_000697,RETURNING,138,8,6,2,1
cust_000698,LOYAL,324,20,16,4,1
cust_000699,RETURNING,346,4,3,1,0
cust_000700,LOYAL,1341,21,17,4,1
cust_000701,RETURNING,375,12,8,4,1
cust_000702,HIGH_VALUE,2272,39,38,1,1
cust_000703,LOYAL,721,28,24,4,3
cust_000704,RETURNING,317,6,6,0,0
cust_000705,LOYAL,1756,27,25,2,0
cust_000706,RETURNING,139,7,7,0,0
cust_000707,RETURNING,132,7,7,0,0
cust_000708,RETURNING,73,8,7,1,0
cust_000709,LOYAL,1102,28,28,0,0
cust_000710,NEW,14,0,0,0,0
cust_000711,RETURNING,86,6,6,0,0
cust_000712,LOYAL,1699,26,26,0,0
cust_000713,RETURNING,245,8,7,1,0
cust_000714,RETURNING,450,8,5,3,2
cust_000715,NEW,0,0,0,0,0
cust_000716,RETURNING,443,7,6,1,0
cust_000717,LOYAL,559,22,22,0,0
cust_000718,NEW,38,0,0,0,0
cust_000719,RETURNING,167,10,10,0,0
cust_000720,HIGH_VALUE,1349,38,37,1,1
cust_000721,NEW,53,3,0,3,3
cust_000722,LOYAL,225,24,23,1,1
cust_000723,RETURNING,241,2,2,0,0
cust_000724,LOYAL,368,15,14,1,0
cust_000725,LOYAL,415,17,16,1,0
cust_000726,LOYAL,533,19,19,0,0
cust_000727,RETURNING,243,6,6,0,0
cust_000728,RETURNING,235,4,2,2,1
cust_000729,LOYAL,382,26,23,3,2
cust_000730,RETURNING,257,3,3,0,0
cust_000731,RETURNING,57,9,8,1,0
cust_000732,NEW,12,1,0,1,0
cust_000733,HIGH_VALUE,834,42,40,2,1
cust_000734,LOYAL,1757,18,15,3,2
cust_000735,RETURNING,319,3,3,0,0
cust_000736,LOYAL,946,17,14,3,2
cust_000737,RETURNING,153,8,8,0,0
cust_000738,RETURNING,397,8,6,2,1
cust_000739,RETURNING,312,5,5,0,0
cust_000740,RETURNING,47,5,4,1,0
cust_000741,RETURNING,477,9,7,2,1
cust_000742,LOYAL,1013,22,21,1,1
cust_000743,LOYAL,1062,27,25,2,0
cust_000744,RETURNING,226,6,4,2,0
cust_000745,RETURNING,379,8,7,1,0
cust_000746,NEW,1,0,0,0,0
cust_000747,HIGH_VALUE,2720,33,30,3,2
cust_000748,LOYAL,1274,23,22,1,0
cust_000749,LOYAL,1101,23,18,5,4
cust_000750,RETURNING,451,5,5,0,0
cust_000751,NEW,36,0,0,0,0
cust_000752,RETURNING,340,6,5,1,0
cust_000753,NEW,58,0,0,0,0
cust_000754,NEW,51,1,1,0,0
cust_000755,NEW,59,2,1,1,1
cust_000756,HIGH_VALUE,1495,33,31,2,1
cust_000757,NEW,20,2,2,0,0
cust_000758,NEW,60,0,0,0,0
cust_000759,LOYAL,946,25,25,0,0
cust_000760,RETURNING,172,4,2,2,2
cust_000761,LOYAL,1054,25,25,0,0
cust_000762,RETURNING,91,4,4,0,0
cust_000763,LOYAL,1695,25,23,2,2
cust_000764,RETURNING,248,13,8,5,0
cust_000765,RETURNING,118,6,4,2,1
cust_000766,LOYAL,962,25,24,1,0
cust_000767,RETURNING,347,9,8,1,0
cust_000768,RETURNING,224,2,1,1,0
cust_000769,RETURNING,31,9,9,0,0
cust_000770,NEW,55,0,0,0,0
cust_000771,LOYAL,945,32,27,5,2
cust_000772,RETURNING,227,7,4,3,1
cust_000773,NEW,29,0,0,0,0
cust_000774,RETURNING,71,7,6,1,0
cust_000775,LOYAL,1520,25,20,5,2
cust_000776,RETURNING,431,7,6,1,0
cust_000777,LOYAL,207,27,27,0,0
cust_000778,LOYAL,1083,29,25,4,2
cust_000779,NEW,0,0,0,0,0
cust_000780,LOYAL,820,17,14,3,2
cust_000781,RETURNING,60,6,4,2,0
cust_000782,RETURNING,467,5,5,0,0
cust_000783,LOYAL,859,28,27,1,0
cust_000784,LOYAL,785,18,17,1,0
cust_000785,RETURNING,421,9,9,0,0
cust_000786,RETURNING,283,10,9,1,0
cust_000787,RETURNING,106,7,7,0,0
cust_000788,RETURNING,286,7,5,2,1
cust_000789,RETURNING,145,11,9,2,2
cust_000790,RETURNING,430,7,6,1,1
cust_000791,RETURNING,385,11,9,2,0
cust_000792,NEW,10,1,1,0,0
cust_000793,LOYAL,915,31,29,2,1
cust_000794,LOYAL,1683,25,24,1,1
cust_000795,LOYAL,1522,22,18,4,3
cust_000796,NEW,7,0,0,0,0
cust_000797,RETURNING,319,7,6,1,0
cust_000798,RETURNING,437,15,14,1,0
cust_000799,NEW,56,0,0,0,0
cust_000800,RETURNING,408,8,7,1,0
cust_000801,RETURNING,194,5,5,0,0
cust_000802,LOYAL,1661,26,26,0,0
cust_000803,RETURNING,47,7,6,1,1
cust_000804,LOYAL,1600,23,23,0,0
cust_000805,RETURNING,30,14,11,3,1
cust_000806,LOYAL,1415,33,33,0,0
cust_000807,RETURNING,218,4,3,1,0
cust_000808,RETURNING,151,2,2,0,0
cust_000809,RETURNING,308,8,7,1,1
cust_000810,LOYAL,1363,26,23,3,1
cust_000811,RETURNING,48,7,6,1,0
cust_000812,RETURNING,254,4,3,1,0
cust_000813,RETURNING,472,4,3,1,1
cust_000814,LOYAL,1075,24,20,4,1
cust_000815,NEW,55,2,2,0,0
cust_000816,RETURNING,188,8,8,0,0
cust_000817,RETURNING,157,6,5,1,0
cust_000818,LOYAL,1256,25,18,7,1
cust_000819,RETURNING,197,5,3,2,0
cust_000820,RETURNING,437,13,9,4,3
cust_000821,HIGH_VALUE,1400,41,39,2,1
cust_000822,RETURNING,412,8,8,0,0
cust_000823,RETURNING,413,11,7,4,2
cust_000824,RETURNING,460,7,6,1,0
cust_000825,NEW,9,0,0,0,0
cust_000826,NEW,32,1,1,0,0
cust_000827,RETURNING,58,9,9,0,0
cust_000828,LOYAL,418,22,20,2,1
cust_000829,LOYAL,871,26,23,3,2
cust_000830,NEW,20,0,0,0,0
cust_000831,RETURNING,441,7,7,0,0
cust_000832,NEW,59,2,2,0,0
cust_000833,HIGH_VALUE,644,34,34,0,0
cust_000834,NEW,29,0,0,0,0
cust_000835,RETURNING,313,5,5,0,0
cust_000836,RETURNING,209,7,6,1,0
cust_000837,RETURNING,351,14,11,3,1
cust_000838,RETURNING,489,7,6,1,0
cust_000839,LOYAL,1403,19,19,0,0
cust_000840,RETURNING,189,7,7,0,0
cust_000841,LOYAL,718,31,28,3,3
cust_000842,RETURNING,457,8,6,2,1
cust_000843,LOYAL,1446,30,30,0,0
cust_000844,LOYAL,644,33,32,1,0
cust_000845,HIGH_VALUE,1340,41,41,0,0
cust_000846,RETURNING,47,7,6,1,0
cust_000847,RETURNING,409,3,2,1,0
cust_000848,RETURNING,435,9,7,2,1
cust_000849,RETURNING,190,5,5,0,0
cust_000850,RETURNING,389,10,8,2,1
cust_000851,HIGH_VALUE,2025,28,26,2,1
cust_000852,HIGH_VALUE,1260,37,35,2,1
cust_000853,RETURNING,111,10,9,1,0
cust_000854,RETURNING,319,4,4,0,0
cust_000855,LOYAL,866,28,23,5,2
cust_000856,HIGH_VALUE,2338,47,45,2,1
cust_000857,RETURNING,198,11,9,2,0
cust_000858,RETURNING,131,7,7,0,0
cust_000859,LOYAL,1439,11,9,2,1
cust_000860,RETURNING,43,9,8,1,0
cust_000861,RETURNING,455,8,8,0,0
cust_000862,HIGH_VALUE,2864,34,31,3,1
cust_000863,HIGH_VALUE,1862,38,32,6,1
cust_000864,LOYAL,1131,19,16,3,1
cust_000865,LOYAL,507,25,25,0,0
cust_000866,RETURNING,284,4,4,0,0
cust_000867,RETURNING,260,3,3,0,0
cust_000868,RETURNING,91,5,2,3,2
cust_000869,RETURNING,234,5,4,1,1
cust_000870,RETURNING,292,7,6,1,0
cust_000871,RETURNING,493,7,6,1,1
cust_000872,RETURNING,154,10,5,5,1
cust_000873,LOYAL,1744,20,17,3,1
cust_000874,RETURNING,149,3,1,2,1
cust_000875,RETURNING,144,10,8,2,1
cust_000876,NEW,53,3,3,0,0
cust_000877,RETURNING,100,7,4,3,2
cust_000878,LOYAL,1053,17,14,3,1
cust_000879,RETURNING,83,9,5,4,0
cust_000880,RETURNING,412,9,9,0,0
cust_000881,LOYAL,1799,18,16,2,0
cust_000882,RETURNING,55,10,10,0,0
cust_000883,NEW,9,0,0,0,0
cust_000884,RETURNING,373,5,4,1,0
cust_000885,NEW,15,2,1,1,1
cust_000886,RETURNING,114,7,5,2,1
cust_000887,RETURNING,320,9,8,1,0
cust_000888,NEW,12,1,1,0,0
cust_000889,NEW,49,1,0,1,0
cust_000890,RETURNING,450,5,4,1,1
cust_000891,NEW,28,0,0,0,0
cust_000892,LOYAL,1502,24,22,2,2
cust_000893,NEW,4,2,1,1,0
cust_000894,RETURNING,467,9,7,2,1
cust_000895,RETURNING,438,9,6,3,2
cust_000896,RETURNING,363,6,6,0,0
cust_000897,NEW,2,1,1,0,0
cust_000898,LOYAL,1775,18,15,3,2
cust_000899,LOYAL,1495,33,32,1,0
cust_000900,NEW,3,0,0,0,0
cust_000901,NEW,8,1,0,1,0
cust_000902,LOYAL,1364,26,20,6,3
cust_000903,RETURNING,78,9,8,1,0
cust_000904,NEW,34,1,1,0,0
cust_000905,RETURNING,161,4,2,2,0
cust_000906,RETURNING,64,7,6,1,0
cust_000907,LOYAL,492,28,22,6,4
cust_000908,RETURNING,78,10,10,0,0
cust_000909,HIGH_VALUE,2520,30,30,0,0
cust_000910,RETURNING,485,12,11,1,1
cust_000911,RETURNING,229,7,4,3,3
cust_000912,RETURNING,144,15,9,6,3
cust_000913,RETURNING,265,5,2,3,2
cust_000914,RETURNING,485,11,9,2,2
cust_000915,NEW,32,0,0,0,0
cust_000916,RETURNING,350,8,8,0,0
cust_000917,LOYAL,312,18,14,4,2
cust_000918,NEW,14,3,2,1,0
cust_000919,RETURNING,236,10,10,0,0
cust_000920,RETURNING,210,7,6,1,0
cust_000921,RETURNING,114,7,7,0,0
cust_000922,LOYAL,969,17,15,2,1
cust_000923,LOYAL,1686,16,12,4,2
cust_000924,LOYAL,432,28,27,1,1
cust_000925,NEW,57,1,0,1,1
cust_000926,RETURNING,65,3,3,0,0
cust_000927,RETURNING,341,4,4,0,0
cust_000928,RETURNING,138,6,4,2,1
cust_000929,NEW,17,2,2,0,0
cust_000930,RETURNING,435,9,6,3,2
cust_000931,RETURNING,332,8,7,1,0
cust_000932,RETURNING,357,6,6,0,0
cust_000933,NEW,21,0,0,0,0
cust_000934,LOYAL,415,26,22,4,3
cust_000935,LOYAL,1382,23,18,5,2
cust_000936,RETURNING,145,10,9,1,1
cust_000937,LOYAL,725,33,30,3,2
cust_000938,NEW,57,1,0,1,0
cust_000939,LOYAL,389,22,19,3,0
cust_000940,HIGH_VALUE,2283,36,35,1,0
cust_000941,NEW,33,1,1,0,0
cust_000942,LOYAL,254,34,29,5,1
cust_000943,HIGH_VALUE,2175,30,30,0,0
cust_000944,LOYAL,415,24,23,1,0
cust_000945,HIGH_VALUE,2353,41,40,1,0
cust_000946,RETURNING,434,10,7,3,1
cust_000947,NEW,52,1,1,0,0
cust_000948,LOYAL,219,17,14,3,1
cust_000949,RETURNING,398,8,6,2,0
cust_000950,RETURNING,440,5,5,0,0
cust_000951,RETURNING,97,7,2,5,1
cust_000952,RETURNING,351,9,9,0,0
cust_000953,NEW,57,0,0,0,0
cust_000954,LOYAL,203,32,31,1,0
cust_000955,NEW,6,0,0,0,0
cust_000956,LOYAL,673,28,26,2,0
cust_000957,LOYAL,631,29,26,3,3
cust_000958,RETURNING,456,6,4,2,0
cust_000959,RETURNING,406,2,1,1,0
cust_000960,RETURNING,242,9,9,0,0
cust_000961,HIGH_VALUE,2869,45,44,1,1
cust_000962,LOYAL,1278,33,31,2,1
cust_000963,RETURNING,485,9,8,1,1
cust_000964,NEW,50,0,0,0,0
cust_000965,RETURNING,411,7,7,0,0
cust_000966,RETURNING,175,8,6,2,1
cust_000967,HIGH_VALUE,986,40,37,3,2
cust_000968,LOYAL,180,28,26,2,0
cust_000969,RETURNING,342,6,6,0,0
cust_000970,LOYAL,241,15,15,0,0
cust_000971,RETURNING,177,10,8,2,1
cust_000972,LOYAL,338,26,23,3,0
cust_000973,RETURNING,54,8,4,4,1
cust_000974,RETURNING,423,8,6,2,0
cust_000975,LOYAL,450,20,19,1,0
cust_000976,RETURNING,137,9,7,2,2
cust_000977,LOYAL,1234,22,21,1,0
cust_000978,HIGH_VALUE,2228,36,35,1,0
cust_000979,NEW,56,0,0,0,0
cust_000980,NEW,50,1,0,1,1
cust_000981,LOYAL,1252,27,27,0,0
cust_000982,RETURNING,64,10,9,1,0
cust_000983,NEW,39,0,0,0,0
cust_000984,RETURNING,304,4,3,1,0
cust_000985,LOYAL,1374,17,14,3,2
cust_000986,RETURNING,492,13,12,1,0
cust_000987,RETURNING,81,6,6,0,0
cust_000988,LOYAL,883,21,19,2,1
cust_000989,RETURNING,58,8,6,2,0
cust_000990,LOYAL,364,25,24,1,1
cust_000991,RETURNING,421,6,6,0,0
cust_000992,HIGH_VALUE,1424,31,27,4,2
cust_000993,RETURNING,134,7,7,0,0
cust_000994,NEW,47,2,2,0,0
cust_000995,LOYAL,776,23,22,1,1
cust_000996,RETURNING,125,6,4,2,1
cust_000997,NEW,17,2,2,0,0
cust_000998,NEW,49,1,1,0,0
cust_000999,LOYAL,1745,24,22,2,1
cust_001000,NEW,22,2,2,0,0
cust_001001,RETURNING,436,3,3,0,0
cust_001002,NEW,22,0,0,0,0
cust_001003,RETURNING,475,8,8,0,0
cust_001004,RETURNING,227,11,8,3,1
cust_001005,RETURNING,191,7,5,2,1
cust_001006,RETURNING,431,5,5,0,0
cust_001007,NEW,40,0,0,0,0
cust_001008,RETURNING,142,7,5,2,1
cust_001009,RETURNING,397,13,9,4,1
cust_001010,RETURNING,148,12,10,2,1
cust_001011,NEW,18,5,1,4,1
cust_001012,NEW,20,0,0,0,0
cust_001013,RETURNING,341,11,9,2,0
cust_001014,RETURNING,103,5,3,2,1
cust_001015,RETURNING,348,9,6,3,1
cust_001016,LOYAL,607,21,21,0,0
cust_001017,RETURNING,344,9,8,1,1
cust_001018,RETURNING,234,9,7,2,1
cust_001019,RETURNING,417,9,7,2,0
cust_001020,NEW,37,2,2,0,0
cust_001021,RETURNING,285,3,3,0,0
cust_001022,RETURNING,484,6,5,1,1
cust_001023,RETURNING,197,8,7,1,0
cust_001024,NEW,33,1,1,0,0
cust_001025,LOYAL,706,22,22,0,0
cust_001026,HIGH_VALUE,1713,31,28,3,1
cust_001027,NEW,59,1,1,0,0
cust_001028,RETURNING,408,7,6,1,1
cust_001029,LOYAL,1101,25,22,3,1
cust_001030,RETURNING,394,5,3,2,0
cust_001031,LOYAL,1296,20,17,3,3
cust_001032,RETURNING,119,9,7,2,0
cust_001033,LOYAL,1261,29,28,1,0
cust_001034,HIGH_VALUE,2312,43,43,0,0
cust_001035,NEW,7,1,1,0,0
cust_001036,RETURNING,323,9,8,1,0
cust_001037,RETURNING,90,7,7,0,0
cust_001038,NEW,36,1,1,0,0
cust_001039,RETURNING,232,6,6,0,0
cust_001040,HIGH_VALUE,1873,47,46,1,1
cust_001041,NEW,28,1,1,0,0
cust_001042,RETURNING,411,8,8,0,0
cust_001043,LOYAL,631,19,18,1,0
cust_001044,RETURNING,293,1,1,0,0
cust_001045,RETURNING,69,7,6,1,1
cust_001046,HIGH_VALUE,2243,36,36,0,0
cust_001047,RETURNING,100,5,4,1,0
cust_001048,NEW,34,0,0,0,0
cust_001049,NEW,0,0,0,0,0
cust_001050,HIGH_VALUE,1053,37,36,1,0
cust_001051,RETURNING,194,6,6,0,0
cust_001052,RETURNING,398,9,7,2,1
cust_001053,NEW,4,1,0,1,1
cust_001054,RETURNING,166,11,9,2,2
cust_001055,HIGH_VALUE,1961,30,27,3,1
cust_001056,RETURNING,55,6,3,3,0
cust_001057,HIGH_VALUE,847,30,27,3,1
cust_001058,RETURNING,300,2,2,0,0
cust_001059,RETURNING,436,9,8,1,1
cust_001060,LOYAL,575,31,31,0,0
cust_001061,RETURNING,221,6,5,1,0
cust_001062,RETURNING,366,6,4,2,1
cust_001063,LOYAL,1638,24,23,1,0
cust_001064,RETURNING,377,9,7,2,1
cust_001065,RETURNING,298,4,3,1,1
cust_001066,HIGH_VALUE,2890,37,35,2,1
cust_001067,RETURNING,88,7,6,1,0
cust_001068,RETURNING,109,7,6,1,0
cust_001069,NEW,39,2,2,0,0
cust_001070,RETURNING,442,3,3,0,0
cust_001071,RETURNING,243,10,10,0,0
cust_001072,LOYAL,847,23,21,2,1
cust_001073,RETURNING,285,8,7,1,1
cust_001074,LOYAL,1428,15,15,0,0
cust_001075,RETURNING,365,6,4,2,1
cust_001076,RETURNING,297,6,5,1,0
cust_001077,RETURNING,88,5,5,0,0
cust_001078,LOYAL,1158,21,20,1,0
cust_001079,RETURNING,430,6,5,1,0
cust_001080,RETURNING,378,6,4,2,2
cust_001081,LOYAL,213,26,18,8,5
cust_001082,RETURNING,58,4,4,0,0
cust_001083,RETURNING,133,7,6,1,1
cust_001084,LOYAL,1168,26,26,0,0
cust_001085,RETURNING,304,7,7,0,0
cust_001086,NEW,59,2,1,1,0
cust_001087,RETURNING,112,7,6,1,0
cust_001088,NEW,56,0,0,0,0
cust_001089,RETURNING,238,3,2,1,1
cust_001090,LOYAL,1090,22,21,1,1
cust_001091,NEW,24,0,0,0,0
cust_001092,LOYAL,1359,27,25,2,0
cust_001093,HIGH_VALUE,918,43,40,3,1
cust_001094,RETURNING,450,4,2,2,1
cust_001095,LOYAL,1018,25,25,0,0
cust_001096,LOYAL,420,17,16,1,1
cust_001097,HIGH_VALUE,753,42,39,3,1
cust_001098,RETURNING,44,12,11,1,0
cust_001099,NEW,6,0,0,0,0
cust_001100,RETURNING,56,4,2,2,0
cust_001101,RETURNING,363,7,6,1,0
cust_001102,NEW,4,2,2,0,0
cust_001103,RETURNING,320,4,4,0,0
cust_001104,NEW,48,1,0,1,1
cust_001105,LOYAL,586,21,19,2,1
cust_001106,RETURNING,250,7,7,0,0
cust_001107,NEW,17,1,1,0,0
cust_001108,NEW,40,1,0,1,0
cust_001109,RETURNING,173,9,9,0,0
cust_001110,RETURNING,308,9,5,4,1
cust_001111,NEW,21,1,1,0,0
cust_001112,RETURNING,500,12,11,1,1
cust_001113,RETURNING,246,4,4,0,0
cust_001114,RETURNING,111,10,8,2,1
cust_001115,RETURNING,39,9,8,1,0
cust_001116,RETURNING,480,4,4,0,0
cust_001117,RETURNING,310,9,9,0,0
cust_001118,NEW,53,1,1,0,0
cust_001119,NEW,6,1,0,1,0
cust_001120,RETURNING,494,5,2,3,1
cust_001121,LOYAL,458,32,28,4,0
cust_001122,HIGH_VALUE,706,28,28,0,0
cust_001123,LOYAL,482,29,23,6,4
cust_001124,RETURNING,433,8,7,1,1
cust_001125,RETURNING,150,9,9,0,0
cust_001126,RETURNING,310,7,6,1,0
cust_001127,LOYAL,923,25,22,3,0
cust_001128,LOYAL,800,24,24,0,0
cust_001129,LOYAL,489,18,17,1,1
cust_001130,LOYAL,478,24,22,2,0
cust_001131,RETURNING,124,3,2,1,1
cust_001132,LOYAL,1397,22,20,2,0
cust_001133,LOYAL,1084,24,21,3,3
cust_001134,RETURNING,326,8,6,2,1
cust_001135,LOYAL,603,25,23,2,0
cust_001136,NEW,52,2,2,0,0
cust_001137,HIGH_VALUE,2126,39,37,2,2
cust_001138,LOYAL,1602,27,26,1,1
cust_001139,NEW,10,1,1,0,0
cust_001140,RETURNING,131,4,3,1,0
cust_001141,NEW,20,0,0,0,0
cust_001142,LOYAL,440,23,18,5,2
cust_001143,LOYAL,394,24,19,5,3
cust_001144,RETURNING,123,10,9,1,0
cust_001145,LOYAL,1133,17,14,3,2
cust_001146,NEW,38,0,0,0,0
cust_001147,RETURNING,264,5,5,0,0
cust_001148,RETURNING,169,8,5,3,1
cust_001149,NEW,57,2,1,1,1
cust_001150,RETURNING,312,13,12,1,1
cust_001151,RETURNING,307,8,7,1,0
cust_001152,RETURNING,93,6,5,1,0
cust_001153,RETURNING,103,8,6,2,0
cust_001154,LOYAL,1600,24,23,1,1
cust_001155,RETURNING,453,4,4,0,0
cust_001156,LOYAL,1054,27,25,2,0
cust_001157,RETURNING,302,9,7,2,2
cust_001158,RETURNING,241,6,4,2,0
cust_001159,RETURNING,196,9,7,2,0
cust_001160,RETURNING,47,14,13,1,0
cust_001161,RETURNING,237,5,5,0,0
cust_001162,RETURNING,500,6,5,1,1
cust_001163,NEW,32,1,1,0,0
cust_001164,RETURNING,171,7,5,2,1
cust_001165,RETURNING,281,4,4,0,0
cust_001166,RETURNING,165,6,4,2,0
cust_001167,LOYAL,1777,15,15,0,0
cust_001168,RETURNING,291,4,3,1,1
cust_001169,HIGH_VALUE,734,31,28,3,1
cust_001170,LOYAL,362,16,11,5,2
cust_001171,HIGH_VALUE,1527,37,33,4,1
cust_001172,LOYAL,1252,29,28,1,0
cust_001173,NEW,26,1,0,1,0
cust_001174,RETURNING,147,3,2,1,0
cust_001175,NEW,26,2,2,0,0
cust_001176,LOYAL,1305,31,28,3,1
cust_001177,RETURNING,127,6,5,1,1
cust_001178,RETURNING,257,6,4,2,0
cust_001179,LOYAL,556,30,26,4,2
cust_001180,NEW,37,1,1,0,0
cust_001181,RETURNING,364,9,7,2,0
cust_001182,LOYAL,231,28,26,2,2
cust_001183,NEW,59,0,0,0,0
cust_001184,RETURNING,499,5,3,2,0
cust_001185,LOYAL,1625,28,24,4,2
cust_001186,NEW,13,0,0,0,0
cust_001187,RETURNING,394,10,6,4,2
cust_001188,RETURNING,62,11,11,0,0
cust_001189,LOYAL,628,24,16,8,7
cust_001190,NEW,39,1,0,1,0
cust_001191,HIGH_VALUE,1535,39,33,6,2
cust_001192,LOYAL,1388,26,26,0,0
cust_001193,RETURNING,258,5,3,2,0
cust_001194,RETURNING,466,6,4,2,1
cust_001195,RETURNING,297,11,7,4,1
cust_001196,LOYAL,1781,22,19,3,1
cust_001197,RETURNING,337,9,7,2,1
cust_001198,NEW,18,1,1,0,0
cust_001199,NEW,54,0,0,0,0
cust_001200,HIGH_VALUE,1834,48,48,0,0
cust_001201,RETURNING,264,6,6,0,0
cust_001202,LOYAL,935,25,23,2,0
cust_001203,RETURNING,34,9,7,2,1
cust_001204,LOYAL,1583,31,31,0,0
cust_001205,NEW,17,1,0,1,0
cust_001206,NEW,42,0,0,0,0
cust_001207,LOYAL,396,25,24,1,1
cust_001208,HIGH_VALUE,1082,49,36,13,5
cust_001209,RETURNING,206,4,4,0,0
cust_001210,RETURNING,159,7,5,2,1
cust_001211,RETURNING,324,5,5,0,0
cust_001212,RETURNING,445,9,4,5,1
cust_001213,RETURNING,113,10,9,1,1
cust_001214,LOYAL,1767,33,33,0,0
cust_001215,RETURNING,136,4,4,0,0
cust_001216,LOYAL,1302,27,23,4,3
cust_001217,NEW,59,2,2,0,0
cust_001218,NEW,43,0,0,0,0
cust_001219,RETURNING,474,7,4,3,1
cust_001220,RETURNING,329,7,6,1,0
cust_001221,RETURNING,343,5,5,0,0
cust_001222,NEW,33,1,0,1,0
cust_001223,HIGH_VALUE,1236,36,33,3,0
cust_001224,LOYAL,540,25,24,1,0
cust_001225,LOYAL,810,30,24,6,4
cust_001226,NEW,60,1,1,0,0
cust_001227,RETURNING,260,8,5,3,1
cust_001228,RETURNING,30,6,4,2,2
cust_001229,RETURNING,52,5,5,0,0
cust_001230,RETURNING,53,7,4,3,2
cust_001231,NEW,53,0,0,0,0
cust_001232,RETURNING,362,4,4,0,0
cust_001233,RETURNING,311,6,5,1,0
cust_001234,RETURNING,470,5,5,0,0
cust_001235,RETURNING,166,8,7,1,0
cust_001236,RETURNING,185,6,6,0,0
cust_001237,RETURNING,260,5,3,2,0
cust_001238,RETURNING,397,5,5,0,0
cust_001239,RETURNING,468,8,6,2,1
cust_001240,RETURNING,373,9,9,0,0
cust_001241,LOYAL,1283,18,17,1,1
cust_001242,RETURNING,490,7,4,3,1
cust_001243,RETURNING,115,4,4,0,0
cust_001244,HIGH_VALUE,584,51,51,0,0
cust_001245,RETURNING,146,6,5,1,0
cust_001246,LOYAL,1496,18,17,1,1
cust_001247,LOYAL,411,21,18,3,1
cust_001248,NEW,45,0,0,0,0
cust_001249,RETURNING,180,6,6,0,0
cust_001250,LOYAL,1602,27,24,3,0
cust_001251,HIGH_VALUE,511,34,31,3,1
cust_001252,RETURNING,363,9,8,1,0
cust_001253,NEW,10,0,0,0,0
cust_001254,RETURNING,436,8,7,1,0
cust_001255,NEW,18,2,2,0,0
cust_001256,LOYAL,240,25,23,2,1
cust_001257,RETURNING,398,7,7,0,0
cust_001258,LOYAL,1045,32,28,4,1
cust_001259,LOYAL,1153,14,11,3,3
cust_001260,RETURNING,154,6,6,0,0
cust_001261,RETURNING,233,7,6,1,1
cust_001262,LOYAL,1162,24,21,3,1
cust_001263,LOYAL,859,22,21,1,0
cust_001264,LOYAL,392,21,18,3,2
cust_001265,NEW,27,0,0,0,0
cust_001266,RETURNING,102,6,5,1,1
cust_001267,RETURNING,196,3,2,1,1
cust_001268,LOYAL,915,22,18,4,3
cust_001269,RETURNING,348,10,10,0,0
cust_001270,RETURNING,346,4,2,2,1
cust_001271,RETURNING,133,10,10,0,0
cust_001272,RETURNING,442,12,8,4,2
cust_001273,LOYAL,1705,12,12,0,0
cust_001274,RETURNING,178,3,3,0,0
cust_001275,NEW,53,0,0,0,0
cust_001276,LOYAL,997,18,16,2,1
cust_001277,LOYAL,1179,19,16,3,1
cust_001278,RETURNING,31,5,5,0,0
cust_001279,RETURNING,39,5,5,0,0
cust_001280,HIGH_VALUE,922,28,21,7,4
cust_001281,LOYAL,1116,18,16,2,1
cust_001282,RETURNING,162,2,1,1,0
cust_001283,RETURNING,382,5,5,0,0
cust_001284,RETURNING,300,8,7,1,1
cust_001285,NEW,5,1,1,0,0
cust_001286,LOYAL,600,22,19,3,3
cust_001287,NEW,47,0,0,0,0
cust_001288,NEW,20,0,0,0,0
cust_001289,LOYAL,847,23,19,4,3
cust_001290,HIGH_VALUE,511,36,36,0,0
cust_001291,LOYAL,1773,24,24,0,0
cust_001292,RETURNING,362,2,2,0,0
cust_001293,RETURNING,339,2,2,0,0
cust_001294,RETURNING,101,5,5,0,0
cust_001295,RETURNING,174,8,8,0,0
cust_001296,RETURNING,193,6,4,2,2
cust_001297,RETURNING,204,2,2,0,0
cust_001298,RETURNING,83,3,3,0,0
cust_001299,LOYAL,1623,28,27,1,1
cust_001300,HIGH_VALUE,409,37,37,0,0
cust_001301,NEW,3,0,0,0,0
cust_001302,RETURNING,447,4,3,1,0
cust_001303,RETURNING,472,5,4,1,1
cust_001304,RETURNING,256,2,2,0,0
cust_001305,RETURNING,453,7,4,3,2
cust_001306,NEW,25,1,1,0,0
cust_001307,LOYAL,495,24,17,7,4
cust_001308,RETURNING,128,6,6,0,0
cust_001309,LOYAL,758,26,24,2,2
cust_001310,NEW,18,1,1,0,0
cust_001311,NEW,46,0,0,0,0
cust_001312,RETURNING,471,3,3,0,0
cust_001313,NEW,31,0,0,0,0
cust_001314,RETURNING,172,7,6,1,1
cust_001315,HIGH_VALUE,2433,46,46,0,0
cust_001316,RETURNING,374,7,4,3,2
cust_001317,RETURNING,315,11,11,0,0
cust_001318,RETURNING,49,13,11,2,1
cust_001319,RETURNING,136,7,6,1,0
cust_001320,RETURNING,90,10,10,0,0
cust_001321,RETURNING,480,4,2,2,1
cust_001322,LOYAL,1767,20,19,1,1
cust_001323,NEW,35,0,0,0,0
cust_001324,RETURNING,454,6,6,0,0
cust_001325,LOYAL,1012,21,21,0,0
cust_001326,LOYAL,1740,28,23,5,2
cust_001327,RETURNING,434,6,4,2,2
cust_001328,RETURNING,372,9,7,2,1
cust_001329,NEW,52,0,0,0,0
cust_001330,NEW,60,0,0,0,0
cust_001331,NEW,41,0,0,0,0
cust_001332,LOYAL,1721,34,27,7,3
cust_001333,RETURNING,240,6,4,2,0
cust_001334,LOYAL,1276,17,14,3,1
cust_001335,NEW,14,1,0,1,0
cust_001336,LOYAL,1129,20,20,0,0
cust_001337,LOYAL,1646,22,20,2,0
cust_001338,NEW,3,2,2,0,0
cust_001339,NEW,6,0,0,0,0
cust_001340,NEW,10,0,0,0,0
cust_001341,LOYAL,693,28,24,4,1
cust_001342,RETURNING,447,8,5,3,2
cust_001343,RETURNING,253,4,3,1,0
cust_001344,RETURNING,298,10,9,1,1
cust_001345,LOYAL,1217,18,18,0,0
cust_001346,RETURNING,129,12,11,1,0
cust_001347,RETURNING,482,9,7,2,1
cust_001348,HIGH_VALUE,1291,32,32,0,0
cust_001349,NEW,59,1,1,0,0
cust_001350,LOYAL,802,24,21,3,2
cust_001351,NEW,60,1,1,0,0
cust_001352,RETURNING,253,8,8,0,0
cust_001353,LOYAL,1212,26,24,2,2
cust_001354,LOYAL,1555,23,22,1,1
cust_001355,LOYAL,810,25,22,3,0
cust_001356,RETURNING,92,6,6,0,0
cust_001357,RETURNING,433,7,6,1,1
cust_001358,RETURNING,239,3,2,1,0
cust_001359,RETURNING,164,7,5,2,2
cust_001360,RETURNING,331,9,6,3,0
cust_001361,RETURNING,396,4,4,0,0
cust_001362,RETURNING,467,10,8,2,0
cust_001363,RETURNING,71,7,5,2,0
cust_001364,RETURNING,361,9,7,2,2
cust_001365,NEW,33,1,0,1,1
cust_001366,LOYAL,1597,25,25,0,0
cust_001367,RETURNING,247,3,2,1,1
cust_001368,NEW,11,2,1,1,0
cust_001369,LOYAL,590,13,12,1,0
cust_001370,LOYAL,540,36,33,3,1
cust_001371,RETURNING,259,3,1,2,2
cust_001372,NEW,9,2,2,0,0
cust_001373,NEW,40,1,1,0,0
cust_001374,NEW,21,0,0,0,0
cust_001375,LOYAL,1367,23,20,3,1
cust_001376,HIGH_VALUE,981,36,32,4,2
cust_001377,NEW,5,0,0,0,0
cust_001378,LOYAL,1380,29,29,0,0
cust_001379,NEW,3,1,0,1,1
cust_001380,RETURNING,120,10,10,0,0
cust_001381,LOYAL,1085,19,17,2,2
cust_001382,RETURNING,354,7,4,3,0
cust_001383,NEW,35,0,0,0,0
cust_001384,RETURNING,329,6,6,0,0
cust_001385,HIGH_VALUE,459,46,41,5,0
cust_001386,RETURNING,59,5,4,1,1
cust_001387,RETURNING,412,5,4,1,0
cust_001388,NEW,7,0,0,0,0
cust_001389,RETURNING,79,4,3,1,0
cust_001390,RETURNING,318,3,2,1,0
cust_001391,LOYAL,964,24,20,4,1
cust_001392,LOYAL,225,19,13,6,2
cust_001393,LOYAL,620,18,14,4,3
cust_001394,LOYAL,231,21,21,0,0
cust_001395,RETURNING,428,6,6,0,0
cust_001396,RETURNING,185,5,4,1,1
cust_001397,RETURNING,276,7,7,0,0
cust_001398,RETURNING,424,6,6,0,0
cust_001399,HIGH_VALUE,634,31,29,2,0
cust_001400,LOYAL,1765,26,24,2,0
cust_001401,HIGH_VALUE,1470,43,37,6,4
cust_001402,RETURNING,33,4,4,0,0
cust_001403,RETURNING,108,7,7,0,0
cust_001404,RETURNING,317,7,7,0,0
cust_001405,NEW,31,1,1,0,0
cust_001406,RETURNING,143,9,6,3,2
cust_001407,RETURNING,169,4,4,0,0
cust_001408,NEW,39,0,0,0,0
cust_001409,HIGH_VALUE,440,39,35,4,2
cust_001410,NEW,9,1,1,0,0
cust_001411,RETURNING,336,8,7,1,1
cust_001412,LOYAL,713,23,19,4,1
cust_001413,NEW,56,0,0,0,0
cust_001414,LOYAL,1143,27,25,2,0
cust_001415,LOYAL,1590,33,27,6,2
cust_001416,NEW,37,0,0,0,0
cust_001417,LOYAL,1182,33,32,1,0
cust_001418,RETURNING,172,4,3,1,1
cust_001419,LOYAL,898,21,20,1,0
cust_001420,LOYAL,626,24,24,0,0
cust_001421,LOYAL,880,22,20,2,0
cust_001422,RETURNING,407,6,5,1,1
cust_001423,RETURNING,241,4,3,1,0
cust_001424,LOYAL,1288,31,31,0,0
cust_001425,HIGH_VALUE,784,36,34,2,1
cust_001426,RETURNING,211,5,4,1,0
cust_001427,LOYAL,1277,22,21,1,1
cust_001428,RETURNING,141,7,4,3,1
cust_001429,LOYAL,414,30,26,4,3
cust_001430,HIGH_VALUE,1782,35,35,0,0
cust_001431,NEW,53,1,1,0,0
cust_001432,RETURNING,340,8,7,1,0
cust_001433,RETURNING,196,7,5,2,0
cust_001434,RETURNING,179,8,7,1,0
cust_001435,RETURNING,492,2,2,0,0
cust_001436,NEW,1,1,0,1,1
cust_001437,RETURNING,168,13,11,2,0
cust_001438,RETURNING,376,10,9,1,1
cust_001439,RETURNING,287,8,6,2,2
cust_001440,RETURNING,320,10,9,1,0
cust_001441,LOYAL,273,21,21,0,0
cust_001442,RETURNING,133,8,8,0,0
cust_001443,LOYAL,493,25,19,6,6
cust_001444,RETURNING,178,12,10,2,2
cust_001445,RETURNING,251,9,7,2,1
cust_001446,RETURNING,480,4,4,0,0
cust_001447,NEW,23,1,1,0,0
cust_001448,RETURNING,326,5,3,2,0
cust_001449,RETURNING,122,7,5,2,1
cust_001450,LOYAL,1644,17,17,0,0
cust_001451,LOYAL,602,24,22,2,2
cust_001452,NEW,31,0,0,0,0
cust_001453,RETURNING,399,8,6,2,1
cust_001454,RETURNING,479,6,6,0,0
cust_001455,LOYAL,654,21,19,2,2
cust_001456,LOYAL,1384,25,25,0,0
cust_001457,RETURNING,169,10,7,3,2
cust_001458,RETURNING,162,4,3,1,0
cust_001459,RETURNING,392,4,3,1,0
cust_001460,RETURNING,207,5,4,1,0
cust_001461,LOYAL,1375,27,23,4,1
cust_001462,LOYAL,341,25,21,4,2
cust_001463,RETURNING,343,6,6,0,0
cust_001464,RETURNING,86,5,3,2,0
cust_001465,NEW,55,0,0,0,0
cust_001466,NEW,43,1,0,1,1
cust_001467,RETURNING,290,9,7,2,2
cust_001468,RETURNING,137,10,7,3,2
cust_001469,HIGH_VALUE,1091,40,40,0,0
cust_001470,RETURNING,329,6,6,0,0
cust_001471,RETURNING,242,11,9,2,1
cust_001472,NEW,52,0,0,0,0
cust_001473,RETURNING,261,10,5,5,3
cust_001474,LOYAL,1679,18,18,0,0
cust_001475,RETURNING,37,7,5,2,0
cust_001476,LOYAL,497,21,20,1,0
cust_001477,LOYAL,502,28,27,1,1
cust_001478,NEW,35,0,0,0,0
cust_001479,RETURNING,248,11,4,7,1
cust_001480,HIGH_VALUE,2779,30,29,1,1
cust_001481,RETURNING,493,7,6,1,1
cust_001482,NEW,31,1,1,0,0
cust_001483,LOYAL,1667,26,22,4,3
cust_001484,LOYAL,1177,22,22,0,0
cust_001485,RETURNING,110,9,9,0,0
cust_001486,RETURNING,455,1,1,0,0
cust_001487,RETURNING,479,3,2,1,0
cust_001488,LOYAL,1299,26,26,0,0
cust_001489,RETURNING,113,8,7,1,0
cust_001490,NEW,52,1,1,0,0
cust_001491,LOYAL,1187,27,22,5,4
cust_001492,HIGH_VALUE,1260,34,28,6,3
cust_001493,LOYAL,1202,21,20,1,1
cust_001494,RETURNING,149,9,7,2,1
cust_001495,NEW,47,0,0,0,0
cust_001496,HIGH_VALUE,2163,36,36,0,0
cust_001497,HIGH_VALUE,555,44,33,11,6
cust_001498,RETURNING,289,6,4,2,1
cust_001499,RETURNING,289,7,7,0,0
cust_001500,RETURNING,392,2,1,1,0
cust_001501,RETURNING,389,8,7,1,0
cust_001502,NEW,31,2,2,0,0
cust_001503,NEW,57,1,1,0,0
cust_001504,RETURNING,298,7,6,1,1
cust_001505,LOYAL,665,27,23,4,3
cust_001506,NEW,19,2,2,0,0
cust_001507,RETURNING,392,7,6,1,0
cust_001508,RETURNING,230,7,7,0,0
cust_001509,RETURNING,212,7,6,1,1
cust_001510,NEW,37,1,0,1,1
cust_001511,RETURNING,230,11,10,1,0
cust_001512,RETURNING,205,7,5,2,0
cust_001513,RETURNING,374,8,7,1,0
cust_001514,LOYAL,686,24,24,0,0
cust_001515,NEW,53,0,0,0,0
cust_001516,LOYAL,1783,26,26,0,0
cust_001517,LOYAL,945,37,32,5,2
cust_001518,LOYAL,618,23,22,1,1
cust_001519,RETURNING,188,3,3,0,0
cust_001520,RETURNING,111,8,5,3,2
cust_001521,RETURNING,200,7,6,1,1
cust_001522,LOYAL,1477,24,24,0,0
cust_001523,NEW,19,0,0,0,0
cust_001524,HIGH_VALUE,1992,49,45,4,1
cust_001525,RETURNING,158,5,4,1,0
cust_001526,LOYAL,302,30,26,4,1
cust_001527,RETURNING,98,8,7,1,1
cust_001528,NEW,53,0,0,0,0
cust_001529,RETURNING,254,4,3,1,1
cust_001530,RETURNING,106,5,5,0,0
cust_001531,RETURNING,433,5,5,0,0
cust_001532,RETURNING,172,4,4,0,0
cust_001533,RETURNING,231,6,6,0,0
cust_001534,RETURNING,168,4,3,1,1
cust_001535,RETURNING,234,3,2,1,0
cust_001536,HIGH_VALUE,2443,39,35,4,3
cust_001537,NEW,19,1,1,0,0
cust_001538,RETURNING,111,9,9,0,0
cust_001539,RETURNING,216,12,11,1,1
cust_001540,RETURNING,428,9,9,0,0
cust_001541,RETURNING,230,2,2,0,0
cust_001542,RETURNING,359,7,6,1,1
cust_001543,HIGH_VALUE,2959,26,25,1,0
cust_001544,RETURNING,169,14,12,2,0
cust_001545,LOYAL,1209,24,22,2,0
cust_001546,NEW,0,1,1,0,0
cust_001547,RETURNING,224,8,6,2,0
cust_001548,RETURNING,67,6,4,2,0
cust_001549,NEW,31,1,1,0,0
cust_001550,RETURNING,194,5,4,1,0
cust_001551,LOYAL,1298,22,21,1,1
cust_001552,LOYAL,1641,20,17,3,3
cust_001553,RETURNING,419,11,11,0,0
cust_001554,RETURNING,455,9,9,0,0
cust_001555,RETURNING,425,4,3,1,0
cust_001556,NEW,9,0,0,0,0
cust_001557,NEW,18,2,1,1,0
cust_001558,RETURNING,255,6,6,0,0
cust_001559,HIGH_VALUE,640,39,36,3,1
cust_001560,NEW,26,1,0,1,0
cust_001561,RETURNING,209,8,6,2,2
cust_001562,LOYAL,1440,20,17,3,1
cust_001563,LOYAL,377,25,23,2,0
cust_001564,RETURNING,470,5,3,2,0
cust_001565,RETURNING,497,11,9,2,0
cust_001566,LOYAL,295,20,20,0,0
cust_001567,LOYAL,607,22,20,2,0
cust_001568,NEW,15,1,1,0,0
cust_001569,LOYAL,1149,27,26,1,0
cust_001570,NEW,38,2,2,0,0
cust_001571,LOYAL,995,17,17,0,0
cust_001572,NEW,2,2,2,0,0
cust_001573,RETURNING,92,7,7,0,0
cust_001574,NEW,23,1,1,0,0
cust_001575,RETURNING,217,8,7,1,0
cust_001576,RETURNING,312,5,5,0,0
cust_001577,NEW,19,1,1,0,0
cust_001578,RETURNING,141,7,5,2,1
cust_001579,RETURNING,150,8,8,0,0
cust_001580,LOYAL,1759,18,14,4,2
cust_001581,LOYAL,287,24,24,0,0
cust_001582,RETURNING,312,6,5,1,0
cust_001583,NEW,21,0,0,0,0
cust_001584,RETURNING,321,5,5,0,0
cust_001585,LOYAL,366,21,20,1,0
cust_001586,NEW,33,3,2,1,1
cust_001587,RETURNING,376,13,10,3,1
cust_001588,HIGH_VALUE,1645,42,39,3,3
cust_001589,HIGH_VALUE,2199,31,31,0,0
cust_001590,RETURNING,361,5,5,0,0
cust_001591,LOYAL,878,24,24,0,0
cust_001592,RETURNING,102,7,7,0,0
cust_001593,LOYAL,1635,26,22,4,4
cust_001594,NEW,18,1,1,0,0
cust_001595,NEW,4,0,0,0,0
cust_001596,RETURNING,88,2,1,1,1
cust_001597,RETURNING,49,6,6,0,0
cust_001598,LOYAL,1057,24,22,2,2
cust_001599,RETURNING,367,6,4,2,1
cust_001600,LOYAL,195,22,20,2,0
cust_001601,LOYAL,993,17,13,4,3
cust_001602,RETURNING,485,2,2,0,0
cust_001603,LOYAL,1171,19,15,4,2
cust_001604,RETURNING,327,9,8,1,0
cust_001605,RETURNING,372,3,3,0,0
cust_001606,RETURNING,71,12,12,0,0
cust_001607,LOYAL,1721,23,22,1,0
cust_001608,LOYAL,920,21,21,0,0
cust_001609,LOYAL,885,26,21,5,5
cust_001610,LOYAL,488,22,22,0,0
cust_001611,HIGH_VALUE,1179,48,48,0,0
cust_001612,RETURNING,164,7,7,0,0
cust_001613,HIGH_VALUE,1336,41,38,3,2
cust_001614,RETURNING,208,9,9,0,0
cust_001615,RETURNING,240,10,9,1,0
cust_001616,RETURNING,395,8,7,1,1
cust_001617,RETURNING,437,6,6,0,0
cust_001618,RETURNING,474,8,7,1,1
cust_001619,RETURNING,79,8,4,4,3
cust_001620,NEW,60,0,0,0,0
cust_001621,RETURNING,273,8,8,0,0
cust_001622,LOYAL,854,28,28,0,0
cust_001623,RETURNING,334,7,5,2,1
cust_001624,RETURNING,58,8,7,1,0
cust_001625,RETURNING,247,5,5,0,0
cust_001626,RETURNING,420,7,4,3,1
cust_001627,RETURNING,487,5,3,2,1
cust_001628,LOYAL,524,29,27,2,1
cust_001629,RETURNING,112,12,11,1,0
cust_001630,LOYAL,398,17,14,3,2
cust_001631,LOYAL,1136,33,32,1,1
cust_001632,RETURNING,490,5,3,2,1
cust_001633,LOYAL,607,25,20,5,2
cust_001634,RETURNING,117,4,4,0,0
cust_001635,LOYAL,782,21,19,2,1
cust_001636,LOYAL,1639,19,19,0,0
cust_001637,LOYAL,756,20,20,0,0
cust_001638,LOYAL,1299,23,20,3,2
cust_001639,LOYAL,228,30,28,2,1
cust_001640,HIGH_VALUE,2060,32,30,2,0
cust_001641,RETURNING,157,8,7,1,0
cust_001642,LOYAL,1327,20,20,0,0
cust_001643,LOYAL,707,23,21,2,2
cust_001644,RETURNING,327,7,5,2,0
cust_001645,LOYAL,887,23,20,3,2
cust_001646,RETURNING,172,2,2,0,0
cust_001647,RETURNING,240,8,5,3,1
cust_001648,NEW,45,1,1,0,0
cust_001649,RETURNING,229,10,10,0,0
cust_001650,LOYAL,1275,21,20,1,0
cust_001651,RETURNING,434,8,5,3,1
cust_001652,RETURNING,469,9,9,0,0
cust_001653,RETURNING,167,9,7,2,0
cust_001654,RETURNING,254,7,5,2,1
cust_001655,LOYAL,1324,21,17,4,2
cust_001656,LOYAL,855,20,20,0,0
cust_001657,NEW,7,0,0,0,0
cust_001658,RETURNING,182,9,8,1,0
cust_001659,RETURNING,139,5,4,1,0
cust_001660,RETURNING,156,7,7,0,0
cust_001661,RETURNING,390,10,8,2,2
cust_001662,RETURNING,499,7,6,1,0
cust_001663,RETURNING,78,11,11,0,0
cust_001664,RETURNING,490,4,3,1,0
cust_001665,RETURNING,45,6,4,2,1
cust_001666,RETURNING,279,3,3,0,0
cust_001667,LOYAL,996,20,20,0,0
cust_001668,LOYAL,1570,17,17,0,0
cust_001669,RETURNING,388,6,6,0,0
cust_001670,LOYAL,670,25,22,3,1
cust_001671,LOYAL,491,25,24,1,1
cust_001672,NEW,46,0,0,0,0
cust_001673,RETURNING,132,7,5,2,2
cust_001674,RETURNING,329,4,4,0,0
cust_001675,LOYAL,1786,26,22,4,1
cust_001676,RETURNING,367,12,7,5,3
cust_001677,LOYAL,760,33,28,5,3
cust_001678,RETURNING,368,12,12,0,0
cust_001679,RETURNING,329,10,8,2,0
cust_001680,HIGH_VALUE,653,46,38,8,1
cust_001681,RETURNING,69,8,6,2,0
cust_001682,LOYAL,647,21,20,1,0
cust_001683,HIGH_VALUE,1045,41,39,2,0
cust_001684,LOYAL,1411,35,35,0,0
cust_001685,NEW,44,2,1,1,0
cust_001686,LOYAL,1486,25,20,5,3
cust_001687,NEW,31,1,0,1,1
cust_001688,RETURNING,116,6,4,2,1
cust_001689,LOYAL,275,21,21,0,0
cust_001690,LOYAL,206,23,21,2,0
cust_001691,RETURNING,308,7,7,0,0
cust_001692,RETURNING,367,8,7,1,1
cust_001693,LOYAL,1724,27,22,5,0
cust_001694,LOYAL,230,21,21,0,0
cust_001695,RETURNING,360,7,5,2,0
cust_001696,LOYAL,636,24,22,2,1
cust_001697,RETURNING,457,4,4,0,0
cust_001698,NEW,52,0,0,0,0
cust_001699,RETURNING,173,7,6,1,1
cust_001700,HIGH_VALUE,600,42,40,2,0
cust_001701,RETURNING,155,6,6,0,0
cust_001702,RETURNING,269,9,9,0,0
cust_001703,NEW,8,1,0,1,1
cust_001704,LOYAL,1187,29,26,3,3
cust_001705,RETURNING,309,9,8,1,0
cust_001706,RETURNING,487,9,8,1,0
cust_001707,HIGH_VALUE,2901,41,37,4,2
cust_001708,NEW,9,0,0,0,0
cust_001709,RETURNING,410,5,5,0,0
cust_001710,RETURNING,260,5,5,0,0
cust_001711,LOYAL,191,22,18,4,2
cust_001712,RETURNING,436,4,4,0,0
cust_001713,RETURNING,177,13,12,1,1
cust_001714,NEW,50,1,1,0,0
cust_001715,LOYAL,1634,19,15,4,2
cust_001716,LOYAL,848,30,25,5,1
cust_001717,NEW,49,2,2,0,0
cust_001718,RETURNING,296,5,3,2,1
cust_001719,LOYAL,1537,27,23,4,1
cust_001720,NEW,21,0,0,0,0
cust_001721,RETURNING,219,8,6,2,1
cust_001722,RETURNING,303,12,11,1,0
cust_001723,RETURNING,112,10,9,1,1
cust_001724,RETURNING,399,7,5,2,1
cust_001725,RETURNING,214,9,8,1,0
cust_001726,RETURNING,143,9,9,0,0
cust_001727,RETURNING,36,4,3,1,0
cust_001728,LOYAL,864,27,23,4,2
cust_001729,RETURNING,156,10,7,3,1
cust_001730,NEW,16,0,0,0,0
cust_001731,LOYAL,498,27,23,4,4
cust_001732,NEW,10,1,0,1,1
cust_001733,LOYAL,1195,28,27,1,0
cust_001734,RETURNING,330,6,5,1,0
cust_001735,LOYAL,1241,32,23,9,9
cust_001736,RETURNING,97,7,7,0,0
cust_001737,RETURNING,285,13,11,2,1
cust_001738,RETURNING,333,7,5,2,0
cust_001739,NEW,12,1,1,0,0
cust_001740,RETURNING,84,11,10,1,0
cust_001741,LOYAL,1216,29,26,3,1
cust_001742,LOYAL,896,32,24,8,2
cust_001743,NEW,25,0,0,0,0
cust_001744,LOYAL,251,31,31,0,0
cust_001745,LOYAL,1668,25,21,4,1
cust_001746,LOYAL,1543,28,26,2,2
cust_001747,LOYAL,506,20,20,0,0
cust_001748,LOYAL,1481,23,23,0,0
cust_001749,RETURNING,279,12,9,3,1
cust_001750,RETURNING,75,5,3,2,0
cust_001751,LOYAL,423,11,9,2,1
cust_001752,NEW,60,0,0,0,0
cust_001753,RETURNING,387,10,9,1,0
cust_001754,NEW,54,0,0,0,0
cust_001755,HIGH_VALUE,987,43,43,0,0
cust_001756,RETURNING,166,8,7,1,0
cust_001757,LOYAL,423,19,19,0,0
cust_001758,LOYAL,1510,17,16,1,1
cust_001759,HIGH_VALUE,1557,45,42,3,1
cust_001760,NEW,56,3,1,2,1
cust_001761,LOYAL,391,19,19,0,0
cust_001762,LOYAL,679,28,22,6,2
cust_001763,NEW,25,0,0,0,0
cust_001764,LOYAL,1677,19,17,2,1
cust_001765,RETURNING,198,3,2,1,0
cust_001766,RETURNING,252,4,3,1,0
cust_001767,RETURNING,479,7,7,0,0
cust_001768,RETURNING,364,6,5,1,1
cust_001769,NEW,17,1,1,0,0
cust_001770,NEW,46,0,0,0,0
cust_001771,NEW,28,1,0,1,1
cust_001772,RETURNING,346,5,5,0,0
cust_001773,RETURNING,476,3,3,0,0
cust_001774,RETURNING,278,9,8,1,0
cust_001775,LOYAL,1053,18,14,4,4
cust_001776,LOYAL,339,30,30,0,0
cust_001777,RETURNING,314,7,5,2,1
cust_001778,HIGH_VALUE,1742,31,27,4,1
cust_001779,RETURNING,498,8,5,3,0
cust_001780,LOYAL,1074,20,18,2,0
cust_001781,NEW,4,0,0,0,0
cust_001782,LOYAL,379,31,31,0,0
cust_001783,HIGH_VALUE,2880,41,33,8,4
cust_001784,LOYAL,1375,17,16,1,0
cust_001785,RETURNING,193,9,8,1,1
cust_001786,RETURNING,128,9,8,1,0
cust_001787,RETURNING,390,6,5,1,1
cust_001788,LOYAL,918,21,21,0,0
cust_001789,LOYAL,816,16,13,3,1
cust_001790,HIGH_VALUE,821,43,38,5,2
cust_001791,RETURNING,263,4,4,0,0
cust_001792,NEW,25,0,0,0,0
cust_001793,RETURNING,492,7,7,0,0
cust_001794,NEW,27,0,0,0,0
cust_001795,RETURNING,455,11,8,3,0
cust_001796,RETURNING,482,5,4,1,0
cust_001797,LOYAL,304,11,11,0,0
cust_001798,RETURNING,188,8,7,1,0
cust_001799,NEW,23,1,0,1,1
cust_001800,NEW,41,2,0,2,0
cust_001801,LOYAL,475,21,15,6,5
cust_001802,LOYAL,1037,29,29,0,0
cust_001803,NEW,10,2,2,0,0
cust_001804,NEW,53,0,0,0,0
cust_001805,RETURNING,182,7,5,2,0
cust_001806,RETURNING,415,3,3,0,0
cust_001807,RETURNING,339,6,5,1,0
cust_001808,RETURNING,133,7,6,1,0
cust_001809,LOYAL,377,27,26,1,0
cust_001810,RETURNING,416,9,6,3,1
cust_001811,LOYAL,666,21,19,2,1
cust_001812,NEW,4,0,0,0,0
cust_001813,HIGH_VALUE,2849,44,40,4,1
cust_001814,HIGH_VALUE,2910,36,34,2,0
cust_001815,LOYAL,1203,23,21,2,1
cust_001816,RETURNING,49,5,5,0,0
cust_001817,RETURNING,461,6,5,1,0
cust_001818,LOYAL,562,19,19,0,0
cust_001819,LOYAL,345,25,22,3,3
cust_001820,RETURNING,64,6,3,3,0
cust_001821,RETURNING,36,9,7,2,1
cust_001822,RETURNING,440,6,5,1,1
cust_001823,LOYAL,1645,20,19,1,0
cust_001824,LOYAL,1384,16,16,0,0
cust_001825,RETURNING,259,7,6,1,0
cust_001826,RETURNING,309,12,12,0,0
cust_001827,RETURNING,111,13,11,2,0
cust_001828,RETURNING,46,16,12,4,2
cust_001829,NEW,0,1,1,0,0
cust_001830,LOYAL,251,23,19,4,1
cust_001831,RETURNING,219,9,7,2,1
cust_001832,RETURNING,321,12,8,4,2
cust_001833,RETURNING,237,13,12,1,1
cust_001834,RETURNING,292,6,5,1,1
cust_001835,RETURNING,478,7,5,2,1
cust_001836,RETURNING,327,6,6,0,0
cust_001837,NEW,19,1,1,0,0
cust_001838,LOYAL,1252,31,27,4,2
cust_001839,RETURNING,320,9,8,1,0
cust_001840,RETURNING,498,7,6,1,0
cust_001841,RETURNING,147,10,8,2,1
cust_001842,LOYAL,388,21,18,3,2
cust_001843,RETURNING,65,4,4,0,0
cust_001844,LOYAL,891,31,26,5,3
cust_001845,HIGH_VALUE,2240,34,29,5,4
cust_001846,LOYAL,913,24,20,4,2
cust_001847,RETURNING,223,4,4,0,0
cust_001848,LOYAL,1661,25,23,2,1
cust_001849,RETURNING,494,5,5,0,0
cust_001850,RETURNING,492,8,5,3,1
cust_001851,RETURNING,114,14,13,1,0
cust_001852,RETURNING,235,7,7,0,0
cust_001853,NEW,29,3,2,1,1
cust_001854,RETURNING,76,4,4,0,0
cust_001855,NEW,36,2,1,1,0
cust_001856,RETURNING,196,6,4,2,0
cust_001857,RETURNING,433,4,4,0,0
cust_001858,HIGH_VALUE,2642,33,33,0,0
cust_001859,NEW,47,2,2,0,0
cust_001860,RETURNING,499,6,5,1,1
cust_001861,RETURNING,207,12,11,1,1
cust_001862,NEW,20,3,3,0,0
cust_001863,RETURNING,492,10,8,2,0
cust_001864,NEW,43,1,1,0,0
cust_001865,RETURNING,270,5,5,0,0
cust_001866,RETURNING,188,8,6,2,2
cust_001867,RETURNING,85,5,5,0,0
cust_001868,RETURNING,52,7,6,1,1
cust_001869,NEW,25,0,0,0,0
cust_001870,NEW,48,0,0,0,0
cust_001871,NEW,48,1,1,0,0
cust_001872,RETURNING,346,4,4,0,0
cust_001873,RETURNING,368,4,2,2,2
cust_001874,RETURNING,57,2,2,0,0
cust_001875,RETURNING,46,4,4,0,0
cust_001876,NEW,57,0,0,0,0
cust_001877,HIGH_VALUE,981,29,27,2,0
cust_001878,NEW,27,2,1,1,1
cust_001879,NEW,13,1,1,0,0
cust_001880,NEW,55,1,1,0,0
cust_001881,HIGH_VALUE,751,43,41,2,1
cust_001882,RETURNING,300,7,6,1,0
cust_001883,RETURNING,84,7,7,0,0
cust_001884,HIGH_VALUE,560,36,33,3,0
cust_001885,NEW,31,1,1,0,0
cust_001886,HIGH_VALUE,892,39,39,0,0
cust_001887,RETURNING,242,9,9,0,0
cust_001888,RETURNING,370,12,10,2,2
cust_001889,RETURNING,79,6,5,1,0
cust_001890,RETURNING,478,5,4,1,1
cust_001891,HIGH_VALUE,1006,36,32,4,2
cust_001892,NEW,13,0,0,0,0
cust_001893,HIGH_VALUE,1830,37,32,5,3
cust_001894,RETURNING,129,7,6,1,1
cust_001895,RETURNING,62,7,6,1,0
cust_001896,HIGH_VALUE,1136,39,36,3,1
cust_001897,NEW,57,1,0,1,0
cust_001898,LOYAL,350,26,23,3,1
cust_001899,RETURNING,340,8,8,0,0
cust_001900,LOYAL,657,24,21,3,2
cust_001901,NEW,36,1,1,0,0
cust_001902,RETURNING,113,10,10,0,0
cust_001903,LOYAL,510,17,17,0,0
cust_001904,RETURNING,488,5,5,0,0
cust_001905,NEW,22,0,0,0,0
cust_001906,RETURNING,480,5,5,0,0
cust_001907,LOYAL,412,26,26,0,0
cust_001908,NEW,51,0,0,0,0
cust_001909,LOYAL,1643,31,29,2,2
cust_001910,HIGH_VALUE,968,33,32,1,1
cust_001911,NEW,46,0,0,0,0
cust_001912,NEW,25,0,0,0,0
cust_001913,LOYAL,545,27,27,0,0
cust_001914,NEW,42,1,0,1,0
cust_001915,RETURNING,472,9,8,1,0
cust_001916,LOYAL,599,23,21,2,1
cust_001917,RETURNING,423,7,5,2,0
cust_001918,RETURNING,134,8,7,1,0
cust_001919,LOYAL,631,27,25,2,1
cust_001920,RETURNING,454,4,4,0,0
cust_001921,RETURNING,409,7,7,0,0
cust_001922,RETURNING,424,9,7,2,0
cust_001923,LOYAL,1055,26,21,5,4
cust_001924,LOYAL,513,29,22,7,6
cust_001925,RETURNING,135,7,6,1,0
cust_001926,RETURNING,386,4,4,0,0
cust_001927,NEW,54,1,1,0,0
cust_001928,RETURNING,107,9,8,1,0
cust_001929,NEW,52,0,0,0,0
cust_001930,HIGH_VALUE,2311,45,36,9,3
cust_001931,RETURNING,104,5,4,1,0
cust_001932,LOYAL,1709,24,21,3,1
cust_001933,NEW,27,0,0,0,0
cust_001934,RETURNING,182,8,7,1,1
cust_001935,RETURNING,485,4,2,2,0
cust_001936,RETURNING,364,6,3,3,0
cust_001937,LOYAL,1187,18,16,2,1
cust_001938,HIGH_VALUE,969,38,35,3,2
cust_001939,LOYAL,1672,33,32,1,0
cust_001940,NEW,36,1,1,0,0
cust_001941,LOYAL,861,37,36,1,1
cust_001942,NEW,16,0,0,0,0
cust_001943,LOYAL,1300,25,23,2,0
cust_001944,RETURNING,353,9,9,0,0
cust_001945,RETURNING,271,7,7,0,0
cust_001946,NEW,42,0,0,0,0
cust_001947,NEW,16,0,0,0,0
cust_001948,RETURNING,332,11,9,2,0
cust_001949,LOYAL,831,21,19,2,0
cust_001950,LOYAL,1679,23,17,6,5
cust_001951,HIGH_VALUE,815,30,27,3,2
cust_001952,NEW,3,0,0,0,0
cust_001953,RETURNING,386,11,10,1,1
cust_001954,RETURNING,336,11,10,1,1
cust_001955,RETURNING,247,14,10,4,2
cust_001956,RETURNING,300,9,8,1,1
cust_001957,RETURNING,298,12,10,2,1
cust_001958,RETURNING,235,4,4,0,0
cust_001959,RETURNING,114,6,6,0,0
cust_001960,RETURNING,282,12,10,2,1
cust_001961,RETURNING,238,7,3,4,2
cust_001962,NEW,0,1,1,0,0
cust_001963,HIGH_VALUE,2484,42,38,4,2
cust_001964,RETURNING,344,6,6,0,0
cust_001965,LOYAL,657,17,14,3,2
cust_001966,RETURNING,126,12,9,3,2
cust_001967,LOYAL,1558,25,18,7,4
cust_001968,LOYAL,1017,18,15,3,1
cust_001969,LOYAL,199,25,24,1,0
cust_001970,RETURNING,412,10,7,3,1
cust_001971,RETURNING,90,10,10,0,0
cust_001972,NEW,16,2,0,2,0
cust_001973,RETURNING,419,4,3,1,0
cust_001974,NEW,27,1,1,0,0
cust_001975,RETURNING,143,3,3,0,0
cust_001976,NEW,15,0,0,0,0
cust_001977,RETURNING,48,8,6,2,1
cust_001978,NEW,28,1,1,0,0
cust_001979,RETURNING,453,7,7,0,0
cust_001980,LOYAL,572,22,20,2,1
cust_001981,LOYAL,1224,21,18,3,2
cust_001982,RETURNING,499,10,8,2,1
cust_001983,RETURNING,497,8,6,2,1
cust_001984,RETURNING,49,5,4,1,0
cust_001985,RETURNING,42,12,12,0,0
cust_001986,RETURNING,145,13,11,2,0
cust_001987,RETURNING,403,6,3,3,1
cust_001988,HIGH_VALUE,2032,39,39,0,0
cust_001989,NEW,51,0,0,0,0
cust_001990,LOYAL,496,21,17,4,0
cust_001991,RETURNING,255,2,2,0,0
cust_001992,RETURNING,330,10,8,2,1
cust_001993,LOYAL,1149,13,13,0,0
cust_001994,NEW,59,1,1,0,0
cust_001995,LOYAL,875,26,23,3,2
cust_001996,RETURNING,401,6,6,0,0
cust_001997,NEW,23,1,0,1,1
cust_001998,NEW,38,2,2,0,0
cust_001999,LOYAL,1267,20,20,0,0
cust_002000,RETURNING,237,7,6,1,0
cust_002001,LOYAL,1305,22,20,2,1
cust_002002,LOYAL,698,26,23,3,1
cust_002003,LOYAL,396,28,20,8,5
cust_002004,RETURNING,200,4,4,0,0
cust_002005,LOYAL,1077,24,22,2,2
cust_002006,HIGH_VALUE,1097,36,35,1,1
cust_002007,NEW,43,1,1,0,0
cust_002008,RETURNING,40,3,3,0,0
cust_002009,RETURNING,31,7,6,1,1
cust_002010,RETURNING,135,5,1,4,3
cust_002011,LOYAL,1771,24,18,6,2
cust_002012,RETURNING,248,8,7,1,0
cust_002013,RETURNING,242,7,5,2,1
cust_002014,RETURNING,217,9,5,4,2
cust_002015,NEW,29,1,1,0,0
cust_002016,RETURNING,366,7,5,2,0
cust_002017,LOYAL,901,28,25,3,2
cust_002018,RETURNING,318,6,5,1,1
cust_002019,RETURNING,471,8,6,2,1
cust_002020,LOYAL,1297,22,22,0,0
cust_002021,NEW,5,0,0,0,0
cust_002022,RETURNING,432,9,6,3,2
cust_002023,RETURNING,141,3,3,0,0
cust_002024,HIGH_VALUE,2855,28,25,3,2
cust_002025,LOYAL,424,14,12,2,0
cust_002026,RETURNING,38,8,7,1,1
cust_002027,NEW,20,1,1,0,0
cust_002028,RETURNING,432,11,10,1,1
cust_002029,RETURNING,389,6,4,2,1
cust_002030,RETURNING,185,12,12,0,0
cust_002031,LOYAL,588,28,22,6,3
cust_002032,LOYAL,1023,24,24,0,0
cust_002033,RETURNING,86,9,6,3,1
cust_002034,LOYAL,402,19,18,1,0
cust_002035,HIGH_VALUE,2147,39,39,0,0
cust_002036,RETURNING,356,6,5,1,0
cust_002037,RETURNING,349,8,6,2,2
cust_002038,LOYAL,219,27,26,1,0
cust_002039,RETURNING,433,6,5,1,0
cust_002040,LOYAL,1142,24,20,4,3
cust_002041,NEW,21,1,1,0,0
cust_002042,RETURNING,267,4,3,1,1
cust_002043,LOYAL,1422,24,22,2,1
cust_002044,RETURNING,383,5,3,2,0
cust_002045,RETURNING,226,9,8,1,0
cust_002046,RETURNING,156,7,5,2,1
cust_002047,NEW,45,1,1,0,0
cust_002048,RETURNING,370,5,3,2,0
cust_002049,RETURNING,314,6,6,0,0
cust_002050,RETURNING,247,9,7,2,0
cust_002051,RETURNING,184,4,4,0,0
cust_002052,RETURNING,220,9,7,2,1
cust_002053,LOYAL,1486,22,19,3,2
cust_002054,RETURNING,199,7,6,1,0
cust_002055,RETURNING,485,5,4,1,0
cust_002056,RETURNING,98,11,7,4,1
cust_002057,RETURNING,106,10,7,3,1
cust_002058,LOYAL,1725,26,24,2,0
cust_002059,RETURNING,31,7,6,1,1
cust_002060,NEW,33,0,0,0,0
cust_002061,HIGH_VALUE,2875,45,39,6,2
cust_002062,LOYAL,617,20,20,0,0
cust_002063,LOYAL,535,31,29,2,2
cust_002064,LOYAL,1529,30,25,5,3
cust_002065,LOYAL,1772,24,23,1,1
cust_002066,RETURNING,80,2,2,0,0
cust_002067,RETURNING,403,12,11,1,0
cust_002068,RETURNING,200,8,5,3,1
cust_002069,RETURNING,423,6,6,0,0
cust_002070,RETURNING,315,9,8,1,0
cust_002071,NEW,0,3,3,0,0
cust_002072,RETURNING,424,13,11,2,0
cust_002073,LOYAL,1520,19,19,0,0
cust_002074,LOYAL,1489,25,24,1,0
cust_002075,RETURNING,370,9,5,4,1
cust_002076,RETURNING,96,3,2,1,1
cust_002077,RETURNING,474,6,6,0,0
cust_002078,RETURNING,325,7,5,2,2
cust_002079,LOYAL,1185,23,16,7,4
cust_002080,LOYAL,670,20,18,2,1
cust_002081,LOYAL,1439,23,21,2,2
cust_002082,LOYAL,899,29,27,2,0
cust_002083,HIGH_VALUE,1299,39,39,0,0
cust_002084,RETURNING,416,6,4,2,0
cust_002085,NEW,33,0,0,0,0
cust_002086,NEW,50,0,0,0,0
cust_002087,RETURNING,163,6,6,0,0
cust_002088,RETURNING,427,9,8,1,0
cust_002089,NEW,11,1,0,1,0
cust_002090,HIGH_VALUE,488,35,33,2,2
cust_002091,RETURNING,314,8,7,1,0
cust_002092,HIGH_VALUE,1076,39,39,0,0
cust_002093,LOYAL,1479,24,22,2,2
cust_002094,RETURNING,489,6,6,0,0
cust_002095,LOYAL,877,24,22,2,1
cust_002096,RETURNING,344,8,5,3,0
cust_002097,RETURNING,336,4,2,2,0
cust_002098,RETURNING,493,6,6,0,0
cust_002099,HIGH_VALUE,427,46,45,1,1
cust_002100,RETURNING,417,11,9,2,0
cust_002101,RETURNING,98,3,3,0,0
cust_002102,LOYAL,764,27,18,9,3
cust_002103,RETURNING,367,9,8,1,0
cust_002104,RETURNING,31,10,8,2,0
cust_002105,RETURNING,442,8,8,0,0
cust_002106,NEW,23,1,0,1,0
cust_002107,LOYAL,626,29,26,3,2
cust_002108,RETURNING,242,4,4,0,0
cust_002109,RETURNING,334,11,10,1,1
cust_002110,NEW,36,2,2,0,0
cust_002111,RETURNING,239,9,8,1,0
cust_002112,RETURNING,256,9,5,4,2
cust_002113,RETURNING,267,8,7,1,1
cust_002114,RETURNING,348,10,8,2,0
cust_002115,RETURNING,364,6,5,1,0
cust_002116,RETURNING,241,10,10,0,0
cust_002117,NEW,34,0,0,0,0
cust_002118,LOYAL,1511,28,22,6,3
cust_002119,HIGH_VALUE,1440,37,36,1,0
cust_002120,RETURNING,136,12,9,3,1
cust_002121,LOYAL,1181,28,27,1,1
cust_002122,NEW,42,1,0,1,0
cust_002123,NEW,45,2,1,1,0
cust_002124,LOYAL,229,25,23,2,2
cust_002125,LOYAL,1516,15,14,1,1
cust_002126,LOYAL,1089,41,41,0,0
cust_002127,NEW,47,2,2,0,0
cust_002128,LOYAL,1530,21,16,5,1
cust_002129,RETURNING,478,3,3,0,0
cust_002130,RETURNING,494,5,4,1,1
cust_002131,NEW,60,1,1,0,0
cust_002132,HIGH_VALUE,2341,36,34,2,0
cust_002133,NEW,32,0,0,0,0
cust_002134,LOYAL,700,26,24,2,0
cust_002135,RETURNING,333,13,9,4,1
cust_002136,LOYAL,865,23,23,0,0
cust_002137,LOYAL,1334,21,20,1,1
cust_002138,LOYAL,293,15,15,0,0
cust_002139,RETURNING,191,8,7,1,1
cust_002140,NEW,30,0,0,0,0
cust_002141,RETURNING,447,7,4,3,3
cust_002142,RETURNING,329,4,3,1,1
cust_002143,NEW,42,2,2,0,0
cust_002144,RETURNING,350,8,7,1,0
cust_002145,RETURNING,47,12,8,4,2
cust_002146,NEW,22,2,1,1,0
cust_002147,NEW,52,1,1,0,0
cust_002148,LOYAL,1688,36,32,4,4
cust_002149,RETURNING,203,8,6,2,2
cust_002150,HIGH_VALUE,1395,30,29,1,0
cust_002151,HIGH_VALUE,2558,40,36,4,2
cust_002152,NEW,0,0,0,0,0
cust_002153,LOYAL,793,19,18,1,1
cust_002154,RETURNING,107,5,5,0,0
cust_002155,LOYAL,1625,26,26,0,0
cust_002156,NEW,30,2,2,0,0
cust_002157,RETURNING,405,11,8,3,1
cust_002158,NEW,11,0,0,0,0
cust_002159,RETURNING,138,3,2,1,1
cust_002160,HIGH_VALUE,2824,39,39,0,0
cust_002161,LOYAL,605,27,26,1,1
cust_002162,LOYAL,1565,31,27,4,2
cust_002163,HIGH_VALUE,996,41,35,6,2
cust_002164,LOYAL,1602,18,13,5,2
cust_002165,NEW,60,0,0,0,0
cust_002166,LOYAL,696,31,30,1,1
cust_002167,RETURNING,30,6,6,0,0
cust_002168,NEW,1,0,0,0,0
cust_002169,RETURNING,193,6,5,1,0
cust_002170,HIGH_VALUE,997,43,35,8,2
cust_002171,RETURNING,105,10,10,0,0
cust_002172,RETURNING,428,7,6,1,0
cust_002173,NEW,2,0,0,0,0
cust_002174,NEW,15,1,1,0,0
cust_002175,NEW,47,0,0,0,0
cust_002176,LOYAL,1169,17,16,1,0
cust_002177,LOYAL,1351,20,17,3,1
cust_002178,NEW,32,0,0,0,0
cust_002179,RETURNING,154,4,4,0,0
cust_002180,RETURNING,66,5,4,1,0
cust_002181,NEW,29,0,0,0,0
cust_002182,RETURNING,491,2,2,0,0
cust_002183,LOYAL,1379,27,27,0,0
cust_002184,RETURNING,178,4,4,0,0
cust_002185,RETURNING,368,10,8,2,1
cust_002186,RETURNING,469,4,3,1,1
cust_002187,NEW,30,0,0,0,0
cust_002188,NEW,52,1,1,0,0
cust_002189,HIGH_VALUE,615,35,35,0,0
cust_002190,LOYAL,1601,23,21,2,0
cust_002191,LOYAL,487,30,29,1,0
cust_002192,LOYAL,803,22,22,0,0
cust_002193,RETURNING,332,4,4,0,0
cust_002194,LOYAL,470,27,26,1,1
cust_002195,RETURNING,327,10,10,0,0
cust_002196,NEW,23,1,0,1,0
cust_002197,NEW,9,4,3,1,1
cust_002198,NEW,42,0,0,0,0
cust_002199,NEW,51,0,0,0,0
cust_002200,RETURNING,457,7,5,2,1
cust_002201,LOYAL,724,19,14,5,1
cust_002202,LOYAL,1270,18,16,2,0
cust_002203,RETURNING,304,6,3,3,1
cust_002204,NEW,30,1,0,1,1
cust_002205,LOYAL,437,24,16,8,4
cust_002206,RETURNING,221,4,3,1,1
cust_002207,NEW,6,1,1,0,0
cust_002208,RETURNING,352,6,6,0,0
cust_002209,RETURNING,53,2,2,0,0
cust_002210,RETURNING,207,4,3,1,0
cust_002211,LOYAL,865,31,30,1,0
cust_002212,LOYAL,1470,23,21,2,2
cust_002213,LOYAL,1029,20,19,1,1
cust_002214,NEW,1,1,1,0,0
cust_002215,LOYAL,701,24,23,1,1
cust_002216,LOYAL,1379,20,20,0,0
cust_002217,RETURNING,198,6,4,2,2
cust_002218,RETURNING,100,6,5,1,1
cust_002219,RETURNING,499,4,4,0,0
cust_002220,RETURNING,432,6,6,0,0
cust_002221,NEW,8,0,0,0,0
cust_002222,RETURNING,187,6,5,1,1
cust_002223,NEW,16,1,0,1,0
cust_002224,NEW,24,1,0,1,1
cust_002225,NEW,21,3,2,1,1
cust_002226,HIGH_VALUE,2957,37,29,8,4
cust_002227,RETURNING,455,4,2,2,1
cust_002228,RETURNING,386,5,4,1,1
cust_002229,RETURNING,439,7,5,2,0
cust_002230,LOYAL,496,23,17,6,4
cust_002231,RETURNING,58,7,7,0,0
cust_002232,LOYAL,1040,24,24,0,0
cust_002233,RETURNING,98,5,5,0,0
cust_002234,NEW,35,0,0,0,0
cust_002235,RETURNING,221,10,10,0,0
cust_002236,RETURNING,49,5,5,0,0
cust_002237,LOYAL,1783,23,18,5,3
cust_002238,LOYAL,888,30,30,0,0
cust_002239,RETURNING,221,6,6,0,0
cust_002240,HIGH_VALUE,773,36,36,0,0
cust_002241,RETURNING,450,8,8,0,0
cust_002242,RETURNING,351,10,9,1,1
cust_002243,RETURNING,323,9,9,0,0
cust_002244,NEW,51,2,1,1,0
cust_002245,LOYAL,1290,24,21,3,3
cust_002246,NEW,34,0,0,0,0
cust_002247,RETURNING,384,12,9,3,1
cust_002248,RETURNING,382,3,3,0,0
cust_002249,NEW,39,1,0,1,0
cust_002250,NEW,29,1,1,0,0
cust_002251,LOYAL,284,28,27,1,1
cust_002252,NEW,36,2,2,0,0
cust_002253,RETURNING,341,8,7,1,0
cust_002254,RETURNING,55,6,5,1,1
cust_002255,RETURNING,426,2,2,0,0
cust_002256,RETURNING,305,10,9,1,0
cust_002257,LOYAL,445,24,24,0,0
cust_002258,HIGH_VALUE,1479,29,29,0,0
cust_002259,NEW,21,0,0,0,0
cust_002260,HIGH_VALUE,1530,31,27,4,3
cust_002261,RETURNING,292,7,7,0,0
cust_002262,RETURNING,33,7,6,1,0
cust_002263,LOYAL,654,25,23,2,0
cust_002264,LOYAL,383,20,19,1,1
cust_002265,LOYAL,208,20,19,1,0
cust_002266,RETURNING,415,9,8,1,0
cust_002267,RETURNING,495,6,3,3,1
cust_002268,RETURNING,62,9,9,0,0
cust_002269,NEW,52,2,2,0,0
cust_002270,LOYAL,833,25,23,2,1
cust_002271,NEW,8,1,1,0,0
cust_002272,RETURNING,328,5,3,2,1
cust_002273,NEW,16,1,1,0,0
cust_002274,RETURNING,255,6,6,0,0
cust_002275,RETURNING,343,6,5,1,1
cust_002276,RETURNING,52,7,6,1,0
cust_002277,RETURNING,465,7,6,1,1
cust_002278,NEW,48,1,0,1,0
cust_002279,RETURNING,129,6,5,1,0
cust_002280,RETURNING,254,2,1,1,0
cust_002281,LOYAL,1252,26,26,0,0
cust_002282,RETURNING,218,8,6,2,1
cust_002283,RETURNING,159,12,11,1,0
cust_002284,RETURNING,435,6,5,1,0
cust_002285,HIGH_VALUE,1940,27,25,2,0
cust_002286,LOYAL,1452,30,30,0,0
cust_002287,RETURNING,403,9,9,0,0
cust_002288,RETURNING,372,5,2,3,0
cust_002289,NEW,48,1,0,1,0
cust_002290,HIGH_VALUE,1978,36,27,9,3
cust_002291,RETURNING,398,10,9,1,1
cust_002292,RETURNING,88,6,4,2,1
cust_002293,HIGH_VALUE,589,42,42,0,0
cust_002294,LOYAL,1699,21,21,0,0
cust_002295,NEW,25,2,2,0,0
cust_002296,NEW,45,0,0,0,0
cust_002297,NEW,59,1,0,1,0
cust_002298,RETURNING,438,9,9,0,0
cust_002299,NEW,9,0,0,0,0
cust_002300,HIGH_VALUE,2726,48,41,7,2
cust_002301,HIGH_VALUE,1550,37,28,9,3
cust_002302,RETURNING,55,10,8,2,0
cust_002303,RETURNING,47,8,5,3,1
cust_002304,RETURNING,225,10,7,3,0
cust_002305,NEW,32,1,1,0,0
cust_002306,LOYAL,1627,20,16,4,2
cust_002307,NEW,54,1,1,0,0
cust_002308,NEW,6,2,1,1,0
cust_002309,RETURNING,188,7,6,1,0
cust_002310,NEW,22,1,1,0,0
cust_002311,RETURNING,231,5,4,1,1
cust_002312,LOYAL,1705,26,24,2,2
cust_002313,LOYAL,1439,27,24,3,1
cust_002314,RETURNING,113,3,3,0,0
cust_002315,LOYAL,383,25,22,3,3
cust_002316,RETURNING,295,11,9,2,1
cust_002317,LOYAL,644,29,29,0,0
cust_002318,RETURNING,211,6,6,0,0
cust_002319,RETURNING,310,5,4,1,0
cust_002320,HIGH_VALUE,1802,43,38,5,2
cust_002321,RETURNING,443,6,4,2,0
cust_002322,NEW,16,0,0,0,0
cust_002323,RETURNING,69,5,5,0,0
cust_002324,RETURNING,340,10,9,1,0
cust_002325,RETURNING,69,6,5,1,1
cust_002326,RETURNING,226,6,6,0,0
cust_002327,LOYAL,244,19,17,2,0
cust_002328,RETURNING,285,8,6,2,1
cust_002329,RETURNING,410,5,5,0,0
cust_002330,RETURNING,459,7,5,2,2
cust_002331,LOYAL,497,29,28,1,0
cust_002332,NEW,33,0,0,0,0
cust_002333,NEW,44,0,0,0,0
cust_002334,RETURNING,408,6,6,0,0
cust_002335,LOYAL,765,15,14,1,1
cust_002336,LOYAL,1191,21,21,0,0
cust_002337,RETURNING,190,5,5,0,0
cust_002338,LOYAL,1278,26,22,4,1
cust_002339,RETURNING,195,9,7,2,2
cust_002340,NEW,29,0,0,0,0
cust_002341,NEW,45,1,1,0,0
cust_002342,NEW,51,1,1,0,0
cust_002343,RETURNING,309,2,1,1,1
cust_002344,RETURNING,445,5,4,1,0
cust_002345,RETURNING,402,7,6,1,0
cust_002346,RETURNING,454,6,5,1,0
cust_002347,RETURNING,152,6,5,1,0
cust_002348,LOYAL,610,25,22,3,2
cust_002349,LOYAL,677,21,19,2,1
cust_002350,RETURNING,420,6,5,1,0
cust_002351,RETURNING,465,8,7,1,0
cust_002352,RETURNING,81,9,8,1,0
cust_002353,RETURNING,432,4,4,0,0
cust_002354,RETURNING,255,13,12,1,1
cust_002355,RETURNING,415,12,8,4,2
cust_002356,LOYAL,739,23,22,1,1
cust_002357,RETURNING,58,5,5,0,0
cust_002358,NEW,50,2,1,1,0
cust_002359,RETURNING,71,5,5,0,0
cust_002360,LOYAL,914,28,25,3,2
cust_002361,NEW,9,0,0,0,0
cust_002362,LOYAL,1629,26,25,1,1
cust_002363,NEW,20,1,1,0,0
cust_002364,RETURNING,341,8,8,0,0
cust_002365,RETURNING,36,9,8,1,1
cust_002366,NEW,54,0,0,0,0
cust_002367,LOYAL,380,24,18,6,1
cust_002368,RETURNING,278,10,9,1,1
cust_002369,HIGH_VALUE,603,37,33,4,1
cust_002370,RETURNING,362,5,5,0,0
cust_002371,LOYAL,1701,19,18,1,1
cust_002372,LOYAL,1746,27,25,2,2
cust_002373,RETURNING,56,9,8,1,0
cust_002374,RETURNING,62,9,8,1,0
cust_002375,LOYAL,1001,27,22,5,2
cust_002376,RETURNING,283,6,6,0,0
cust_002377,HIGH_VALUE,1974,47,46,1,0
cust_002378,RETURNING,370,12,10,2,0
cust_002379,RETURNING,258,7,6,1,1
cust_002380,NEW,32,0,0,0,0
cust_002381,LOYAL,845,19,18,1,1
cust_002382,HIGH_VALUE,2723,31,29,2,1
cust_002383,NEW,59,0,0,0,0
cust_002384,LOYAL,1207,20,20,0,0
cust_002385,LOYAL,1695,28,28,0,0
cust_002386,NEW,44,0,0,0,0
cust_002387,NEW,11,2,1,1,1
cust_002388,LOYAL,1485,20,19,1,0
cust_002389,RETURNING,481,8,6,2,1
cust_002390,NEW,6,2,2,0,0
cust_002391,LOYAL,514,30,29,1,0
cust_002392,RETURNING,486,12,11,1,1
cust_002393,LOYAL,475,23,21,2,2
cust_002394,LOYAL,1243,16,14,2,1
cust_002395,LOYAL,1399,32,27,5,2
cust_002396,RETURNING,145,6,5,1,0
cust_002397,RETURNING,326,3,1,2,2
cust_002398,RETURNING,330,5,3,2,0
cust_002399,NEW,14,0,0,0,0
cust_002400,RETURNING,460,4,4,0,0
cust_002401,NEW,37,0,0,0,0
cust_002402,RETURNING,355,6,6,0,0
cust_002403,NEW,60,2,2,0,0
cust_002404,RETURNING,42,7,6,1,0
cust_002405,RETURNING,352,10,9,1,0
cust_002406,RETURNING,461,7,7,0,0
cust_002407,LOYAL,435,28,28,0,0
cust_002408,NEW,19,1,1,0,0
cust_002409,LOYAL,1216,29,27,2,1
cust_002410,LOYAL,531,21,20,1,0
cust_002411,RETURNING,415,4,4,0,0
cust_002412,RETURNING,495,6,6,0,0
cust_002413,RETURNING,372,5,5,0,0
cust_002414,NEW,40,0,0,0,0
cust_002415,RETURNING,152,5,3,2,1
cust_002416,NEW,44,2,2,0,0
cust_002417,LOYAL,182,20,19,1,0
cust_002418,LOYAL,1701,24,24,0,0
cust_002419,LOYAL,1252,25,24,1,1
cust_002420,RETURNING,48,13,11,2,0
cust_002421,RETURNING,270,6,6,0,0
cust_002422,HIGH_VALUE,2419,28,23,5,1
cust_002423,RETURNING,401,9,6,3,2
cust_002424,NEW,51,1,0,1,0
cust_002425,RETURNING,110,7,5,2,0
cust_002426,RETURNING,439,11,10,1,0
cust_002427,RETURNING,417,6,6,0,0
cust_002428,NEW,25,2,2,0,0
cust_002429,RETURNING,345,10,9,1,0
cust_002430,RETURNING,420,12,12,0,0
cust_002431,RETURNING,219,9,6,3,1
cust_002432,NEW,0,0,0,0,0
cust_002433,RETURNING,259,4,2,2,0
cust_002434,LOYAL,495,18,18,0,0
cust_002435,RETURNING,98,6,6,0,0
cust_002436,LOYAL,265,29,26,3,1
cust_002437,LOYAL,199,28,25,3,0
cust_002438,RETURNING,221,7,7,0,0
cust_002439,LOYAL,1749,29,27,2,2
cust_002440,LOYAL,507,23,23,0,0
cust_002441,RETURNING,374,7,6,1,0
cust_002442,NEW,13,2,2,0,0
cust_002443,NEW,23,0,0,0,0
cust_002444,HIGH_VALUE,1581,42,40,2,1
cust_002445,LOYAL,653,22,22,0,0
cust_002446,HIGH_VALUE,499,39,34,5,2
cust_002447,LOYAL,400,27,23,4,3
cust_002448,NEW,12,2,2,0,0
cust_002449,LOYAL,1392,28,25,3,1
cust_002450,RETURNING,319,6,5,1,0
cust_002451,LOYAL,1315,21,19,2,2
cust_002452,NEW,57,1,1,0,0
cust_002453,RETURNING,198,8,8,0,0
cust_002454,LOYAL,1084,24,21,3,2
cust_002455,LOYAL,256,31,30,1,0
cust_002456,RETURNING,436,5,4,1,1
cust_002457,RETURNING,50,11,9,2,0
cust_002458,RETURNING,277,7,3,4,2
cust_002459,HIGH_VALUE,1137,41,41,0,0
cust_002460,RETURNING,410,5,3,2,1
cust_002461,RETURNING,366,12,10,2,0
cust_002462,RETURNING,107,3,3,0,0
cust_002463,RETURNING,287,4,4,0,0
cust_002464,RETURNING,77,5,5,0,0
cust_002465,RETURNING,407,6,5,1,1
cust_002466,LOYAL,1286,29,26,3,1
cust_002467,LOYAL,560,20,15,5,3
cust_002468,HIGH_VALUE,2190,54,52,2,0
cust_002469,RETURNING,368,6,6,0,0
cust_002470,RETURNING,54,5,5,0,0
cust_002471,LOYAL,1232,31,30,1,1
cust_002472,LOYAL,688,17,15,2,1
cust_002473,RETURNING,63,7,7,0,0
cust_002474,LOYAL,996,29,27,2,1
cust_002475,LOYAL,1770,27,22,5,2
cust_002476,LOYAL,491,24,24,0,0
cust_002477,LOYAL,1711,18,18,0,0
cust_002478,RETURNING,229,7,6,1,1
cust_002479,RETURNING,423,11,9,2,1
cust_002480,RETURNING,257,10,8,2,2
cust_002481,NEW,3,3,2,1,1
cust_002482,LOYAL,391,14,13,1,1
cust_002483,RETURNING,94,7,7,0,0
cust_002484,NEW,43,1,1,0,0
cust_002485,LOYAL,1672,27,25,2,0
cust_002486,LOYAL,1047,24,22,2,1
cust_002487,LOYAL,446,21,20,1,1
cust_002488,RETURNING,33,9,8,1,1
cust_002489,LOYAL,642,22,21,1,1
cust_002490,RETURNING,87,3,3,0,0
cust_002491,RETURNING,319,3,2,1,1
cust_002492,NEW,0,0,0,0,0
cust_002493,RETURNING,249,6,6,0,0
cust_002494,LOYAL,205,21,20,1,0
cust_002495,RETURNING,241,8,4,4,2
cust_002496,RETURNING,123,4,3,1,0
cust_002497,LOYAL,700,22,19,3,1
cust_002498,LOYAL,1017,24,22,2,1
cust_002499,RETURNING,49,6,6,0,0
cust_002500,HIGH_VALUE,1710,33,33,0,0
cust_002501,LOYAL,1237,15,12,3,2
cust_002502,HIGH_VALUE,2473,25,24,1,1
cust_002503,HIGH_VALUE,1407,44,39,5,2
cust_002504,LOYAL,950,23,22,1,0
cust_002505,LOYAL,971,27,22,5,4
cust_002506,RETURNING,430,9,9,0,0
cust_002507,NEW,24,1,1,0,0
cust_002508,RETURNING,356,12,10,2,0
cust_002509,LOYAL,1339,30,29,1,1
cust_002510,RETURNING,475,10,7,3,0
cust_002511,LOYAL,1497,26,19,7,0
cust_002512,NEW,50,0,0,0,0
cust_002513,RETURNING,212,7,7,0,0
cust_002514,RETURNING,395,7,6,1,0
cust_002515,RETURNING,71,6,3,3,0
cust_002516,NEW,38,0,0,0,0
cust_002517,NEW,12,0,0,0,0
cust_002518,LOYAL,421,30,23,7,1
cust_002519,RETURNING,238,6,4,2,2
cust_002520,NEW,55,1,0,1,0
cust_002521,NEW,57,0,0,0,0
cust_002522,RETURNING,364,9,7,2,1
cust_002523,NEW,34,2,2,0,0
cust_002524,LOYAL,706,24,21,3,2
cust_002525,LOYAL,928,15,14,1,0
cust_002526,RETURNING,125,3,3,0,0
cust_002527,RETURNING,182,3,3,0,0
cust_002528,NEW,24,2,2,0,0
cust_002529,RETURNING,101,9,7,2,0
cust_002530,LOYAL,1650,23,23,0,0
cust_002531,RETURNING,124,5,5,0,0
cust_002532,LOYAL,1209,26,26,0,0
cust_002533,RETURNING,122,11,8,3,1
cust_002534,RETURNING,116,9,5,4,1
cust_002535,RETURNING,302,5,5,0,0
cust_002536,RETURNING,82,7,6,1,0
cust_002537,HIGH_VALUE,1580,33,32,1,1
cust_002538,NEW,26,0,0,0,0
cust_002539,LOYAL,983,24,23,1,1
cust_002540,LOYAL,1562,16,16,0,0
cust_002541,RETURNING,62,5,4,1,0
cust_002542,RETURNING,282,2,2,0,0
cust_002543,RETURNING,357,6,5,1,0
cust_002544,RETURNING,356,9,6,3,2
cust_002545,LOYAL,866,24,17,7,4
cust_002546,RETURNING,57,9,5,4,1
cust_002547,LOYAL,1626,17,13,4,4
cust_002548,RETURNING,328,10,8,2,2
cust_002549,RETURNING,351,9,8,1,0
cust_002550,LOYAL,418,23,22,1,0
cust_002551,RETURNING,428,5,4,1,0
cust_002552,LOYAL,913,22,18,4,3
cust_002553,RETURNING,390,6,5,1,0
cust_002554,HIGH_VALUE,2289,41,38,3,3
cust_002555,LOYAL,415,34,33,1,1
cust_002556,LOYAL,1585,29,29,0,0
cust_002557,RETURNING,305,4,3,1,1
cust_002558,LOYAL,492,24,22,2,1
cust_002559,RETURNING,200,10,9,1,1
cust_002560,LOYAL,856,27,26,1,0
cust_002561,NEW,29,2,1,1,0
cust_002562,RETURNING,326,5,5,0,0
cust_002563,RETURNING,266,12,9,3,0
cust_002564,RETURNING,208,9,9,0,0
cust_002565,RETURNING,242,10,8,2,1
cust_002566,LOYAL,601,24,20,4,2
cust_002567,RETURNING,364,8,6,2,1
cust_002568,LOYAL,1574,21,21,0,0
cust_002569,NEW,3,2,1,1,0
cust_002570,LOYAL,1339,17,15,2,1
cust_002571,LOYAL,325,25,19,6,2
cust_002572,RETURNING,171,8,7,1,0
cust_002573,LOYAL,442,21,21,0,0
cust_002574,LOYAL,836,20,15,5,1
cust_002575,LOYAL,1521,23,23,0,0
cust_002576,RETURNING,500,9,9,0,0
cust_002577,RETURNING,71,6,5,1,1
cust_002578,LOYAL,222,25,24,1,0
cust_002579,RETURNING,193,5,5,0,0
cust_002580,LOYAL,982,20,20,0,0
cust_002581,RETURNING,267,6,4,2,0
cust_002582,LOYAL,244,29,27,2,1
cust_002583,NEW,20,0,0,0,0
cust_002584,NEW,38,2,2,0,0
cust_002585,HIGH_VALUE,850,35,34,1,0
cust_002586,LOYAL,1160,21,19,2,1
cust_002587,LOYAL,194,18,17,1,1
cust_002588,HIGH_VALUE,1547,35,35,0,0
cust_002589,RETURNING,323,3,3,0,0
cust_002590,RETURNING,309,9,8,1,1
cust_002591,NEW,48,3,1,2,1
cust_002592,RETURNING,128,10,6,4,1
cust_002593,RETURNING,496,10,7,3,0
cust_002594,HIGH_VALUE,925,46,46,0,0
cust_002595,NEW,48,1,1,0,0
cust_002596,NEW,25,2,1,1,1
cust_002597,RETURNING,313,8,5,3,0
cust_002598,RETURNING,131,4,3,1,1
cust_002599,RETURNING,434,6,5,1,0
cust_002600,RETURNING,45,7,6,1,0
cust_002601,RETURNING,370,7,4,3,0
cust_002602,RETURNING,155,7,7,0,0
cust_002603,LOYAL,1148,19,17,2,1
cust_002604,RETURNING,256,10,10,0,0
cust_002605,LOYAL,196,23,20,3,1
cust_002606,RETURNING,209,6,5,1,1
cust_002607,NEW,56,2,2,0,0
cust_002608,RETURNING,470,7,5,2,1
cust_002609,HIGH_VALUE,2248,40,37,3,2
cust_002610,RETURNING,227,9,9,0,0
cust_002611,RETURNING,473,8,7,1,0
cust_002612,RETURNING,448,5,4,1,1
cust_002613,LOYAL,661,23,23,0,0
cust_002614,LOYAL,556,29,22,7,0
cust_002615,RETURNING,46,6,6,0,0
cust_002616,LOYAL,351,34,32,2,1
cust_002617,LOYAL,1419,28,24,4,1
cust_002618,RETURNING,105,8,5,3,3
cust_002619,RETURNING,434,6,4,2,1
cust_002620,NEW,35,1,0,1,1
cust_002621,HIGH_VALUE,497,33,33,0,0
cust_002622,RETURNING,438,3,3,0,0
cust_002623,RETURNING,311,7,7,0,0
cust_002624,RETURNING,397,10,8,2,1
cust_002625,NEW,23,1,1,0,0
cust_002626,LOYAL,302,19,17,2,2
cust_002627,RETURNING,464,2,1,1,1
cust_002628,LOYAL,1459,21,17,4,3
cust_002629,RETURNING,189,13,12,1,0
cust_002630,RETURNING,415,4,2,2,0
cust_002631,NEW,7,0,0,0,0
cust_002632,LOYAL,321,20,18,2,2
cust_002633,NEW,19,1,1,0,0
cust_002634,NEW,10,0,0,0,0
cust_002635,LOYAL,866,23,22,1,0
cust_002636,RETURNING,406,9,9,0,0
cust_002637,RETURNING,214,8,5,3,1
cust_002638,RETURNING,410,4,4,0,0
cust_002639,LOYAL,314,25,20,5,4
cust_002640,RETURNING,73,5,5,0,0
cust_002641,RETURNING,241,7,7,0,0
cust_002642,RETURNING,135,6,6,0,0
cust_002643,RETURNING,339,6,6,0,0
cust_002644,RETURNING,224,5,4,1,0
cust_002645,NEW,39,0,0,0,0
cust_002646,NEW,2,0,0,0,0
cust_002647,RETURNING,197,7,6,1,0
cust_002648,LOYAL,1495,16,16,0,0
cust_002649,NEW,26,0,0,0,0
cust_002650,RETURNING,326,5,2,3,1
cust_002651,LOYAL,870,31,30,1,1
cust_002652,LOYAL,1430,25,24,1,1
cust_002653,LOYAL,406,18,18,0,0
cust_002654,RETURNING,103,3,3,0,0
cust_002655,RETURNING,488,2,2,0,0
cust_002656,RETURNING,306,8,8,0,0
cust_002657,NEW,56,0,0,0,0
cust_002658,RETURNING,59,8,7,1,0
cust_002659,RETURNING,314,6,6,0,0
cust_002660,RETURNING,210,5,5,0,0
cust_002661,RETURNING,453,8,8,0,0
cust_002662,RETURNING,403,9,8,1,1
cust_002663,RETURNING,437,3,2,1,0
cust_002664,LOYAL,697,24,22,2,0
cust_002665,LOYAL,1601,28,27,1,1
cust_002666,RETURNING,145,5,4,1,1
cust_002667,RETURNING,163,8,8,0,0
cust_002668,RETURNING,434,9,9,0,0
cust_002669,NEW,55,1,0,1,0
cust_002670,LOYAL,1618,30,29,1,0
cust_002671,NEW,38,0,0,0,0
cust_002672,RETURNING,315,7,6,1,1
cust_002673,RETURNING,101,11,10,1,1
cust_002674,RETURNING,492,11,9,2,0
cust_002675,NEW,54,0,0,0,0
cust_002676,RETURNING,145,6,5,1,1
cust_002677,HIGH_VALUE,2803,30,29,1,1
cust_002678,RETURNING,62,10,7,3,0
cust_002679,RETURNING,206,4,4,0,0
cust_002680,NEW,0,0,0,0,0
cust_002681,RETURNING,437,3,2,1,1
cust_002682,NEW,45,1,1,0,0
cust_002683,RETURNING,178,12,11,1,0
cust_002684,LOYAL,346,27,24,3,2
cust_002685,RETURNING,462,5,5,0,0
cust_002686,RETURNING,56,10,9,1,0
cust_002687,NEW,5,1,1,0,0
cust_002688,NEW,56,0,0,0,0
cust_002689,RETURNING,448,7,7,0,0
cust_002690,LOYAL,777,22,16,6,2
cust_002691,RETURNING,473,10,8,2,1
cust_002692,RETURNING,116,8,8,0,0
cust_002693,LOYAL,409,24,24,0,0
cust_002694,NEW,58,0,0,0,0
cust_002695,NEW,7,1,0,1,1
cust_002696,RETURNING,162,10,9,1,1
cust_002697,LOYAL,684,30,27,3,0
cust_002698,RETURNING,414,4,2,2,0
cust_002699,LOYAL,1479,21,21,0,0
cust_002700,LOYAL,763,24,21,3,1
cust_002701,LOYAL,1048,31,30,1,1
cust_002702,HIGH_VALUE,2381,28,23,5,0
cust_002703,LOYAL,1264,23,19,4,1
cust_002704,LOYAL,702,22,21,1,0
cust_002705,LOYAL,714,34,31,3,2
cust_002706,LOYAL,865,27,27,0,0
cust_002707,LOYAL,529,27,23,4,3
cust_002708,HIGH_VALUE,1313,42,42,0,0
cust_002709,RETURNING,319,6,6,0,0
cust_002710,RETURNING,419,6,6,0,0
cust_002711,RETURNING,179,13,9,4,1
cust_002712,LOYAL,932,18,16,2,1
cust_002713,RETURNING,60,11,9,2,0
cust_002714,LOYAL,984,16,11,5,3
cust_002715,LOYAL,989,21,21,0,0
cust_002716,HIGH_VALUE,2485,37,37,0,0
cust_002717,RETURNING,148,10,8,2,1
cust_002718,LOYAL,445,28,25,3,0
cust_002719,LOYAL,1467,27,23,4,3
cust_002720,HIGH_VALUE,1114,44,44,0,0
cust_002721,LOYAL,673,28,28,0,0
cust_002722,RETURNING,89,7,7,0,0
cust_002723,RETURNING,103,11,7,4,0
cust_002724,NEW,56,0,0,0,0
cust_002725,HIGH_VALUE,2070,48,47,1,0
cust_002726,RETURNING,246,7,6,1,0
cust_002727,LOYAL,498,24,23,1,0
cust_002728,LOYAL,1403,25,22,3,1
cust_002729,RETURNING,458,6,5,1,0
cust_002730,RETURNING,168,5,4,1,0
cust_002731,RETURNING,338,5,5,0,0
cust_002732,LOYAL,909,24,16,8,1
cust_002733,RETURNING,43,8,6,2,1
cust_002734,NEW,37,0,0,0,0
cust_002735,LOYAL,842,10,5,5,2
cust_002736,RETURNING,289,15,12,3,1
cust_002737,LOYAL,1015,19,19,0,0
cust_002738,RETURNING,246,7,7,0,0
cust_002739,RETURNING,293,9,7,2,2
cust_002740,NEW,33,1,1,0,0
cust_002741,RETURNING,302,3,2,1,1
cust_002742,RETURNING,374,5,2,3,0
cust_002743,LOYAL,1269,23,18,5,2
cust_002744,RETURNING,93,8,7,1,0
cust_002745,RETURNING,225,5,5,0,0
cust_002746,RETURNING,431,11,9,2,0
cust_002747,RETURNING,209,7,5,2,2
cust_002748,LOYAL,1205,32,26,6,2
cust_002749,NEW,21,0,0,0,0
cust_002750,HIGH_VALUE,1073,35,35,0,0
cust_002751,RETURNING,148,3,2,1,0
cust_002752,NEW,32,1,1,0,0
cust_002753,RETURNING,364,8,8,0,0
cust_002754,NEW,24,1,1,0,0
cust_002755,LOYAL,465,29,26,3,0
cust_002756,RETURNING,211,6,5,1,1
cust_002757,RETURNING,162,8,7,1,0
cust_002758,LOYAL,1719,25,15,10,5
cust_002759,RETURNING,301,3,3,0,0
cust_002760,HIGH_VALUE,1357,39,38,1,1
cust_002761,HIGH_VALUE,1286,31,24,7,5
cust_002762,LOYAL,1546,28,28,0,0
cust_002763,LOYAL,311,28,26,2,1
cust_002764,LOYAL,1702,27,23,4,3
cust_002765,RETURNING,296,8,7,1,0
cust_002766,LOYAL,1031,26,22,4,3
cust_002767,NEW,41,2,1,1,1
cust_002768,LOYAL,1384,26,25,1,1
cust_002769,HIGH_VALUE,1835,35,30,5,1
cust_002770,NEW,13,1,0,1,1
cust_002771,LOYAL,1039,32,26,6,5
cust_002772,HIGH_VALUE,2256,37,31,6,4
cust_002773,RETURNING,128,9,9,0,0
cust_002774,RETURNING,488,7,7,0,0
cust_002775,LOYAL,1178,28,28,0,0
cust_002776,HIGH_VALUE,2726,42,39,3,1
cust_002777,NEW,24,1,1,0,0
cust_002778,RETURNING,282,5,4,1,0
cust_002779,LOYAL,880,19,17,2,2
cust_002780,RETURNING,146,7,5,2,1
cust_002781,RETURNING,121,7,4,3,2
cust_002782,NEW,17,1,0,1,1
cust_002783,NEW,50,3,2,1,0
cust_002784,RETURNING,47,9,9,0,0
cust_002785,RETURNING,57,7,6,1,0
cust_002786,RETURNING,142,10,9,1,0
cust_002787,LOYAL,579,30,29,1,0
cust_002788,RETURNING,171,9,8,1,1
cust_002789,RETURNING,37,2,2,0,0
cust_002790,NEW,53,0,0,0,0
cust_002791,RETURNING,356,8,5,3,2
cust_002792,RETURNING,304,10,9,1,0
cust_002793,NEW,50,1,1,0,0
cust_002794,NEW,38,2,2,0,0
cust_002795,NEW,40,2,2,0,0
cust_002796,LOYAL,1291,23,22,1,0
cust_002797,RETURNING,169,8,5,3,1
cust_002798,HIGH_VALUE,1473,41,39,2,1
cust_002799,LOYAL,1641,27,23,4,2
cust_002800,RETURNING,36,4,3,1,0
cust_002801,NEW,8,0,0,0,0
cust_002802,RETURNING,80,11,9,2,1
cust_002803,NEW,0,0,0,0,0
cust_002804,RETURNING,246,4,4,0,0
cust_002805,RETURNING,92,8,7,1,0
cust_002806,RETURNING,473,4,4,0,0
cust_002807,RETURNING,289,3,3,0,0
cust_002808,LOYAL,831,25,24,1,1
cust_002809,LOYAL,1517,28,26,2,0
cust_002810,LOYAL,1660,26,25,1,0
cust_002811,RETURNING,91,4,3,1,0
cust_002812,RETURNING,419,7,6,1,1
cust_002813,NEW,15,1,0,1,1
cust_002814,LOYAL,451,27,20,7,4
cust_002815,RETURNING,215,6,6,0,0
cust_002816,RETURNING,168,9,6,3,1
cust_002817,RETURNING,55,5,4,1,0
cust_002818,HIGH_VALUE,2757,36,35,1,1
cust_002819,RETURNING,293,8,8,0,0
cust_002820,RETURNING,316,9,9,0,0
cust_002821,RETURNING,430,14,11,3,1
cust_002822,RETURNING,269,10,9,1,1
cust_002823,RETURNING,166,5,5,0,0
cust_002824,RETURNING,396,11,9,2,2
cust_002825,RETURNING,279,3,3,0,0
cust_002826,LOYAL,611,26,23,3,0
cust_002827,NEW,60,1,0,1,0
cust_002828,LOYAL,958,12,11,1,0
cust_002829,RETURNING,146,10,9,1,1
cust_002830,LOYAL,1117,24,20,4,1
cust_002831,RETURNING,463,11,10,1,1
cust_002832,RETURNING,406,6,4,2,2
cust_002833,RETURNING,123,11,10,1,1
cust_002834,HIGH_VALUE,836,45,42,3,1
cust_002835,RETURNING,56,12,11,1,0
cust_002836,LOYAL,807,20,17,3,1
cust_002837,LOYAL,1744,24,23,1,0
cust_002838,RETURNING,47,4,4,0,0
cust_002839,RETURNING,371,5,4,1,0
cust_002840,RETURNING,170,5,3,2,1
cust_002841,RETURNING,431,4,4,0,0
cust_002842,RETURNING,443,4,3,1,1
cust_002843,RETURNING,308,7,6,1,0
cust_002844,RETURNING,325,5,4,1,0
cust_002845,RETURNING,54,8,6,2,0
cust_002846,LOYAL,1597,25,25,0,0
cust_002847,RETURNING,351,7,6,1,0
cust_002848,LOYAL,1790,30,27,3,1
cust_002849,NEW,60,0,0,0,0
cust_002850,RETURNING,267,5,4,1,1
cust_002851,NEW,49,0,0,0,0
cust_002852,LOYAL,224,26,24,2,0
cust_002853,RETURNING,76,6,4,2,0
cust_002854,HIGH_VALUE,2948,35,29,6,4
cust_002855,RETURNING,68,5,5,0,0
cust_002856,RETURNING,207,1,1,0,0
cust_002857,RETURNING,240,5,5,0,0
cust_002858,RETURNING,40,7,7,0,0
cust_002859,RETURNING,94,7,7,0,0
cust_002860,RETURNING,444,8,8,0,0
cust_002861,RETURNING,326,8,7,1,0
cust_002862,NEW,39,0,0,0,0
cust_002863,NEW,7,1,1,0,0
cust_002864,HIGH_VALUE,762,38,34,4,2
cust_002865,RETURNING,38,10,9,1,1
cust_002866,NEW,10,0,0,0,0
cust_002867,HIGH_VALUE,770,35,34,1,0
cust_002868,NEW,37,1,1,0,0
cust_002869,RETURNING,261,6,5,1,1
cust_002870,LOYAL,566,27,23,4,2
cust_002871,LOYAL,559,19,14,5,3
cust_002872,LOYAL,1744,22,21,1,0
cust_002873,RETURNING,79,9,8,1,1
cust_002874,HIGH_VALUE,506,47,45,2,1
cust_002875,NEW,13,0,0,0,0
cust_002876,HIGH_VALUE,1846,34,30,4,3
cust_002877,LOYAL,1285,25,24,1,0
cust_002878,LOYAL,1577,25,25,0,0
cust_002879,RETURNING,151,7,5,2,0
cust_002880,NEW,48,0,0,0,0
cust_002881,LOYAL,1658,14,13,1,1
cust_002882,RETURNING,253,4,4,0,0
cust_002883,RETURNING,406,4,4,0,0
cust_002884,LOYAL,567,21,18,3,3
cust_002885,RETURNING,349,8,6,2,1
cust_002886,RETURNING,200,9,9,0,0
cust_002887,RETURNING,208,9,7,2,1
cust_002888,NEW,45,1,1,0,0
cust_002889,RETURNING,75,12,12,0,0
cust_002890,NEW,13,0,0,0,0
cust_002891,LOYAL,1042,21,21,0,0
cust_002892,LOYAL,1534,27,23,4,2
cust_002893,RETURNING,144,4,3,1,0
cust_002894,RETURNING,389,10,7,3,0
cust_002895,LOYAL,482,18,18,0,0
cust_002896,LOYAL,647,24,21,3,1
cust_002897,LOYAL,1447,25,22,3,2
cust_002898,RETURNING,435,6,5,1,1
cust_002899,LOYAL,1587,25,24,1,1
cust_002900,RETURNING,395,9,9,0,0
cust_002901,RETURNING,250,6,6,0,0
cust_002902,LOYAL,995,23,23,0,0
cust_002903,RETURNING,283,6,6,0,0
cust_002904,RETURNING,366,10,9,1,0
cust_002905,RETURNING,312,6,4,2,1
cust_002906,RETURNING,225,8,7,1,0
cust_002907,RETURNING,235,9,6,3,0
cust_002908,LOYAL,1248,19,15,4,1
cust_002909,RETURNING,371,5,4,1,0
cust_002910,RETURNING,362,5,5,0,0
cust_002911,LOYAL,440,26,22,4,3
cust_002912,RETURNING,369,6,2,4,2
cust_002913,LOYAL,831,20,18,2,1
cust_002914,RETURNING,135,8,6,2,1
cust_002915,RETURNING,465,7,6,1,1
cust_002916,RETURNING,479,4,4,0,0
cust_002917,LOYAL,1779,26,19,7,6
cust_002918,NEW,57,0,0,0,0
cust_002919,LOYAL,1152,25,22,3,1
cust_002920,RETURNING,376,6,5,1,1
cust_002921,RETURNING,47,9,7,2,1
cust_002922,RETURNING,486,7,7,0,0
cust_002923,NEW,31,0,0,0,0
cust_002924,RETURNING,175,4,3,1,0
cust_002925,RETURNING,268,8,8,0,0
cust_002926,RETURNING,459,8,7,1,0
cust_002927,RETURNING,432,6,5,1,1
cust_002928,RETURNING,419,5,3,2,0
cust_002929,NEW,3,0,0,0,0
cust_002930,NEW,48,1,0,1,0
cust_002931,RETURNING,470,8,8,0,0
cust_002932,RETURNING,479,5,4,1,1
cust_002933,RETURNING,39,5,5,0,0
cust_002934,NEW,51,1,1,0,0
cust_002935,LOYAL,779,31,24,7,5
cust_002936,RETURNING,263,5,3,2,1
cust_002937,NEW,41,1,1,0,0
cust_002938,LOYAL,1652,30,26,4,3
cust_002939,RETURNING,423,6,4,2,1
cust_002940,RETURNING,223,8,7,1,0
cust_002941,HIGH_VALUE,473,38,38,0,0
cust_002942,HIGH_VALUE,2345,34,32,2,1
cust_002943,LOYAL,1697,19,17,2,0
cust_002944,NEW,52,1,1,0,0
cust_002945,RETURNING,444,5,4,1,1
cust_002946,HIGH_VALUE,928,31,26,5,1
cust_002947,HIGH_VALUE,2739,42,40,2,0
cust_002948,NEW,30,0,0,0,0
cust_002949,RETURNING,44,5,5,0,0
cust_002950,RETURNING,475,7,6,1,1
cust_002951,NEW,24,0,0,0,0
cust_002952,LOYAL,1377,20,18,2,2
cust_002953,RETURNING,289,7,7,0,0
cust_002954,RETURNING,127,10,9,1,0
cust_002955,NEW,50,1,1,0,0
cust_002956,RETURNING,299,8,8,0,0
cust_002957,NEW,48,0,0,0,0
cust_002958,RETURNING,301,8,8,0,0
cust_002959,NEW,60,0,0,0,0
cust_002960,HIGH_VALUE,2615,50,48,2,0
cust_002961,NEW,2,0,0,0,0
cust_002962,RETURNING,303,6,6,0,0
cust_002963,RETURNING,203,7,6,1,0
cust_002964,NEW,53,0,0,0,0
cust_002965,RETURNING,36,8,5,3,1
cust_002966,NEW,54,3,1,2,1
cust_002967,NEW,53,3,3,0,0
cust_002968,RETURNING,150,6,6,0,0
cust_002969,RETURNING,94,10,8,2,2
cust_002970,NEW,39,0,0,0,0
cust_002971,RETURNING,424,12,8,4,2
cust_002972,RETURNING,452,6,4,2,0
cust_002973,RETURNING,287,3,3,0,0
cust_002974,RETURNING,376,7,7,0,0
cust_002975,NEW,30,0,0,0,0
cust_002976,RETURNING,131,12,9,3,0
cust_002977,RETURNING,276,6,1,5,2
cust_002978,HIGH_VALUE,2607,32,29,3,1
cust_002979,HIGH_VALUE,1410,37,31,6,1
cust_002980,HIGH_VALUE,2456,43,43,0,0
cust_002981,RETURNING,66,12,12,0,0
cust_002982,NEW,56,0,0,0,0
cust_002983,RETURNING,154,5,5,0,0
cust_002984,RETURNING,85,4,3,1,0
cust_002985,NEW,55,2,2,0,0
cust_002986,NEW,54,0,0,0,0
cust_002987,RETURNING,304,7,6,1,0
cust_002988,RETURNING,395,8,7,1,0
cust_002989,RETURNING,296,2,1,1,0
cust_002990,LOYAL,1634,28,24,4,2
cust_002991,RETURNING,353,9,6,3,2
cust_002992,LOYAL,1303,24,23,1,0
cust_002993,RETURNING,100,11,9,2,0
cust_002994,RETURNING,260,2,2,0,0
cust_002995,RETURNING,204,10,10,0,0
cust_002996,RETURNING,425,9,9,0,0
cust_002997,NEW,51,0,0,0,0
cust_002998,NEW,56,2,2,0,0
cust_002999,RETURNING,279,6,4,2,0
cust_003000,RETURNING,120,8,5,3,2
cust_003001,NEW,0,2,2,0,0
cust_003002,LOYAL,976,26,25,1,0
cust_003003,NEW,8,1,1,0,0
cust_003004,RETURNING,323,5,5,0,0
cust_003005,RETURNING,448,8,8,0,0
cust_003006,RETURNING,168,7,6,1,0
cust_003007,RETURNING,454,7,6,1,0
cust_003008,NEW,33,1,0,1,0
cust_003009,LOYAL,917,27,23,4,3
cust_003010,RETURNING,163,11,8,3,0
cust_003011,RETURNING,122,5,4,1,0
cust_003012,RETURNING,101,0,0,0,0
cust_003013,LOYAL,838,29,26,3,0
cust_003014,LOYAL,496,24,21,3,0
cust_003015,HIGH_VALUE,485,38,34,4,0
cust_003016,RETURNING,484,5,4,1,1
cust_003017,LOYAL,1018,26,21,5,3
cust_003018,RETURNING,352,6,5,1,1
cust_003019,LOYAL,893,27,26,1,1
cust_003020,RETURNING,467,8,8,0,0
cust_003021,RETURNING,434,11,9,2,2
cust_003022,RETURNING,106,10,9,1,1
cust_003023,RETURNING,305,6,5,1,1
cust_003024,NEW,11,2,1,1,0
cust_003025,RETURNING,444,11,11,0,0
cust_003026,RETURNING,126,7,6,1,0
cust_003027,LOYAL,1547,18,18,0,0
cust_003028,RETURNING,255,8,5,3,1
cust_003029,LOYAL,752,27,24,3,0
cust_003030,RETURNING,402,8,7,1,1
cust_003031,LOYAL,1579,34,30,4,1
cust_003032,NEW,57,0,0,0,0
cust_003033,LOYAL,1748,22,17,5,1
cust_003034,RETURNING,31,11,10,1,0
cust_003035,RETURNING,268,8,7,1,0
cust_003036,RETURNING,213,6,3,3,0
cust_003037,RETURNING,89,2,2,0,0
cust_003038,RETURNING,498,7,7,0,0
cust_003039,LOYAL,1791,21,21,0,0
cust_003040,HIGH_VALUE,1917,43,40,3,1
cust_003041,LOYAL,1417,26,26,0,0
cust_003042,RETURNING,169,7,7,0,0
cust_003043,RETURNING,129,6,6,0,0
cust_003044,LOYAL,735,27,22,5,4
cust_003045,LOYAL,1157,25,21,4,3
cust_003046,RETURNING,181,10,8,2,1
cust_003047,HIGH_VALUE,2992,48,48,0,0
cust_003048,RETURNING,240,7,7,0,0
cust_003049,LOYAL,690,30,24,6,3
cust_003050,HIGH_VALUE,2147,47,44,3,0
cust_003051,LOYAL,336,24,22,2,1
cust_003052,NEW,21,0,0,0,0
cust_003053,RETURNING,353,6,4,2,1
cust_003054,NEW,60,0,0,0,0
cust_003055,LOYAL,353,30,22,8,4
cust_003056,RETURNING,273,3,2,1,0
cust_003057,LOYAL,881,28,28,0,0
cust_003058,LOYAL,564,31,29,2,2
cust_003059,RETURNING,214,8,7,1,0
cust_003060,RETURNING,55,6,3,3,2
cust_003061,RETURNING,46,5,5,0,0
cust_003062,RETURNING,204,18,15,3,1
cust_003063,NEW,56,1,1,0,0
cust_003064,NEW,36,1,1,0,0
cust_003065,RETURNING,373,7,7,0,0
cust_003066,RETURNING,402,3,3,0,0
cust_003067,RETURNING,286,6,6,0,0
cust_003068,NEW,3,1,1,0,0
cust_003069,RETURNING,430,5,4,1,1
cust_003070,RETURNING,263,1,0,1,1
cust_003071,RETURNING,232,13,11,2,1
cust_003072,LOYAL,675,20,18,2,2
cust_003073,RETURNING,107,9,8,1,0
cust_003074,RETURNING,256,9,8,1,1
cust_003075,LOYAL,256,31,28,3,1
cust_003076,RETURNING,358,10,10,0,0
cust_003077,RETURNING,265,8,8,0,0
cust_003078,NEW,1,1,0,1,0
cust_003079,NEW,48,1,1,0,0
cust_003080,NEW,17,0,0,0,0
cust_003081,LOYAL,1711,24,23,1,1
cust_003082,LOYAL,1199,29,24,5,2
cust_003083,RETURNING,419,5,5,0,0
cust_003084,RETURNING,271,5,4,1,0
cust_003085,RETURNING,132,7,6,1,1
cust_003086,RETURNING,294,5,4,1,0
cust_003087,RETURNING,474,7,7,0,0
cust_003088,LOYAL,456,25,21,4,3
cust_003089,LOYAL,660,22,17,5,2
cust_003090,RETURNING,330,10,9,1,0
cust_003091,RETURNING,215,13,12,1,0
cust_003092,RETURNING,50,7,5,2,0
cust_003093,RETURNING,345,5,4,1,0
cust_003094,LOYAL,1448,24,24,0,0
cust_003095,NEW,26,2,1,1,0
cust_003096,LOYAL,1574,19,17,2,0
cust_003097,LOYAL,718,27,27,0,0
cust_003098,LOYAL,1335,22,21,1,1
cust_003099,RETURNING,37,8,6,2,0
cust_003100,RETURNING,495,5,5,0,0
cust_003101,LOYAL,466,39,37,2,1
cust_003102,LOYAL,616,25,20,5,2
cust_003103,RETURNING,284,3,3,0,0
cust_003104,LOYAL,567,20,18,2,2
cust_003105,RETURNING,39,9,8,1,0
cust_003106,RETURNING,496,11,7,4,2
cust_003107,LOYAL,641,22,22,0,0
cust_003108,RETURNING,420,7,6,1,0
cust_003109,RETURNING,396,10,8,2,1
cust_003110,HIGH_VALUE,489,39,38,1,1
cust_003111,LOYAL,1773,24,23,1,1
cust_003112,LOYAL,323,20,18,2,0
cust_003113,RETURNING,117,11,9,2,0
cust_003114,HIGH_VALUE,2118,45,44,1,1
cust_003115,NEW,4,0,0,0,0
cust_003116,RETURNING,337,4,3,1,0
cust_003117,RETURNING,181,7,4,3,1
cust_003118,LOYAL,540,32,29,3,0
cust_003119,LOYAL,299,28,28,0,0
cust_003120,LOYAL,761,15,14,1,0
cust_003121,RETURNING,424,8,7,1,0
cust_003122,RETURNING,66,6,6,0,0
cust_003123,RETURNING,220,6,6,0,0
cust_003124,RETURNING,255,4,3,1,0
cust_003125,NEW,11,0,0,0,0
cust_003126,RETURNING,401,12,12,0,0
cust_003127,LOYAL,1234,25,25,0,0
cust_003128,LOYAL,727,24,20,4,3
cust_003129,LOYAL,946,21,17,4,2
cust_003130,RETURNING,42,5,4,1,1
cust_003131,RETURNING,417,10,8,2,0
cust_003132,NEW,39,1,1,0,0
cust_003133,RETURNING,250,9,8,1,1
cust_003134,RETURNING,351,6,6,0,0
cust_003135,RETURNING,395,9,9,0,0
cust_003136,NEW,6,1,1,0,0
cust_003137,LOYAL,1470,24,24,0,0
cust_003138,RETURNING,207,9,9,0,0
cust_003139,RETURNING,226,8,7,1,1
cust_003140,RETURNING,92,3,3,0,0
cust_003141,RETURNING,367,10,6,4,1
cust_003142,RETURNING,254,6,6,0,0
cust_003143,RETURNING,78,3,2,1,0
cust_003144,RETURNING,96,3,3,0,0
cust_003145,NEW,26,0,0,0,0
cust_003146,LOYAL,242,22,21,1,1
cust_003147,NEW,28,2,2,0,0
cust_003148,RETURNING,358,3,2,1,1
cust_003149,RETURNING,459,3,3,0,0
cust_003150,RETURNING,104,8,6,2,0
cust_003151,RETURNING,169,12,12,0,0
cust_003152,LOYAL,1111,31,30,1,0
cust_003153,RETURNING,444,2,2,0,0
cust_003154,RETURNING,309,8,8,0,0
cust_003155,RETURNING,493,11,10,1,0
cust_003156,NEW,39,3,2,1,0
cust_003157,RETURNING,362,4,3,1,1
cust_003158,RETURNING,45,6,3,3,1
cust_003159,RETURNING,81,10,7,3,1
cust_003160,HIGH_VALUE,1440,29,28,1,1
cust_003161,LOYAL,394,26,23,3,2
cust_003162,HIGH_VALUE,1745,34,29,5,3
cust_003163,RETURNING,61,3,3,0,0
cust_003164,LOYAL,1633,21,18,3,1
cust_003165,RETURNING,190,5,5,0,0
cust_003166,RETURNING,497,5,4,1,1
cust_003167,HIGH_VALUE,2377,31,31,0,0
cust_003168,RETURNING,234,7,6,1,0
cust_003169,LOYAL,497,25,19,6,3
cust_003170,LOYAL,933,26,26,0,0
cust_003171,NEW,38,0,0,0,0
cust_003172,LOYAL,1270,27,25,2,1
cust_003173,RETURNING,306,7,5,2,0
cust_003174,LOYAL,728,28,26,2,1
cust_003175,LOYAL,184,24,20,4,1
cust_003176,NEW,31,2,1,1,0
cust_003177,NEW,36,1,0,1,0
cust_003178,NEW,45,0,0,0,0
cust_003179,RETURNING,113,5,5,0,0
cust_003180,NEW,44,1,0,1,0
cust_003181,LOYAL,938,23,20,3,1
cust_003182,RETURNING,469,3,1,2,0
cust_003183,LOYAL,503,24,22,2,1
cust_003184,RETURNING,30,6,5,1,1
cust_003185,RETURNING,500,4,3,1,0
cust_003186,NEW,56,0,0,0,0
cust_003187,LOYAL,1724,27,24,3,2
cust_003188,NEW,54,0,0,0,0
cust_003189,NEW,45,0,0,0,0
cust_003190,RETURNING,315,7,4,3,2
cust_003191,LOYAL,780,25,24,1,1
cust_003192,NEW,14,0,0,0,0
cust_003193,RETURNING,494,7,7,0,0
cust_003194,LOYAL,1290,21,21,0,0
cust_003195,LOYAL,1110,20,20,0,0
cust_003196,RETURNING,61,11,10,1,1
cust_003197,NEW,44,2,1,1,0
cust_003198,RETURNING,475,17,13,4,2
cust_003199,RETURNING,360,6,5,1,1
cust_003200,LOYAL,555,23,19,4,1
cust_003201,RETURNING,223,9,9,0,0
cust_003202,RETURNING,441,5,5,0,0
cust_003203,NEW,38,0,0,0,0
cust_003204,RETURNING,166,3,2,1,0
cust_003205,RETURNING,91,9,6,3,1
cust_003206,LOYAL,437,26,26,0,0
cust_003207,NEW,26,0,0,0,0
cust_003208,HIGH_VALUE,1179,52,44,8,2
cust_003209,LOYAL,1536,25,24,1,1
cust_003210,RETURNING,138,6,6,0,0
cust_003211,NEW,20,0,0,0,0
cust_003212,RETURNING,264,9,7,2,2
cust_003213,NEW,37,1,0,1,0
cust_003214,RETURNING,470,3,3,0,0
cust_003215,LOYAL,1456,18,16,2,1
cust_003216,RETURNING,442,8,7,1,0
cust_003217,NEW,30,2,2,0,0
cust_003218,RETURNING,263,7,6,1,1
cust_003219,RETURNING,404,7,6,1,0
cust_003220,HIGH_VALUE,1496,45,39,6,2
cust_003221,NEW,52,0,0,0,0
cust_003222,LOYAL,1781,20,20,0,0
cust_003223,LOYAL,1567,26,26,0,0
cust_003224,NEW,59,3,1,2,2
cust_003225,NEW,19,0,0,0,0
cust_003226,RETURNING,352,6,5,1,0
cust_003227,LOYAL,295,30,25,5,2
cust_003228,RETURNING,282,8,7,1,0
cust_003229,RETURNING,304,11,10,1,1
cust_003230,LOYAL,380,28,26,2,1
cust_003231,LOYAL,1497,31,31,0,0
cust_003232,RETURNING,65,9,8,1,1
cust_003233,RETURNING,490,8,7,1,1
cust_003234,LOYAL,599,26,26,0,0
cust_003235,RETURNING,368,8,6,2,1
cust_003236,LOYAL,312,20,17,3,0
cust_003237,NEW,40,3,2,1,0
cust_003238,RETURNING,476,11,10,1,0
cust_003239,LOYAL,1390,24,23,1,1
cust_003240,RETURNING,189,11,7,4,1
cust_003241,NEW,49,1,1,0,0
cust_003242,RETURNING,281,6,6,0,0
cust_003243,RETURNING,200,6,6,0,0
cust_003244,LOYAL,1619,22,22,0,0
cust_003245,NEW,41,1,1,0,0
cust_003246,NEW,49,0,0,0,0
cust_003247,RETURNING,343,6,5,1,0
cust_003248,HIGH_VALUE,377,40,40,0,0
cust_003249,RETURNING,370,3,2,1,1
cust_003250,HIGH_VALUE,1360,47,42,5,1
cust_003251,LOYAL,283,34,31,3,2
cust_003252,RETURNING,112,5,4,1,1
cust_003253,LOYAL,1117,30,29,1,1
cust_003254,LOYAL,1752,23,21,2,2
cust_003255,RETURNING,417,6,5,1,1
cust_003256,RETURNING,103,7,6,1,0
cust_003257,LOYAL,250,23,22,1,1
cust_003258,LOYAL,897,26,26,0,0
cust_003259,LOYAL,949,23,23,0,0
cust_003260,HIGH_VALUE,405,40,37,3,1
cust_003261,RETURNING,111,9,7,2,1
cust_003262,LOYAL,1444,11,10,1,1
cust_003263,LOYAL,215,20,18,2,2
cust_003264,RETURNING,323,2,2,0,0
cust_003265,NEW,26,1,1,0,0
cust_003266,RETURNING,281,5,5,0,0
cust_003267,LOYAL,1513,23,23,0,0
cust_003268,RETURNING,400,6,6,0,0
cust_003269,LOYAL,375,21,19,2,2
cust_003270,NEW,56,0,0,0,0
cust_003271,RETURNING,163,3,3,0,0
cust_003272,RETURNING,411,9,9,0,0
cust_003273,NEW,20,1,0,1,0
cust_003274,LOYAL,1404,27,25,2,0
cust_003275,NEW,21,0,0,0,0
cust_003276,LOYAL,1261,17,16,1,1
cust_003277,RETURNING,60,4,4,0,0
cust_003278,HIGH_VALUE,1296,31,31,0,0
cust_003279,RETURNING,361,4,3,1,1
cust_003280,NEW,36,0,0,0,0
cust_003281,NEW,40,0,0,0,0
cust_003282,NEW,6,1,0,1,0
cust_003283,RETURNING,328,5,4,1,1
cust_003284,LOYAL,1790,24,20,4,2
cust_003285,RETURNING,386,6,6,0,0
cust_003286,RETURNING,330,8,6,2,1
cust_003287,RETURNING,423,8,7,1,1
cust_003288,RETURNING,270,7,6,1,0
cust_003289,LOYAL,1152,27,27,0,0
cust_003290,RETURNING,260,4,3,1,0
cust_003291,LOYAL,1264,23,23,0,0
cust_003292,HIGH_VALUE,2538,39,35,4,3
cust_003293,RETURNING,194,8,7,1,0
cust_003294,NEW,20,2,1,1,0
cust_003295,NEW,16,0,0,0,0
cust_003296,RETURNING,74,12,9,3,0
cust_003297,RETURNING,469,13,5,8,0
cust_003298,HIGH_VALUE,1881,40,38,2,0
cust_003299,RETURNING,410,8,7,1,1
cust_003300,RETURNING,184,9,6,3,2
cust_003301,LOYAL,1605,19,17,2,0
cust_003302,RETURNING,183,6,6,0,0
cust_003303,LOYAL,1417,21,20,1,1
cust_003304,NEW,48,0,0,0,0
cust_003305,RETURNING,491,4,4,0,0
cust_003306,HIGH_VALUE,1545,29,27,2,0
cust_003307,LOYAL,1603,24,21,3,2
cust_003308,LOYAL,734,15,11,4,0
cust_003309,RETURNING,458,8,7,1,0
cust_003310,LOYAL,884,26,21,5,2
cust_003311,RETURNING,489,6,4,2,2
cust_003312,RETURNING,496,9,8,1,0
cust_003313,NEW,57,0,0,0,0
cust_003314,RETURNING,484,2,2,0,0
cust_003315,RETURNING,380,7,6,1,0
cust_003316,NEW,6,0,0,0,0
cust_003317,LOYAL,480,25,23,2,1
cust_003318,LOYAL,726,30,28,2,2
cust_003319,LOYAL,443,29,24,5,3
cust_003320,NEW,28,2,2,0,0
cust_003321,HIGH_VALUE,1228,35,34,1,1
cust_003322,NEW,11,0,0,0,0
cust_003323,RETURNING,313,3,3,0,0
cust_003324,LOYAL,1627,26,25,1,0
cust_003325,NEW,19,1,1,0,0
cust_003326,NEW,28,0,0,0,0
cust_003327,NEW,36,0,0,0,0
cust_003328,RETURNING,280,5,4,1,1
cust_003329,LOYAL,1408,29,26,3,3
cust_003330,NEW,5,0,0,0,0
cust_003331,NEW,52,0,0,0,0
cust_003332,RETURNING,460,8,7,1,0
cust_003333,RETURNING,457,6,6,0,0
cust_003334,LOYAL,1384,23,22,1,1
cust_003335,HIGH_VALUE,2756,35,35,0,0
cust_003336,LOYAL,428,24,22,2,2
cust_003337,LOYAL,852,16,15,1,1
cust_003338,RETURNING,171,6,6,0,0
cust_003339,LOYAL,319,27,26,1,1
cust_003340,RETURNING,308,10,10,0,0
cust_003341,NEW,18,2,2,0,0
cust_003342,RETURNING,383,4,2,2,0
cust_003343,NEW,34,2,1,1,1
cust_003344,LOYAL,1413,31,31,0,0
cust_003345,LOYAL,872,21,21,0,0
cust_003346,HIGH_VALUE,2262,45,45,0,0
cust_003347,RETURNING,359,9,7,2,1
cust_003348,RETURNING,62,5,4,1,0
cust_003349,LOYAL,1407,21,15,6,2
cust_003350,RETURNING,187,10,7,3,3
cust_003351,RETURNING,53,5,5,0,0
cust_003352,RETURNING,482,14,13,1,0
cust_003353,HIGH_VALUE,2592,42,38,4,3
cust_003354,LOYAL,1781,17,16,1,1
cust_003355,NEW,6,0,0,0,0
cust_003356,RETURNING,322,11,9,2,1
cust_003357,RETURNING,438,9,9,0,0
cust_003358,NEW,53,0,0,0,0
cust_003359,RETURNING,439,12,10,2,0
cust_003360,RETURNING,471,4,4,0,0
cust_003361,NEW,29,2,2,0,0
cust_003362,RETURNING,106,8,7,1,1
cust_003363,NEW,46,1,0,1,1
cust_003364,RETURNING,171,6,5,1,0
cust_003365,NEW,18,1,0,1,1
cust_003366,LOYAL,1414,22,21,1,0
cust_003367,RETURNING,177,10,9,1,1
cust_003368,LOYAL,1342,22,22,0,0
cust_003369,NEW,18,1,1,0,0
cust_003370,RETURNING,285,5,2,3,1
cust_003371,RETURNING,397,4,3,1,0
cust_003372,RETURNING,215,3,3,0,0
cust_003373,RETURNING,106,11,9,2,0
cust_003374,LOYAL,1056,25,20,5,2
cust_003375,LOYAL,1331,29,24,5,3
cust_003376,RETURNING,470,3,3,0,0
cust_003377,NEW,8,0,0,0,0
cust_003378,LOYAL,1504,21,19,2,1
cust_003379,RETURNING,227,6,6,0,0
cust_003380,RETURNING,467,2,2,0,0
cust_003381,LOYAL,1317,20,19,1,0
cust_003382,RETURNING,487,6,6,0,0
cust_003383,RETURNING,436,7,7,0,0
cust_003384,RETURNING,287,6,4,2,0
cust_003385,RETURNING,482,6,6,0,0
cust_003386,RETURNING,317,17,13,4,2
cust_003387,LOYAL,1683,13,12,1,0
cust_003388,NEW,12,0,0,0,0
cust_003389,LOYAL,1185,19,19,0,0
cust_003390,LOYAL,1798,19,19,0,0
cust_003391,LOYAL,1429,16,15,1,1
cust_003392,NEW,20,0,0,0,0
cust_003393,RETURNING,427,5,5,0,0
cust_003394,RETURNING,83,5,3,2,1
cust_003395,RETURNING,171,5,4,1,0
cust_003396,LOYAL,1761,31,30,1,0
cust_003397,RETURNING,200,4,3,1,0
cust_003398,LOYAL,1389,27,26,1,0
cust_003399,NEW,60,0,0,0,0
cust_003400,RETURNING,439,9,8,1,0
cust_003401,NEW,53,0,0,0,0
cust_003402,LOYAL,1483,19,19,0,0
cust_003403,NEW,18,0,0,0,0
cust_003404,RETURNING,253,5,4,1,0
cust_003405,LOYAL,376,18,16,2,1
cust_003406,RETURNING,354,8,7,1,1
cust_003407,NEW,10,1,1,0,0
cust_003408,NEW,40,0,0,0,0
cust_003409,RETURNING,246,5,3,2,0
cust_003410,RETURNING,66,12,9,3,1
cust_003411,RETURNING,149,10,10,0,0
cust_003412,RETURNING,221,9,9,0,0
cust_003413,RETURNING,491,5,4,1,0
cust_003414,RETURNING,392,7,7,0,0
cust_003415,RETURNING,451,6,4,2,1
cust_003416,RETURNING,497,7,6,1,0
cust_003417,NEW,46,2,2,0,0
cust_003418,RETURNING,35,5,5,0,0
cust_003419,NEW,33,1,0,1,0
cust_003420,RETURNING,154,15,8,7,1
cust_003421,LOYAL,370,28,26,2,1
cust_003422,LOYAL,237,16,16,0,0
cust_003423,RETURNING,34,10,6,4,1
cust_003424,RETURNING,135,5,3,2,0
cust_003425,RETURNING,190,8,6,2,1
cust_003426,LOYAL,454,24,22,2,0
cust_003427,RETURNING,179,9,9,0,0
cust_003428,RETURNING,284,8,8,0,0
cust_003429,RETURNING,450,4,2,2,1
cust_003430,NEW,45,0,0,0,0
cust_003431,RETURNING,73,10,10,0,0
cust_003432,LOYAL,1148,18,15,3,3
cust_003433,LOYAL,1124,30,28,2,1
cust_003434,NEW,6,1,1,0,0
cust_003435,RETURNING,295,11,9,2,2
cust_003436,RETURNING,494,7,5,2,1
cust_003437,RETURNING,94,6,5,1,0
cust_003438,RETURNING,254,7,6,1,0
cust_003439,NEW,21,2,1,1,0
cust_003440,LOYAL,858,21,17,4,3
cust_003441,HIGH_VALUE,452,25,25,0,0
cust_003442,RETURNING,165,7,6,1,0
cust_003443,LOYAL,330,22,19,3,1
cust_003444,RETURNING,421,9,9,0,0
cust_003445,RETURNING,425,8,5,3,2
cust_003446,NEW,45,1,0,1,0
cust_003447,RETURNING,344,7,4,3,1
cust_003448,NEW,41,0,0,0,0
cust_003449,LOYAL,555,23,23,0,0
cust_003450,RETURNING,338,5,4,1,0
cust_003451,RETURNING,149,7,7,0,0
cust_003452,RETURNING,351,9,7,2,1
cust_003453,HIGH_VALUE,992,32,31,1,1
cust_003454,NEW,30,0,0,0,0
cust_003455,NEW,47,0,0,0,0
cust_003456,NEW,21,0,0,0,0
cust_003457,RETURNING,249,6,4,2,0
cust_003458,HIGH_VALUE,2579,44,40,4,3
cust_003459,RETURNING,210,6,5,1,1
cust_003460,LOYAL,985,30,25,5,2
cust_003461,RETURNING,320,10,8,2,0
cust_003462,RETURNING,496,11,11,0,0
cust_003463,NEW,51,2,2,0,0
cust_003464,RETURNING,114,6,5,1,1
cust_003465,RETURNING,490,4,3,1,1
cust_003466,RETURNING,99,6,4,2,1
cust_003467,RETURNING,455,9,8,1,0
cust_003468,LOYAL,1249,34,31,3,3
cust_003469,HIGH_VALUE,1367,27,26,1,1
cust_003470,RETURNING,500,8,8,0,0
cust_003471,RETURNING,108,10,6,4,0
cust_003472,LOYAL,829,31,28,3,1
cust_003473,RETURNING,316,7,7,0,0
cust_003474,LOYAL,1459,27,27,0,0
cust_003475,RETURNING,41,8,6,2,0
cust_003476,LOYAL,288,28,26,2,1
cust_003477,NEW,53,1,1,0,0
cust_003478,RETURNING,387,3,3,0,0
cust_003479,RETURNING,484,4,3,1,0
cust_003480,RETURNING,278,6,5,1,0
cust_003481,LOYAL,1707,24,24,0,0
cust_003482,HIGH_VALUE,2603,34,32,2,1
cust_003483,NEW,39,0,0,0,0
cust_003484,RETURNING,48,4,3,1,0
cust_003485,RETURNING,142,9,7,2,1
cust_003486,RETURNING,322,5,3,2,1
cust_003487,RETURNING,433,11,10,1,1
cust_003488,LOYAL,351,30,28,2,0
cust_003489,LOYAL,1517,20,20,0,0
cust_003490,NEW,48,0,0,0,0
cust_003491,RETURNING,351,4,3,1,0
cust_003492,RETURNING,453,9,9,0,0
cust_003493,RETURNING,160,7,7,0,0
cust_003494,NEW,54,1,1,0,0
cust_003495,RETURNING,231,4,3,1,0
cust_003496,RETURNING,146,11,11,0,0
cust_003497,RETURNING,220,9,7,2,1
cust_003498,LOYAL,311,18,15,3,1
cust_003499,RETURNING,279,5,5,0,0
cust_003500,RETURNING,80,7,4,3,1
cust_003501,RETURNING,253,7,5,2,2
cust_003502,LOYAL,1672,23,22,1,1
cust_003503,NEW,8,0,0,0,0
cust_003504,NEW,34,1,1,0,0
cust_003505,RETURNING,369,9,7,2,1
cust_003506,RETURNING,457,10,10,0,0
cust_003507,RETURNING,480,2,2,0,0
cust_003508,LOYAL,458,30,30,0,0
cust_003509,RETURNING,142,4,4,0,0
cust_003510,NEW,49,0,0,0,0
cust_003511,RETURNING,268,9,6,3,1
cust_003512,LOYAL,1259,29,25,4,2
cust_003513,LOYAL,1387,16,16,0,0
cust_003514,LOYAL,1134,23,23,0,0
cust_003515,RETURNING,126,5,4,1,1
cust_003516,LOYAL,610,27,24,3,3
cust_003517,LOYAL,1251,18,17,1,0
cust_003518,RETURNING,408,9,8,1,1
cust_003519,RETURNING,213,8,6,2,0
cust_003520,LOYAL,994,23,23,0,0
cust_003521,RETURNING,79,11,10,1,0
cust_003522,RETURNING,153,4,4,0,0
cust_003523,RETURNING,372,6,4,2,1
cust_003524,RETURNING,407,7,4,3,2
cust_003525,NEW,0,0,0,0,0
cust_003526,LOYAL,635,25,23,2,2
cust_003527,LOYAL,265,19,19,0,0
cust_003528,NEW,50,0,0,0,0
cust_003529,RETURNING,67,9,9,0,0
cust_003530,NEW,5,1,1,0,0
cust_003531,NEW,15,1,1,0,0
cust_003532,HIGH_VALUE,2411,31,28,3,2
cust_003533,RETURNING,312,10,10,0,0
cust_003534,RETURNING,397,8,8,0,0
cust_003535,RETURNING,309,7,6,1,0
cust_003536,HIGH_VALUE,2690,29,28,1,0
cust_003537,RETURNING,358,5,5,0,0
cust_003538,LOYAL,373,22,20,2,2
cust_003539,RETURNING,96,7,6,1,0
cust_003540,NEW,33,1,0,1,0
cust_003541,LOYAL,1322,21,17,4,2
cust_003542,NEW,37,0,0,0,0
cust_003543,LOYAL,1479,19,19,0,0
cust_003544,RETURNING,497,6,5,1,0
cust_003545,LOYAL,1631,31,27,4,2
cust_003546,LOYAL,1355,33,33,0,0
cust_003547,LOYAL,959,27,24,3,0
cust_003548,NEW,6,0,0,0,0
cust_003549,LOYAL,1185,27,24,3,1
cust_003550,HIGH_VALUE,2211,40,39,1,0
cust_003551,RETURNING,367,8,6,2,2
cust_003552,RETURNING,152,7,6,1,1
cust_003553,LOYAL,609,19,17,2,1
cust_003554,NEW,54,0,0,0,0
cust_003555,LOYAL,1050,26,22,4,3
cust_003556,LOYAL,325,18,17,1,1
cust_003557,NEW,25,0,0,0,0
cust_003558,RETURNING,214,8,6,2,1
cust_003559,RETURNING,189,11,8,3,0
cust_003560,RETURNING,350,10,7,3,0
cust_003561,LOYAL,292,21,20,1,0
cust_003562,NEW,47,0,0,0,0
cust_003563,RETURNING,138,7,7,0,0
cust_003564,LOYAL,1071,22,20,2,1
cust_003565,RETURNING,399,3,3,0,0
cust_003566,LOYAL,795,31,29,2,1
cust_003567,NEW,27,2,2,0,0
cust_003568,RETURNING,67,8,7,1,1
cust_003569,NEW,40,1,1,0,0
cust_003570,LOYAL,1732,17,17,0,0
cust_003571,LOYAL,1087,21,18,3,1
cust_003572,LOYAL,501,25,24,1,0
cust_003573,HIGH_VALUE,636,35,31,4,3
cust_003574,LOYAL,248,22,20,2,2
cust_003575,LOYAL,845,19,16,3,3
cust_003576,RETURNING,267,10,9,1,0
cust_003577,LOYAL,233,23,22,1,1
cust_003578,RETURNING,179,2,1,1,1
cust_003579,LOYAL,317,15,14,1,1
cust_003580,RETURNING,60,7,6,1,0
cust_003581,RETURNING,313,7,5,2,1
cust_003582,LOYAL,699,32,28,4,3
cust_003583,RETURNING,478,13,10,3,0
cust_003584,RETURNING,467,3,2,1,0
cust_003585,HIGH_VALUE,2024,39,39,0,0
cust_003586,RETURNING,382,5,4,1,0
cust_003587,RETURNING,60,9,8,1,1
cust_003588,RETURNING,124,8,6,2,0
cust_003589,RETURNING,362,7,7,0,0
cust_003590,RETURNING,495,7,7,0,0
cust_003591,LOYAL,251,28,19,9,3
cust_003592,HIGH_VALUE,2773,40,35,5,2
cust_003593,RETURNING,81,6,6,0,0
cust_003594,LOYAL,867,29,28,1,0
cust_003595,RETURNING,179,11,11,0,0
cust_003596,LOYAL,766,23,20,3,2
cust_003597,RETURNING,391,5,4,1,1
cust_003598,NEW,0,0,0,0,0
cust_003599,HIGH_VALUE,1471,29,27,2,2
cust_003600,LOYAL,1356,25,22,3,1
cust_003601,RETURNING,484,7,6,1,0
cust_003602,LOYAL,1086,35,31,4,1
cust_003603,RETURNING,107,0,0,0,0
cust_003604,RETURNING,112,4,2,2,1
cust_003605,RETURNING,411,3,2,1,1
cust_003606,NEW,0,0,0,0,0
cust_003607,RETURNING,66,11,8,3,1
cust_003608,RETURNING,307,8,8,0,0
cust_003609,RETURNING,339,6,5,1,0
cust_003610,RETURNING,500,7,5,2,0
cust_003611,HIGH_VALUE,1871,37,36,1,0
cust_003612,RETURNING,406,10,8,2,0
cust_003613,LOYAL,1790,25,25,0,0
cust_003614,NEW,57,0,0,0,0
cust_003615,RETURNING,259,2,1,1,0
cust_003616,LOYAL,551,27,24,3,2
cust_003617,RETURNING,483,12,12,0,0
cust_003618,RETURNING,443,8,7,1,0
cust_003619,RETURNING,218,5,4,1,0
cust_003620,RETURNING,268,5,4,1,1
cust_003621,RETURNING,309,3,3,0,0
cust_003622,RETURNING,88,11,10,1,1
cust_003623,RETURNING,139,6,5,1,0
cust_003624,RETURNING,364,5,4,1,1
cust_003625,NEW,23,0,0,0,0
cust_003626,RETURNING,313,5,5,0,0
cust_003627,LOYAL,1639,21,14,7,4
cust_003628,NEW,29,0,0,0,0
cust_003629,RETURNING,428,3,3,0,0
cust_003630,RETURNING,159,6,5,1,0
cust_003631,NEW,49,0,0,0,0
cust_003632,RETURNING,399,6,4,2,0
cust_003633,NEW,5,0,0,0,0
cust_003634,RETURNING,416,7,6,1,1
cust_003635,HIGH_VALUE,1045,33,29,4,3
cust_003636,LOYAL,374,25,23,2,2
cust_003637,RETURNING,397,5,3,2,2
cust_003638,RETURNING,466,6,4,2,1
cust_003639,RETURNING,162,9,8,1,1
cust_003640,LOYAL,1202,24,20,4,2
cust_003641,LOYAL,246,23,19,4,3
cust_003642,NEW,34,1,1,0,0
cust_003643,NEW,40,0,0,0,0
cust_003644,RETURNING,108,5,5,0,0
cust_003645,LOYAL,1566,31,27,4,1
cust_003646,LOYAL,225,26,25,1,1
cust_003647,NEW,26,3,2,1,0
cust_003648,RETURNING,67,15,15,0,0
cust_003649,NEW,36,0,0,0,0
cust_003650,LOYAL,310,29,24,5,0
cust_003651,LOYAL,803,28,23,5,1
cust_003652,RETURNING,404,10,7,3,0
cust_003653,NEW,16,1,1,0,0
cust_003654,RETURNING,288,2,2,0,0
cust_003655,RETURNING,257,5,5,0,0
cust_003656,LOYAL,754,26,26,0,0
cust_003657,RETURNING,355,4,4,0,0
cust_003658,LOYAL,816,26,26,0,0
cust_003659,RETURNING,41,4,3,1,0
cust_003660,NEW,3,0,0,0,0
cust_003661,RETURNING,361,6,6,0,0
cust_003662,NEW,25,0,0,0,0
cust_003663,RETURNING,336,10,9,1,0
cust_003664,LOYAL,1472,24,20,4,1
cust_003665,NEW,16,1,1,0,0
cust_003666,NEW,37,0,0,0,0
cust_003667,NEW,38,0,0,0,0
cust_003668,NEW,2,0,0,0,0
cust_003669,LOYAL,1312,31,31,0,0
cust_003670,HIGH_VALUE,2659,42,41,1,1
cust_003671,NEW,47,1,1,0,0
cust_003672,LOYAL,496,31,24,7,4
cust_003673,LOYAL,408,30,26,4,3
cust_003674,HIGH_VALUE,655,48,45,3,1
cust_003675,RETURNING,65,10,7,3,1
cust_003676,RETURNING,104,5,5,0,0
cust_003677,RETURNING,496,12,10,2,0
cust_003678,LOYAL,735,14,10,4,3
cust_003679,LOYAL,1391,32,27,5,5
cust_003680,RETURNING,207,8,6,2,0
cust_003681,RETURNING,496,9,6,3,0
cust_003682,LOYAL,310,34,29,5,3
cust_003683,LOYAL,1359,27,22,5,2
cust_003684,RETURNING,351,2,2,0,0
cust_003685,LOYAL,865,23,20,3,2
cust_003686,RETURNING,333,5,3,2,0
cust_003687,RETURNING,479,6,5,1,1
cust_003688,RETURNING,346,6,6,0,0
cust_003689,LOYAL,923,32,30,2,0
cust_003690,HIGH_VALUE,2727,36,34,2,0
cust_003691,RETURNING,416,6,5,1,1
cust_003692,RETURNING,48,5,5,0,0
cust_003693,RETURNING,198,5,4,1,1
cust_003694,NEW,12,1,0,1,1
cust_003695,RETURNING,369,12,10,2,0
cust_003696,NEW,14,0,0,0,0
cust_003697,RETURNING,323,7,7,0,0
cust_003698,NEW,28,1,1,0,0
cust_003699,RETURNING,465,7,6,1,0
cust_003700,LOYAL,1670,22,21,1,0
cust_003701,RETURNING,221,6,5,1,0
cust_003702,RETURNING,401,2,2,0,0
cust_003703,LOYAL,732,23,21,2,0
cust_003704,RETURNING,84,8,8,0,0
cust_003705,RETURNING,456,9,8,1,0
cust_003706,RETURNING,82,3,3,0,0
cust_003707,RETURNING,264,7,6,1,1
cust_003708,RETURNING,88,3,3,0,0
cust_003709,NEW,43,0,0,0,0
cust_003710,RETURNING,157,3,2,1,0
cust_003711,RETURNING,469,9,7,2,1
cust_003712,RETURNING,125,11,9,2,2
cust_003713,RETURNING,345,7,7,0,0
cust_003714,NEW,0,0,0,0,0
cust_003715,RETURNING,83,10,8,2,1
cust_003716,LOYAL,907,25,24,1,0
cust_003717,RETURNING,446,5,4,1,0
cust_003718,RETURNING,499,4,4,0,0
cust_003719,RETURNING,318,13,12,1,0
cust_003720,RETURNING,188,3,3,0,0
cust_003721,LOYAL,1477,33,31,2,2
cust_003722,RETURNING,129,11,10,1,0
cust_003723,RETURNING,190,8,7,1,1
cust_003724,LOYAL,1021,26,25,1,0
cust_003725,LOYAL,306,23,21,2,1
cust_003726,LOYAL,1046,24,21,3,2
cust_003727,NEW,12,1,0,1,0
cust_003728,NEW,25,0,0,0,0
cust_003729,RETURNING,144,6,5,1,1
cust_003730,RETURNING,218,2,2,0,0
cust_003731,RETURNING,365,8,6,2,1
cust_003732,LOYAL,1407,28,25,3,2
cust_003733,RETURNING,281,9,8,1,0
cust_003734,NEW,29,1,0,1,0
cust_003735,NEW,11,1,1,0,0
cust_003736,RETURNING,365,7,4,3,1
cust_003737,RETURNING,491,6,3,3,2
cust_003738,LOYAL,206,24,22,2,2
cust_003739,NEW,16,1,0,1,1
cust_003740,RETURNING,253,6,6,0,0
cust_003741,RETURNING,444,7,6,1,0
cust_003742,RETURNING,173,6,4,2,1
cust_003743,RETURNING,482,9,8,1,1
cust_003744,LOYAL,1421,17,14,3,1
cust_003745,RETURNING,362,6,6,0,0
cust_003746,RETURNING,43,7,5,2,0
cust_003747,HIGH_VALUE,2276,35,35,0,0
cust_003748,NEW,47,1,0,1,1
cust_003749,HIGH_VALUE,414,37,37,0,0
cust_003750,RETURNING,182,6,6,0,0
cust_003751,RETURNING,426,7,6,1,0
cust_003752,LOYAL,789,22,22,0,0
cust_003753,RETURNING,246,3,3,0,0
cust_003754,RETURNING,182,7,5,2,0
cust_003755,RETURNING,492,6,6,0,0
cust_003756,RETURNING,201,6,6,0,0
cust_003757,RETURNING,152,9,7,2,1
cust_003758,RETURNING,347,3,2,1,0
cust_003759,LOYAL,572,23,23,0,0
cust_003760,RETURNING,310,1,1,0,0
cust_003761,RETURNING,295,8,7,1,1
cust_003762,NEW,21,1,1,0,0
cust_003763,RETURNING,392,5,5,0,0
cust_003764,NEW,10,2,1,1,0
cust_003765,NEW,23,3,2,1,0
cust_003766,RETURNING,433,7,7,0,0
cust_003767,NEW,54,1,1,0,0
cust_003768,RETURNING,261,1,1,0,0
cust_003769,RETURNING,122,6,5,1,0
cust_003770,RETURNING,321,2,2,0,0
cust_003771,HIGH_VALUE,2631,40,39,1,0
cust_003772,LOYAL,1426,29,23,6,2
cust_003773,RETURNING,480,12,8,4,2
cust_003774,HIGH_VALUE,1291,39,30,9,3
cust_003775,LOYAL,1567,21,21,0,0
cust_003776,RETURNING,325,6,6,0,0
cust_003777,LOYAL,715,26,21,5,2
cust_003778,NEW,36,0,0,0,0
cust_003779,LOYAL,845,23,21,2,1
cust_003780,RETURNING,281,8,8,0,0
cust_003781,NEW,59,2,1,1,1
cust_003782,RETURNING,266,8,7,1,1
cust_003783,HIGH_VALUE,742,31,28,3,0
cust_003784,RETURNING,75,5,5,0,0
cust_003785,RETURNING,340,5,5,0,0
cust_003786,RETURNING,381,5,4,1,1
cust_003787,RETURNING,334,8,6,2,1
cust_003788,LOYAL,271,18,15,3,2
cust_003789,LOYAL,622,22,22,0,0
cust_003790,RETURNING,55,3,3,0,0
cust_003791,RETURNING,113,6,6,0,0
cust_003792,NEW,39,1,1,0,0
cust_003793,RETURNING,320,4,4,0,0
cust_003794,LOYAL,356,29,29,0,0
cust_003795,LOYAL,1771,16,16,0,0
cust_003796,RETURNING,143,8,7,1,0
cust_003797,RETURNING,413,6,5,1,1
cust_003798,RETURNING,353,7,6,1,0
cust_003799,RETURNING,120,5,5,0,0
cust_003800,RETURNING,32,6,5,1,1
cust_003801,LOYAL,951,37,37,0,0
cust_003802,RETURNING,369,4,4,0,0
cust_003803,HIGH_VALUE,1401,36,33,3,1
cust_003804,RETURNING,248,5,5,0,0
cust_003805,NEW,22,1,1,0,0
cust_003806,RETURNING,403,14,13,1,0
cust_003807,RETURNING,414,6,3,3,0
cust_003808,RETURNING,215,5,5,0,0
cust_003809,RETURNING,87,6,6,0,0
cust_003810,LOYAL,898,26,19,7,5
cust_003811,RETURNING,353,7,6,1,0
cust_003812,LOYAL,431,17,16,1,1
cust_003813,LOYAL,554,26,26,0,0
cust_003814,RETURNING,48,7,6,1,0
cust_003815,RETURNING,308,4,4,0,0
cust_003816,NEW,49,0,0,0,0
cust_003817,RETURNING,317,5,1,4,1
cust_003818,LOYAL,1780,29,29,0,0
cust_003819,LOYAL,818,23,22,1,0
cust_003820,RETURNING,310,5,3,2,1
cust_003821,RETURNING,330,11,10,1,1
cust_003822,LOYAL,1109,20,19,1,0
cust_003823,LOYAL,489,35,31,4,1
cust_003824,RETURNING,300,8,8,0,0
cust_003825,LOYAL,1295,17,16,1,0
cust_003826,NEW,14,0,0,0,0
cust_003827,NEW,1,0,0,0,0
cust_003828,NEW,6,1,0,1,0
cust_003829,NEW,0,0,0,0,0
cust_003830,LOYAL,1123,19,18,1,0
cust_003831,RETURNING,339,4,2,2,0
cust_003832,RETURNING,237,8,6,2,2
cust_003833,RETURNING,44,6,6,0,0
cust_003834,RETURNING,291,9,8,1,1
cust_003835,RETURNING,428,5,5,0,0
cust_003836,NEW,27,0,0,0,0
cust_003837,RETURNING,336,7,6,1,1
cust_003838,NEW,25,2,2,0,0
cust_003839,LOYAL,636,20,19,1,0
cust_003840,RETURNING,403,3,2,1,1
cust_003841,LOYAL,293,26,24,2,1
cust_003842,LOYAL,1356,25,21,4,3
cust_003843,NEW,39,0,0,0,0
cust_003844,NEW,50,0,0,0,0
cust_003845,HIGH_VALUE,1860,33,31,2,1
cust_003846,RETURNING,476,6,6,0,0
cust_003847,RETURNING,281,4,2,2,0
cust_003848,NEW,55,0,0,0,0
cust_003849,RETURNING,196,10,8,2,0
cust_003850,RETURNING,337,13,12,1,1
cust_003851,LOYAL,998,27,26,1,0
cust_003852,RETURNING,109,3,3,0,0
cust_003853,LOYAL,327,26,24,2,0
cust_003854,LOYAL,1281,25,24,1,1
cust_003855,NEW,45,0,0,0,0
cust_003856,RETURNING,303,12,12,0,0
cust_003857,RETURNING,436,6,6,0,0
cust_003858,RETURNING,153,7,6,1,1
cust_003859,RETURNING,328,4,4,0,0
cust_003860,RETURNING,409,4,3,1,0
cust_003861,RETURNING,409,8,4,4,1
cust_003862,LOYAL,529,19,19,0,0
cust_003863,RETURNING,211,9,8,1,0
cust_003864,RETURNING,477,8,8,0,0
cust_003865,RETURNING,347,7,4,3,1
cust_003866,RETURNING,392,7,5,2,1
cust_003867,LOYAL,1072,23,23,0,0
cust_003868,RETURNING,443,8,8,0,0
cust_003869,RETURNING,254,7,7,0,0
cust_003870,NEW,26,0,0,0,0
cust_003871,RETURNING,408,10,8,2,0
cust_003872,RETURNING,273,11,10,1,0
cust_003873,RETURNING,145,9,8,1,0
cust_003874,LOYAL,1155,23,21,2,1
cust_003875,LOYAL,957,27,27,0,0
cust_003876,NEW,49,1,1,0,0
cust_003877,LOYAL,231,13,13,0,0
cust_003878,RETURNING,55,5,1,4,1
cust_003879,HIGH_VALUE,1608,37,35,2,1
cust_003880,RETURNING,493,7,6,1,0
cust_003881,RETURNING,155,11,8,3,1
cust_003882,RETURNING,461,3,3,0,0
cust_003883,RETURNING,365,11,10,1,0
cust_003884,LOYAL,1457,16,12,4,2
cust_003885,RETURNING,106,8,6,2,0
cust_003886,RETURNING,59,3,2,1,1
cust_003887,RETURNING,463,4,3,1,0
cust_003888,LOYAL,739,25,25,0,0
cust_003889,LOYAL,457,28,27,1,1
cust_003890,RETURNING,454,6,4,2,2
cust_003891,RETURNING,191,5,4,1,0
cust_003892,NEW,10,0,0,0,0
cust_003893,LOYAL,624,32,26,6,2
cust_003894,LOYAL,1139,24,21,3,1
cust_003895,RETURNING,40,6,5,1,1
cust_003896,LOYAL,1589,17,15,2,1
cust_003897,NEW,41,0,0,0,0
cust_003898,LOYAL,1510,26,24,2,2
cust_003899,RETURNING,136,7,6,1,0
cust_003900,NEW,14,0,0,0,0
cust_003901,RETURNING,115,7,6,1,0
cust_003902,RETURNING,166,11,11,0,0
cust_003903,HIGH_VALUE,2676,38,34,4,3
cust_003904,RETURNING,276,6,6,0,0
cust_003905,LOYAL,1164,17,14,3,2
cust_003906,LOYAL,1177,23,22,1,0
cust_003907,LOYAL,1190,19,17,2,2
cust_003908,LOYAL,1244,27,24,3,2
cust_003909,RETURNING,168,11,10,1,0
cust_003910,RETURNING,321,5,5,0,0
cust_003911,NEW,59,1,1,0,0
cust_003912,RETURNING,312,4,4,0,0
cust_003913,LOYAL,799,18,13,5,1
cust_003914,RETURNING,236,8,5,3,1
cust_003915,RETURNING,302,8,4,4,2
cust_003916,RETURNING,168,5,5,0,0
cust_003917,RETURNING,164,10,8,2,2
cust_003918,LOYAL,928,18,14,4,1
cust_003919,RETURNING,255,3,2,1,0
cust_003920,LOYAL,1526,32,31,1,1
cust_003921,RETURNING,84,6,5,1,0
cust_003922,LOYAL,1422,25,23,2,0
cust_003923,RETURNING,424,6,6,0,0
cust_003924,RETURNING,263,7,7,0,0
cust_003925,NEW,49,0,0,0,0
cust_003926,RETURNING,206,6,5,1,0
cust_003927,LOYAL,417,24,21,3,1
cust_003928,RETURNING,495,6,4,2,2
cust_003929,RETURNING,311,6,6,0,0
cust_003930,LOYAL,1277,33,32,1,0
cust_003931,NEW,52,0,0,0,0
cust_003932,RETURNING,75,11,10,1,0
cust_003933,HIGH_VALUE,757,46,44,2,0
cust_003934,RETURNING,316,8,8,0,0
cust_003935,LOYAL,507,26,24,2,0
cust_003936,RETURNING,258,3,2,1,0
cust_003937,LOYAL,836,31,31,0,0
cust_003938,RETURNING,403,6,6,0,0
cust_003939,LOYAL,285,23,22,1,0
cust_003940,RETURNING,499,9,7,2,1
cust_003941,LOYAL,231,24,20,4,1
cust_003942,RETURNING,380,4,2,2,1
cust_003943,HIGH_VALUE,1937,45,45,0,0
cust_003944,RETURNING,437,3,3,0,0
cust_003945,RETURNING,231,5,3,2,1
cust_003946,LOYAL,850,18,18,0,0
cust_003947,RETURNING,242,10,8,2,1
cust_003948,RETURNING,205,1,1,0,0
cust_003949,LOYAL,464,30,24,6,4
cust_003950,NEW,50,0,0,0,0
cust_003951,NEW,43,0,0,0,0
cust_003952,RETURNING,382,7,7,0,0
cust_003953,RETURNING,426,10,7,3,2
cust_003954,RETURNING,137,9,8,1,0
cust_003955,NEW,54,0,0,0,0
cust_003956,RETURNING,267,7,5,2,2
cust_003957,RETURNING,428,5,5,0,0
cust_003958,NEW,51,2,1,1,1
cust_003959,RETURNING,233,8,6,2,1
cust_003960,RETURNING,131,3,3,0,0
cust_003961,NEW,0,1,1,0,0
cust_003962,RETURNING,445,5,5,0,0
cust_003963,LOYAL,1668,27,25,2,2
cust_003964,RETURNING,98,9,8,1,1
cust_003965,RETURNING,104,6,5,1,0
cust_003966,RETURNING,412,3,2,1,1
cust_003967,RETURNING,454,7,4,3,1
cust_003968,LOYAL,487,25,22,3,2
cust_003969,LOYAL,1444,23,23,0,0
cust_003970,LOYAL,1642,33,30,3,2
cust_003971,RETURNING,449,3,3,0,0
cust_003972,RETURNING,458,7,6,1,0
cust_003973,NEW,60,1,1,0,0
cust_003974,RETURNING,397,7,5,2,2
cust_003975,RETURNING,480,7,5,2,0
cust_003976,RETURNING,419,8,8,0,0
cust_003977,RETURNING,253,11,10,1,0
cust_003978,LOYAL,1668,21,18,3,2
cust_003979,NEW,14,1,0,1,0
cust_003980,NEW,21,0,0,0,0
cust_003981,LOYAL,833,13,13,0,0
cust_003982,LOYAL,766,24,19,5,3
cust_003983,RETURNING,434,6,4,2,1
cust_003984,RETURNING,396,7,6,1,0
cust_003985,RETURNING,254,2,1,1,0
cust_003986,NEW,49,0,0,0,0
cust_003987,RETURNING,331,8,7,1,0
cust_003988,RETURNING,378,7,5,2,0
cust_003989,RETURNING,171,2,2,0,0
cust_003990,RETURNING,139,10,9,1,0
cust_003991,LOYAL,1369,27,23,4,1
cust_003992,LOYAL,608,23,23,0,0
cust_003993,NEW,16,0,0,0,0
cust_003994,NEW,58,0,0,0,0
cust_003995,RETURNING,98,8,8,0,0
cust_003996,LOYAL,1260,21,17,4,1
cust_003997,RETURNING,472,9,8,1,0
cust_003998,LOYAL,1368,21,21,0,0
cust_003999,RETURNING,318,9,9,0,0
cust_004000,RETURNING,312,6,3,3,1
cust_004001,RETURNING,183,7,7,0,0
cust_004002,RETURNING,465,3,3,0,0
cust_004003,LOYAL,1067,22,20,2,0
cust_004004,RETURNING,439,8,7,1,0
cust_004005,RETURNING,440,4,4,0,0
cust_004006,RETURNING,153,8,8,0,0
cust_004007,RETURNING,271,5,4,1,0
cust_004008,RETURNING,446,6,2,4,1
cust_004009,RETURNING,253,5,4,1,1
cust_004010,LOYAL,706,27,23,4,1
cust_004011,LOYAL,1685,20,19,1,1
cust_004012,LOYAL,1685,24,22,2,1
cust_004013,RETURNING,160,6,6,0,0
cust_004014,RETURNING,430,8,6,2,1
cust_004015,RETURNING,435,8,8,0,0
cust_004016,RETURNING,182,12,9,3,3
cust_004017,RETURNING,129,6,5,1,0
cust_004018,RETURNING,166,9,8,1,0
cust_004019,NEW,57,1,1,0,0
cust_004020,NEW,52,2,1,1,0
cust_004021,LOYAL,1216,22,21,1,0
cust_004022,NEW,54,1,1,0,0
cust_004023,RETURNING,359,6,5,1,0
cust_004024,RETURNING,91,5,5,0,0
cust_004025,RETURNING,178,5,4,1,0
cust_004026,LOYAL,1522,20,18,2,2
cust_004027,RETURNING,267,6,4,2,2
cust_004028,LOYAL,1624,22,22,0,0
cust_004029,LOYAL,906,31,29,2,1
cust_004030,RETURNING,223,7,7,0,0
cust_004031,NEW,23,2,2,0,0
cust_004032,RETURNING,383,4,2,2,0
cust_004033,RETURNING,240,9,8,1,0
cust_004034,RETURNING,291,8,6,2,0
cust_004035,HIGH_VALUE,1010,35,34,1,0
cust_004036,RETURNING,405,7,6,1,0
cust_004037,LOYAL,969,22,20,2,0
cust_004038,NEW,35,2,0,2,1
cust_004039,HIGH_VALUE,1542,32,31,1,0
cust_004040,RETURNING,493,7,3,4,1
cust_004041,RETURNING,444,4,3,1,1
cust_004042,RETURNING,411,9,7,2,0
cust_004043,NEW,43,1,1,0,0
cust_004044,LOYAL,1011,30,28,2,1
cust_004045,RETURNING,30,7,6,1,1
cust_004046,RETURNING,397,5,4,1,0
cust_004047,RETURNING,453,6,6,0,0
cust_004048,RETURNING,336,5,4,1,0
cust_004049,NEW,10,0,0,0,0
cust_004050,NEW,0,2,1,1,0
cust_004051,NEW,44,2,1,1,1
cust_004052,RETURNING,315,12,7,5,2
cust_004053,NEW,43,2,1,1,1
cust_004054,LOYAL,767,29,26,3,2
cust_004055,RETURNING,187,7,6,1,1
cust_004056,RETURNING,122,9,9,0,0
cust_004057,RETURNING,357,7,5,2,0
cust_004058,RETURNING,234,9,7,2,1
cust_004059,RETURNING,282,3,3,0,0
cust_004060,RETURNING,285,7,6,1,1
cust_004061,RETURNING,323,9,5,4,4
cust_004062,RETURNING,224,4,4,0,0
cust_004063,RETURNING,413,8,6,2,2
cust_004064,HIGH_VALUE,525,39,34,5,3
cust_004065,RETURNING,257,7,6,1,1
cust_004066,RETURNING,109,6,5,1,0
cust_004067,NEW,4,2,0,2,1
cust_004068,RETURNING,393,6,5,1,1
cust_004069,LOYAL,1406,19,16,3,2
cust_004070,NEW,54,0,0,0,0
cust_004071,RETURNING,341,7,7,0,0
cust_004072,RETURNING,241,4,2,2,0
cust_004073,NEW,42,1,0,1,0
cust_004074,HIGH_VALUE,2439,43,43,0,0
cust_004075,RETURNING,356,7,6,1,0
cust_004076,LOYAL,1776,22,20,2,1
cust_004077,RETURNING,418,6,5,1,1
cust_004078,HIGH_VALUE,2093,35,33,2,2
cust_004079,RETURNING,224,11,6,5,2
cust_004080,RETURNING,280,5,2,3,2
cust_004081,LOYAL,1130,16,15,1,0
cust_004082,RETURNING,135,1,1,0,0
cust_004083,RETURNING,188,4,3,1,0
cust_004084,HIGH_VALUE,1153,40,36,4,3
cust_004085,RETURNING,185,6,4,2,1
cust_004086,LOYAL,1506,25,23,2,1
cust_004087,RETURNING,217,8,8,0,0
cust_004088,LOYAL,755,25,25,0,0
cust_004089,LOYAL,257,24,20,4,2
cust_004090,RETURNING,198,7,6,1,1
cust_004091,RETURNING,154,7,5,2,1
cust_004092,NEW,48,1,1,0,0
cust_004093,RETURNING,394,7,7,0,0
cust_004094,LOYAL,233,28,24,4,3
cust_004095,RETURNING,276,6,6,0,0
cust_004096,NEW,53,0,0,0,0
cust_004097,RETURNING,55,13,11,2,2
cust_004098,RETURNING,74,6,5,1,0
cust_004099,LOYAL,721,24,20,4,3
cust_004100,NEW,17,1,0,1,1
cust_004101,RETURNING,466,9,7,2,0
cust_004102,LOYAL,1400,30,25,5,2
cust_004103,HIGH_VALUE,1758,40,40,0,0
cust_004104,NEW,33,1,0,1,0
cust_004105,LOYAL,556,23,21,2,0
cust_004106,RETURNING,298,8,7,1,0
cust_004107,LOYAL,1283,29,27,2,1
cust_004108,NEW,30,0,0,0,0
cust_004109,RETURNING,468,7,6,1,0
cust_004110,RETURNING,371,9,7,2,2
cust_004111,RETURNING,391,8,8,0,0
cust_004112,RETURNING,36,9,9,0,0
cust_004113,RETURNING,409,8,8,0,0
cust_004114,RETURNING,106,10,8,2,0
cust_004115,NEW,28,0,0,0,0
cust_004116,RETURNING,118,8,8,0,0
cust_004117,RETURNING,419,6,6,0,0
cust_004118,LOYAL,375,25,22,3,1
cust_004119,HIGH_VALUE,2619,46,41,5,4
cust_004120,RETURNING,449,7,7,0,0
cust_004121,NEW,54,0,0,0,0
cust_004122,RETURNING,59,7,7,0,0
cust_004123,RETURNING,65,7,7,0,0
cust_004124,LOYAL,1340,24,24,0,0
cust_004125,RETURNING,211,5,5,0,0
cust_004126,NEW,38,0,0,0,0
cust_004127,NEW,8,0,0,0,0
cust_004128,RETURNING,66,7,5,2,1
cust_004129,LOYAL,1671,26,22,4,1
cust_004130,RETURNING,97,3,2,1,0
cust_004131,RETURNING,353,5,5,0,0
cust_004132,RETURNING,194,8,8,0,0
cust_004133,LOYAL,189,19,19,0,0
cust_004134,RETURNING,84,8,8,0,0
cust_004135,LOYAL,800,28,27,1,0
cust_004136,LOYAL,1387,21,19,2,2
cust_004137,RETURNING,282,6,6,0,0
cust_004138,LOYAL,695,29,29,0,0
cust_004139,RETURNING,475,5,5,0,0
cust_004140,RETURNING,223,3,2,1,0
cust_004141,NEW,33,0,0,0,0
cust_004142,RETURNING,371,8,7,1,1
cust_004143,RETURNING,247,3,2,1,0
cust_004144,NEW,19,1,0,1,0
cust_004145,NEW,23,3,3,0,0
cust_004146,RETURNING,440,9,6,3,1
cust_004147,RETURNING,174,6,6,0,0
cust_004148,RETURNING,338,13,11,2,0
cust_004149,RETURNING,88,9,9,0,0
cust_004150,HIGH_VALUE,2588,42,42,0,0
cust_004151,HIGH_VALUE,1731,38,38,0,0
cust_004152,NEW,8,1,1,0,0
cust_004153,RETURNING,417,11,9,2,0
cust_004154,RETURNING,152,9,9,0,0
cust_004155,LOYAL,1278,25,22,3,1
cust_004156,RETURNING,493,5,4,1,0
cust_004157,LOYAL,850,31,28,3,1
cust_004158,NEW,32,0,0,0,0
cust_004159,RETURNING,351,5,5,0,0
cust_004160,LOYAL,1314,24,19,5,0
cust_004161,RETURNING,413,5,4,1,0
cust_004162,LOYAL,1165,27,27,0,0
cust_004163,NEW,49,1,1,0,0
cust_004164,NEW,12,0,0,0,0
cust_004165,NEW,40,0,0,0,0
cust_004166,RETURNING,373,12,9,3,2
cust_004167,NEW,33,0,0,0,0
cust_004168,RETURNING,299,5,4,1,1
cust_004169,RETURNING,107,5,5,0,0
cust_004170,RETURNING,73,8,5,3,2
cust_004171,RETURNING,82,8,5,3,0
cust_004172,NEW,43,1,1,0,0
cust_004173,LOYAL,1270,24,16,8,4
cust_004174,NEW,37,0,0,0,0
cust_004175,LOYAL,736,25,25,0,0
cust_004176,NEW,50,1,1,0,0
cust_004177,RETURNING,448,7,6,1,0
cust_004178,LOYAL,729,24,23,1,1
cust_004179,RETURNING,420,8,5,3,1
cust_004180,RETURNING,79,6,4,2,2
cust_004181,LOYAL,697,19,18,1,1
cust_004182,NEW,23,1,0,1,0
cust_004183,LOYAL,317,27,23,4,3
cust_004184,LOYAL,1512,12,12,0,0
cust_004185,HIGH_VALUE,2999,31,27,4,1
cust_004186,RETURNING,110,10,9,1,1
cust_004187,RETURNING,434,8,8,0,0
cust_004188,LOYAL,559,30,23,7,1
cust_004189,RETURNING,393,6,4,2,0
cust_004190,RETURNING,44,8,4,4,2
cust_004191,NEW,16,2,2,0,0
cust_004192,NEW,28,0,0,0,0
cust_004193,RETURNING,215,8,7,1,0
cust_004194,NEW,14,1,1,0,0
cust_004195,NEW,54,0,0,0,0
cust_004196,NEW,28,0,0,0,0
cust_004197,LOYAL,1653,16,15,1,1
cust_004198,NEW,51,0,0,0,0
cust_004199,NEW,50,1,1,0,0
cust_004200,RETURNING,70,7,5,2,1
cust_004201,RETURNING,347,7,7,0,0
cust_004202,HIGH_VALUE,2656,37,37,0,0
cust_004203,LOYAL,253,28,24,4,2
cust_004204,RETURNING,192,9,6,3,1
cust_004205,RETURNING,143,3,3,0,0
cust_004206,RETURNING,323,9,6,3,0
cust_004207,NEW,32,1,0,1,0
cust_004208,RETURNING,291,10,9,1,0
cust_004209,NEW,53,1,1,0,0
cust_004210,NEW,32,1,0,1,0
cust_004211,RETURNING,411,11,8,3,0
cust_004212,NEW,3,0,0,0,0
cust_004213,NEW,44,1,1,0,0
cust_004214,RETURNING,175,7,6,1,1
cust_004215,RETURNING,468,6,6,0,0
cust_004216,NEW,26,0,0,0,0
cust_004217,NEW,18,0,0,0,0
cust_004218,RETURNING,392,9,3,6,3
cust_004219,RETURNING,144,9,7,2,1
cust_004220,LOYAL,687,28,26,2,2
cust_004221,LOYAL,386,19,17,2,0
cust_004222,RETURNING,156,6,4,2,0
cust_004223,RETURNING,380,5,4,1,0
cust_004224,LOYAL,1337,22,21,1,0
cust_004225,RETURNING,232,8,7,1,0
cust_004226,RETURNING,254,13,13,0,0
cust_004227,NEW,34,0,0,0,0
cust_004228,RETURNING,472,7,7,0,0
cust_004229,RETURNING,42,8,7,1,1
cust_004230,NEW,34,2,1,1,1
cust_004231,RETURNING,200,5,5,0,0
cust_004232,RETURNING,384,7,5,2,0
cust_004233,RETURNING,493,4,3,1,0
cust_004234,RETURNING,272,7,5,2,0
cust_004235,RETURNING,323,3,3,0,0
cust_004236,RETURNING,232,4,4,0,0
cust_004237,RETURNING,65,8,5,3,2
cust_004238,NEW,25,0,0,0,0
cust_004239,LOYAL,1566,24,20,4,2
cust_004240,RETURNING,417,8,6,2,0
cust_004241,NEW,42,0,0,0,0
cust_004242,RETURNING,232,6,6,0,0
cust_004243,LOYAL,1323,25,22,3,1
cust_004244,LOYAL,1378,21,21,0,0
cust_004245,LOYAL,898,23,18,5,1
cust_004246,RETURNING,315,4,4,0,0
cust_004247,RETURNING,430,7,6,1,1
cust_004248,RETURNING,385,7,5,2,2
cust_004249,RETURNING,415,4,4,0,0
cust_004250,RETURNING,276,4,4,0,0
cust_004251,RETURNING,359,4,4,0,0
cust_004252,NEW,3,0,0,0,0
cust_004253,LOYAL,425,16,14,2,0
cust_004254,RETURNING,464,7,6,1,0
cust_004255,NEW,0,0,0,0,0
cust_004256,RETURNING,83,6,5,1,1
cust_004257,LOYAL,489,20,20,0,0
cust_004258,LOYAL,1022,21,20,1,1
cust_004259,RETURNING,39,8,7,1,0
cust_004260,HIGH_VALUE,1906,36,27,9,2
cust_004261,LOYAL,531,25,21,4,3
cust_004262,LOYAL,268,22,21,1,1
cust_004263,LOYAL,1377,25,23,2,0
cust_004264,RETURNING,460,2,2,0,0
cust_004265,LOYAL,1685,16,15,1,1
cust_004266,RETURNING,221,4,4,0,0
cust_004267,LOYAL,274,21,18,3,1
cust_004268,NEW,22,1,0,1,0
cust_004269,LOYAL,645,22,22,0,0
cust_004270,HIGH_VALUE,1677,34,34,0,0
cust_004271,RETURNING,397,9,7,2,2
cust_004272,HIGH_VALUE,1462,38,37,1,1
cust_004273,RETURNING,396,7,4,3,2
cust_004274,RETURNING,197,7,6,1,1
cust_004275,NEW,20,0,0,0,0
cust_004276,LOYAL,1784,16,13,3,0
cust_004277,RETURNING,48,4,2,2,2
cust_004278,RETURNING,34,4,3,1,0
cust_004279,RETURNING,326,5,4,1,0
cust_004280,RETURNING,272,5,5,0,0
cust_004281,RETURNING,50,4,2,2,0
cust_004282,LOYAL,1482,31,27,4,3
cust_004283,LOYAL,1398,20,17,3,2
cust_004284,LOYAL,969,19,13,6,1
cust_004285,RETURNING,84,7,7,0,0
cust_004286,HIGH_VALUE,2215,39,37,2,2
cust_004287,RETURNING,279,7,5,2,1
cust_004288,RETURNING,278,9,7,2,1
cust_004289,NEW,48,1,0,1,0
cust_004290,RETURNING,110,7,6,1,0
cust_004291,RETURNING,154,6,6,0,0
cust_004292,LOYAL,1367,26,26,0,0
cust_004293,RETURNING,237,4,4,0,0
cust_004294,NEW,21,0,0,0,0
cust_004295,RETURNING,247,5,4,1,1
cust_004296,HIGH_VALUE,841,44,44,0,0
cust_004297,RETURNING,148,3,3,0,0
cust_004298,RETURNING,144,9,9,0,0
cust_004299,RETURNING,77,7,6,1,0
cust_004300,RETURNING,129,6,4,2,2
cust_004301,RETURNING,176,11,8,3,1
cust_004302,RETURNING,210,11,9,2,1
cust_004303,RETURNING,366,8,7,1,0
cust_004304,RETURNING,239,5,3,2,0
cust_004305,RETURNING,353,10,10,0,0
cust_004306,NEW,22,1,1,0,0
cust_004307,LOYAL,1371,22,22,0,0
cust_004308,RETURNING,99,9,9,0,0
cust_004309,RETURNING,45,9,9,0,0
cust_004310,NEW,11,2,2,0,0
cust_004311,RETURNING,336,11,9,2,1
cust_004312,LOYAL,772,28,26,2,2
cust_004313,NEW,3,0,0,0,0
cust_004314,NEW,39,1,0,1,0
cust_004315,NEW,28,0,0,0,0
cust_004316,RETURNING,383,7,6,1,1
cust_004317,LOYAL,623,21,16,5,3
cust_004318,RETURNING,282,5,5,0,0
cust_004319,RETURNING,354,9,7,2,2
cust_004320,LOYAL,1368,24,23,1,0
cust_004321,LOYAL,278,25,21,4,2
cust_004322,RETURNING,421,8,7,1,1
cust_004323,NEW,42,0,0,0,0
cust_004324,RETURNING,108,6,3,3,1
cust_004325,LOYAL,218,28,25,3,3
cust_004326,LOYAL,468,27,25,2,1
cust_004327,LOYAL,977,25,21,4,2
cust_004328,LOYAL,214,30,22,8,4
cust_004329,RETURNING,355,3,3,0,0
cust_004330,RETURNING,464,5,4,1,0
cust_004331,NEW,57,0,0,0,0
cust_004332,LOYAL,274,24,23,1,1
cust_004333,RETURNING,148,7,7,0,0
cust_004334,RETURNING,412,5,4,1,1
cust_004335,NEW,6,0,0,0,0
cust_004336,LOYAL,1377,23,19,4,1
cust_004337,LOYAL,368,15,12,3,3
cust_004338,LOYAL,836,24,24,0,0
cust_004339,RETURNING,117,2,2,0,0
cust_004340,LOYAL,191,24,20,4,1
cust_004341,LOYAL,343,19,19,0,0
cust_004342,RETURNING,38,7,7,0,0
cust_004343,RETURNING,218,4,4,0,0
cust_004344,LOYAL,1326,24,23,1,1
cust_004345,LOYAL,936,39,35,4,2
cust_004346,RETURNING,77,4,4,0,0
cust_004347,RETURNING,117,7,6,1,0
cust_004348,RETURNING,284,13,9,4,0
cust_004349,LOYAL,1209,18,18,0,0
cust_004350,RETURNING,186,4,4,0,0
cust_004351,NEW,25,1,1,0,0
cust_004352,NEW,2,0,0,0,0
cust_004353,LOYAL,1756,27,26,1,1
cust_004354,LOYAL,1093,24,23,1,1
cust_004355,HIGH_VALUE,2385,37,36,1,0
cust_004356,RETURNING,248,3,2,1,0
cust_004357,LOYAL,1484,25,25,0,0
cust_004358,LOYAL,922,28,26,2,2
cust_004359,RETURNING,272,6,5,1,1
cust_004360,NEW,4,3,3,0,0
cust_004361,HIGH_VALUE,1559,33,28,5,1
cust_004362,NEW,20,1,1,0,0
cust_004363,RETURNING,217,8,6,2,1
cust_004364,RETURNING,181,5,4,1,0
cust_004365,LOYAL,594,23,21,2,1
cust_004366,RETURNING,248,6,4,2,0
cust_004367,LOYAL,1230,21,15,6,4
cust_004368,RETURNING,138,7,4,3,0
cust_004369,LOYAL,1230,19,15,4,3
cust_004370,RETURNING,245,8,8,0,0
cust_004371,LOYAL,1394,26,25,1,1
cust_004372,LOYAL,944,17,13,4,2
cust_004373,RETURNING,485,9,6,3,1
cust_004374,RETURNING,410,4,2,2,1
cust_004375,LOYAL,941,24,20,4,4
cust_004376,NEW,9,1,0,1,0
cust_004377,RETURNING,495,9,8,1,0
cust_004378,RETURNING,328,7,6,1,1
cust_004379,HIGH_VALUE,1453,57,53,4,1
cust_004380,RETURNING,81,9,9,0,0
cust_004381,RETURNING,107,4,4,0,0
cust_004382,HIGH_VALUE,1623,43,41,2,1
cust_004383,RETURNING,183,6,6,0,0
cust_004384,RETURNING,401,6,3,3,0
cust_004385,RETURNING,484,11,9,2,2
cust_004386,RETURNING,285,8,7,1,0
cust_004387,RETURNING,229,6,6,0,0
cust_004388,LOYAL,1633,18,18,0,0
cust_004389,NEW,60,0,0,0,0
cust_004390,LOYAL,341,19,18,1,0
cust_004391,RETURNING,69,8,8,0,0
cust_004392,RETURNING,131,8,8,0,0
cust_004393,NEW,24,1,1,0,0
cust_004394,RETURNING,358,4,4,0,0
cust_004395,LOYAL,1705,28,24,4,2
cust_004396,RETURNING,360,6,5,1,0
cust_004397,NEW,42,0,0,0,0
cust_004398,RETURNING,60,11,9,2,1
cust_004399,LOYAL,278,27,24,3,2
cust_004400,RETURNING,356,12,8,4,2
cust_004401,LOYAL,1266,27,23,4,1
cust_004402,RETURNING,130,6,5,1,0
cust_004403,RETURNING,481,5,5,0,0
cust_004404,LOYAL,902,26,23,3,0
cust_004405,RETURNING,45,8,5,3,3
cust_004406,NEW,41,0,0,0,0
cust_004407,HIGH_VALUE,1644,45,43,2,1
cust_004408,NEW,16,0,0,0,0
cust_004409,RETURNING,244,9,6,3,2
cust_004410,RETURNING,374,8,5,3,0
cust_004411,RETURNING,139,6,4,2,0
cust_004412,LOYAL,1328,20,16,4,2
cust_004413,NEW,18,1,1,0,0
cust_004414,HIGH_VALUE,1940,42,42,0,0
cust_004415,RETURNING,266,7,6,1,0
cust_004416,HIGH_VALUE,2028,30,26,4,1
cust_004417,LOYAL,390,24,23,1,1
cust_004418,LOYAL,1112,21,19,2,2
cust_004419,RETURNING,236,13,9,4,1
cust_004420,RETURNING,62,5,5,0,0
cust_004421,RETURNING,177,4,2,2,0
cust_004422,RETURNING,161,12,10,2,0
cust_004423,RETURNING,244,5,3,2,0
cust_004424,LOYAL,1172,22,18,4,2
cust_004425,NEW,60,0,0,0,0
cust_004426,LOYAL,1171,14,13,1,1
cust_004427,RETURNING,97,10,9,1,0
cust_004428,HIGH_VALUE,2145,34,34,0,0
cust_004429,NEW,20,0,0,0,0
cust_004430,NEW,19,2,2,0,0
cust_004431,LOYAL,398,21,18,3,0
cust_004432,LOYAL,486,24,21,3,2
cust_004433,LOYAL,1345,22,15,7,3
cust_004434,HIGH_VALUE,2632,39,37,2,1
cust_004435,RETURNING,365,7,6,1,0
cust_004436,LOYAL,461,24,23,1,1
cust_004437,RETURNING,467,11,11,0,0
cust_004438,RETURNING,181,6,1,5,2
cust_004439,RETURNING,209,7,7,0,0
cust_004440,NEW,39,3,3,0,0
cust_004441,RETURNING,444,7,5,2,1
cust_004442,LOYAL,616,28,26,2,1
cust_004443,NEW,13,1,1,0,0
cust_004444,HIGH_VALUE,2954,45,40,5,4
cust_004445,RETURNING,44,5,5,0,0
cust_004446,NEW,30,0,0,0,0
cust_004447,RETURNING,276,8,5,3,0
cust_004448,RETURNING,250,7,6,1,1
cust_004449,NEW,14,0,0,0,0
cust_004450,LOYAL,1347,23,23,0,0
cust_004451,NEW,37,0,0,0,0
cust_004452,NEW,41,0,0,0,0
cust_004453,LOYAL,806,19,18,1,1
cust_004454,NEW,37,0,0,0,0
cust_004455,LOYAL,1083,18,15,3,1
cust_004456,LOYAL,1067,24,20,4,3
cust_004457,NEW,5,1,1,0,0
cust_004458,RETURNING,484,8,7,1,0
cust_004459,NEW,39,0,0,0,0
cust_004460,RETURNING,61,5,3,2,0
cust_004461,NEW,51,2,1,1,1
cust_004462,HIGH_VALUE,1748,36,33,3,0
cust_004463,RETURNING,50,8,7,1,0
cust_004464,LOYAL,962,34,32,2,1
cust_004465,NEW,21,3,3,0,0
cust_004466,RETURNING,206,7,5,2,1
cust_004467,RETURNING,428,6,5,1,0
cust_004468,RETURNING,287,10,7,3,0
cust_004469,HIGH_VALUE,2613,45,40,5,3
cust_004470,NEW,58,0,0,0,0
cust_004471,NEW,3,1,0,1,1
cust_004472,RETURNING,490,3,3,0,0
cust_004473,RETURNING,427,4,4,0,0
cust_004474,LOYAL,856,25,23,2,1
cust_004475,LOYAL,1087,20,19,1,0
cust_004476,LOYAL,298,29,28,1,1
cust_004477,NEW,44,1,0,1,0
cust_004478,RETURNING,402,9,5,4,0
cust_004479,LOYAL,1560,30,28,2,1
cust_004480,RETURNING,134,3,3,0,0
cust_004481,LOYAL,1194,12,10,2,2
cust_004482,RETURNING,269,6,6,0,0
cust_004483,RETURNING,293,5,5,0,0
cust_004484,LOYAL,1047,21,17,4,1
cust_004485,RETURNING,105,6,6,0,0
cust_004486,HIGH_VALUE,1145,34,33,1,1
cust_004487,RETURNING,166,10,10,0,0
cust_004488,NEW,9,1,1,0,0
cust_004489,RETURNING,104,5,5,0,0
cust_004490,NEW,4,0,0,0,0
cust_004491,RETURNING,357,7,7,0,0
cust_004492,NEW,43,1,0,1,0
cust_004493,RETURNING,226,5,5,0,0
cust_004494,LOYAL,789,28,26,2,1
cust_004495,RETURNING,500,10,8,2,1
cust_004496,NEW,12,1,1,0,0
cust_004497,RETURNING,466,7,6,1,0
cust_004498,LOYAL,1728,20,16,4,2
cust_004499,RETURNING,123,4,3,1,0
cust_004500,NEW,18,0,0,0,0
cust_004501,RETURNING,260,2,2,0,0
cust_004502,RETURNING,206,5,5,0,0
cust_004503,RETURNING,231,6,4,2,1
cust_004504,NEW,29,1,0,1,0
cust_004505,HIGH_VALUE,458,42,42,0,0
cust_004506,NEW,15,1,0,1,0
cust_004507,RETURNING,469,10,7,3,1
cust_004508,NEW,10,1,1,0,0
cust_004509,RETURNING,287,9,9,0,0
cust_004510,RETURNING,236,5,5,0,0
cust_004511,RETURNING,446,7,7,0,0
cust_004512,RETURNING,405,8,7,1,0
cust_004513,LOYAL,1358,23,22,1,0
cust_004514,RETURNING,176,9,9,0,0
cust_004515,LOYAL,373,16,16,0,0
cust_004516,RETURNING,472,10,9,1,0
cust_004517,RETURNING,468,8,6,2,0
cust_004518,HIGH_VALUE,1424,40,38,2,1
cust_004519,LOYAL,410,26,25,1,1
cust_004520,RETURNING,186,8,4,4,1
cust_004521,LOYAL,1129,29,25,4,2
cust_004522,RETURNING,477,10,10,0,0
cust_004523,RETURNING,448,6,5,1,0
cust_004524,LOYAL,980,30,29,1,0
cust_004525,LOYAL,1050,17,15,2,1
cust_004526,RETURNING,179,12,7,5,1
cust_004527,RETURNING,448,9,8,1,0
cust_004528,RETURNING,216,4,4,0,0
cust_004529,NEW,53,2,2,0,0
cust_004530,HIGH_VALUE,2225,34,32,2,1
cust_004531,RETURNING,255,6,5,1,0
cust_004532,RETURNING,70,9,7,2,0
cust_004533,RETURNING,452,6,5,1,0
cust_004534,RETURNING,168,5,5,0,0
cust_004535,RETURNING,175,6,6,0,0
cust_004536,HIGH_VALUE,2389,39,39,0,0
cust_004537,RETURNING,157,6,6,0,0
cust_004538,LOYAL,1220,23,23,0,0
cust_004539,RETURNING,355,3,2,1,0
cust_004540,RETURNING,295,3,3,0,0
cust_004541,NEW,48,0,0,0,0
cust_004542,RETURNING,260,4,4,0,0
cust_004543,NEW,45,0,0,0,0
cust_004544,LOYAL,877,23,21,2,0
cust_004545,LOYAL,1569,30,29,1,1
cust_004546,RETURNING,84,5,3,2,2
cust_004547,RETURNING,278,3,2,1,0
cust_004548,LOYAL,569,20,20,0,0
cust_004549,NEW,44,0,0,0,0
cust_004550,LOYAL,1034,24,20,4,1
cust_004551,RETURNING,95,5,4,1,0
cust_004552,NEW,57,0,0,0,0
cust_004553,NEW,9,2,2,0,0
cust_004554,HIGH_VALUE,2418,48,46,2,1
cust_004555,RETURNING,157,10,8,2,0
cust_004556,LOYAL,1497,19,18,1,1
cust_004557,NEW,28,0,0,0,0
cust_004558,RETURNING,285,7,5,2,0
cust_004559,LOYAL,974,28,26,2,0
cust_004560,NEW,44,1,1,0,0
cust_004561,NEW,55,0,0,0,0
cust_004562,RETURNING,252,13,9,4,3
cust_004563,LOYAL,580,23,18,5,3
cust_004564,RETURNING,33,5,5,0,0
cust_004565,NEW,2,1,1,0,0
cust_004566,HIGH_VALUE,1162,35,31,4,1
cust_004567,LOYAL,608,26,23,3,1
cust_004568,LOYAL,1098,18,15,3,0
cust_004569,LOYAL,554,32,30,2,1
cust_004570,LOYAL,1128,12,12,0,0
cust_004571,RETURNING,168,5,5,0,0
cust_004572,RETURNING,219,7,6,1,0
cust_004573,LOYAL,1610,21,18,3,2
cust_004574,LOYAL,304,31,28,3,2
cust_004575,HIGH_VALUE,2455,42,41,1,0
cust_004576,RETURNING,367,8,7,1,0
cust_004577,RETURNING,200,9,8,1,0
cust_004578,RETURNING,173,10,9,1,0
cust_004579,RETURNING,358,6,6,0,0
cust_004580,RETURNING,64,3,2,1,0
cust_004581,LOYAL,1170,22,21,1,0
cust_004582,RETURNING,222,6,4,2,0
cust_004583,NEW,35,0,0,0,0
cust_004584,RETURNING,283,7,5,2,0
cust_004585,RETURNING,321,4,4,0,0
cust_004586,LOYAL,933,24,19,5,3
cust_004587,RETURNING,313,10,10,0,0
cust_004588,RETURNING,308,5,5,0,0
cust_004589,RETURNING,371,7,6,1,1
cust_004590,RETURNING,128,7,7,0,0
cust_004591,NEW,31,2,2,0,0
cust_004592,LOYAL,1046,26,25,1,0
cust_004593,LOYAL,1688,28,26,2,1
cust_004594,RETURNING,167,9,7,2,1
cust_004595,RETURNING,133,7,4,3,2
cust_004596,NEW,38,1,1,0,0
cust_004597,RETURNING,196,8,6,2,1
cust_004598,RETURNING,183,8,8,0,0
cust_004599,LOYAL,687,21,21,0,0
cust_004600,NEW,36,1,1,0,0
cust_004601,LOYAL,1245,23,23,0,0
cust_004602,RETURNING,443,10,9,1,1
cust_004603,RETURNING,363,5,4,1,1
cust_004604,RETURNING,436,9,9,0,0
cust_004605,RETURNING,70,6,4,2,1
cust_004606,RETURNING,48,3,1,2,1
cust_004607,LOYAL,1331,22,20,2,0
cust_004608,RETURNING,430,8,6,2,1
cust_004609,NEW,47,1,1,0,0
cust_004610,RETURNING,369,7,7,0,0
cust_004611,RETURNING,145,5,3,2,1
cust_004612,RETURNING,187,10,8,2,2
cust_004613,RETURNING,443,4,3,1,1
cust_004614,NEW,3,0,0,0,0
cust_004615,RETURNING,397,2,2,0,0
cust_004616,LOYAL,1294,23,22,1,1
cust_004617,LOYAL,1168,38,38,0,0
cust_004618,NEW,5,2,2,0,0
cust_004619,RETURNING,475,8,7,1,1
cust_004620,RETURNING,397,7,7,0,0
cust_004621,NEW,16,2,1,1,1
cust_004622,RETURNING,231,10,8,2,1
cust_004623,NEW,28,1,1,0,0
cust_004624,NEW,19,2,2,0,0
cust_004625,LOYAL,1654,33,29,4,3
cust_004626,RETURNING,117,8,7,1,0
cust_004627,LOYAL,1087,26,24,2,1
cust_004628,NEW,56,2,1,1,1
cust_004629,RETURNING,414,8,8,0,0
cust_004630,RETURNING,402,6,5,1,1
cust_004631,LOYAL,1477,19,18,1,0
cust_004632,LOYAL,433,24,22,2,1
cust_004633,RETURNING,438,4,2,2,1
cust_004634,RETURNING,398,3,2,1,0
cust_004635,RETURNING,409,9,9,0,0
cust_004636,RETURNING,270,5,5,0,0
cust_004637,NEW,59,3,1,2,1
cust_004638,RETURNING,209,6,6,0,0
cust_004639,RETURNING,429,7,5,2,1
cust_004640,LOYAL,864,25,24,1,1
cust_004641,RETURNING,35,6,5,1,0
cust_004642,RETURNING,74,4,4,0,0
cust_004643,RETURNING,340,9,7,2,0
cust_004644,RETURNING,490,10,9,1,0
cust_004645,RETURNING,374,6,6,0,0
cust_004646,LOYAL,1711,26,24,2,0
cust_004647,LOYAL,1046,31,25,6,1
cust_004648,NEW,14,1,1,0,0
cust_004649,LOYAL,795,27,20,7,5
cust_004650,RETURNING,446,13,8,5,2
cust_004651,NEW,15,1,1,0,0
cust_004652,RETURNING,270,7,4,3,0
cust_004653,NEW,34,1,0,1,1
cust_004654,RETURNING,264,4,3,1,0
cust_004655,LOYAL,1536,26,25,1,0
cust_004656,RETURNING,416,6,6,0,0
cust_004657,LOYAL,1510,21,15,6,1
cust_004658,RETURNING,163,6,5,1,1
cust_004659,LOYAL,763,28,28,0,0
cust_004660,RETURNING,430,3,2,1,0
cust_004661,LOYAL,801,22,21,1,0
cust_004662,RETURNING,124,6,5,1,0
cust_004663,RETURNING,480,8,6,2,1
cust_004664,RETURNING,444,8,7,1,1
cust_004665,LOYAL,1084,33,33,0,0
cust_004666,NEW,10,2,2,0,0
cust_004667,RETURNING,227,6,5,1,0
cust_004668,LOYAL,1774,29,22,7,6
cust_004669,RETURNING,353,5,4,1,0
cust_004670,LOYAL,1497,19,19,0,0
cust_004671,RETURNING,485,5,5,0,0
cust_004672,NEW,25,0,0,0,0
cust_004673,RETURNING,257,6,4,2,2
cust_004674,RETURNING,466,5,4,1,1
cust_004675,NEW,16,0,0,0,0
cust_004676,NEW,28,0,0,0,0
cust_004677,RETURNING,213,6,5,1,1
cust_004678,LOYAL,1695,15,15,0,0
cust_004679,LOYAL,1750,17,17,0,0
cust_004680,RETURNING,72,6,5,1,0
cust_004681,NEW,43,0,0,0,0
cust_004682,RETURNING,307,8,8,0,0
cust_004683,LOYAL,1635,30,27,3,0
cust_004684,LOYAL,426,25,22,3,2
cust_004685,RETURNING,67,6,5,1,0
cust_004686,NEW,44,1,1,0,0
cust_004687,LOYAL,1384,20,19,1,1
cust_004688,LOYAL,1372,23,22,1,1
cust_004689,NEW,48,0,0,0,0
cust_004690,LOYAL,992,26,23,3,2
cust_004691,NEW,60,0,0,0,0
cust_004692,NEW,0,0,0,0,0
cust_004693,LOYAL,1666,29,25,4,1
cust_004694,RETURNING,357,5,2,3,0
cust_004695,RETURNING,207,9,7,2,1
cust_004696,LOYAL,510,17,12,5,2
cust_004697,LOYAL,454,32,29,3,3
cust_004698,NEW,17,1,1,0,0
cust_004699,RETURNING,101,11,7,4,0
cust_004700,LOYAL,1324,28,26,2,2
cust_004701,RETURNING,446,4,4,0,0
cust_004702,HIGH_VALUE,1618,41,41,0,0
cust_004703,LOYAL,1768,22,21,1,1
cust_004704,NEW,40,0,0,0,0
cust_004705,RETURNING,126,5,5,0,0
cust_004706,LOYAL,1587,25,23,2,2
cust_004707,HIGH_VALUE,1643,41,36,5,1
cust_004708,NEW,41,1,1,0,0
cust_004709,NEW,15,1,1,0,0
cust_004710,LOYAL,1120,26,24,2,2
cust_004711,NEW,44,2,2,0,0
cust_004712,NEW,49,1,1,0,0
cust_004713,LOYAL,952,32,32,0,0
cust_004714,LOYAL,1592,23,23,0,0
cust_004715,LOYAL,882,28,25,3,1
cust_004716,RETURNING,230,10,8,2,0
cust_004717,RETURNING,300,6,4,2,1
cust_004718,LOYAL,1755,31,31,0,0
cust_004719,RETURNING,59,2,2,0,0
cust_004720,RETURNING,291,4,4,0,0
cust_004721,LOYAL,705,29,25,4,4
cust_004722,LOYAL,246,17,17,0,0
cust_004723,LOYAL,1595,24,22,2,0
cust_004724,NEW,57,0,0,0,0
cust_004725,HIGH_VALUE,1414,42,40,2,1
cust_004726,RETURNING,113,7,7,0,0
cust_004727,LOYAL,1507,23,23,0,0
cust_004728,LOYAL,1776,30,29,1,0
cust_004729,RETURNING,255,6,6,0,0
cust_004730,LOYAL,350,15,14,1,0
cust_004731,RETURNING,154,4,2,2,0
cust_004732,LOYAL,894,28,26,2,1
cust_004733,LOYAL,516,25,22,3,1
cust_004734,LOYAL,1130,17,17,0,0
cust_004735,NEW,14,0,0,0,0
cust_004736,RETURNING,242,9,5,4,3
cust_004737,HIGH_VALUE,1673,37,36,1,0
cust_004738,HIGH_VALUE,1354,37,37,0,0
cust_004739,HIGH_VALUE,647,44,37,7,4
cust_004740,NEW,16,2,2,0,0
cust_004741,RETURNING,351,5,5,0,0
cust_004742,LOYAL,1573,20,20,0,0
cust_004743,LOYAL,770,26,25,1,0
cust_004744,NEW,54,0,0,0,0
cust_004745,RETURNING,413,8,8,0,0
cust_004746,NEW,50,1,0,1,0
cust_004747,RETURNING,255,2,1,1,0
cust_004748,RETURNING,206,4,4,0,0
cust_004749,NEW,41,1,1,0,0
cust_004750,NEW,35,1,0,1,0
cust_004751,LOYAL,1531,23,22,1,1
cust_004752,LOYAL,1736,20,17,3,3
cust_004753,HIGH_VALUE,1767,47,45,2,0
cust_004754,RETURNING,369,5,3,2,1
cust_004755,RETURNING,443,11,9,2,1
cust_004756,RETURNING,423,5,5,0,0
cust_004757,RETURNING,218,4,4,0,0
cust_004758,RETURNING,110,4,3,1,1
cust_004759,LOYAL,334,22,17,5,3
cust_004760,LOYAL,1465,24,21,3,2
cust_004761,LOYAL,275,29,27,2,1
cust_004762,RETURNING,391,7,7,0,0
cust_004763,RETURNING,238,5,4,1,0
cust_004764,RETURNING,107,10,10,0,0
cust_004765,NEW,51,0,0,0,0
cust_004766,LOYAL,1791,19,17,2,1
cust_004767,RETURNING,195,4,3,1,1
cust_004768,LOYAL,672,27,26,1,1
cust_004769,NEW,18,0,0,0,0
cust_004770,HIGH_VALUE,943,42,39,3,2
cust_004771,HIGH_VALUE,367,38,35,3,0
cust_004772,RETURNING,67,5,5,0,0
cust_004773,LOYAL,1400,9,8,1,0
cust_004774,RETURNING,177,6,5,1,0
cust_004775,LOYAL,1769,24,22,2,1
cust_004776,LOYAL,1114,25,25,0,0
cust_004777,LOYAL,1388,8,7,1,1
cust_004778,LOYAL,1776,19,19,0,0
cust_004779,RETURNING,314,5,5,0,0
cust_004780,LOYAL,959,31,29,2,1
cust_004781,LOYAL,1255,30,28,2,1
cust_004782,NEW,23,1,1,0,0
cust_004783,NEW,3,0,0,0,0
cust_004784,LOYAL,1300,21,20,1,1
cust_004785,RETURNING,120,7,5,2,1
cust_004786,RETURNING,268,12,11,1,0
cust_004787,LOYAL,833,24,23,1,1
cust_004788,RETURNING,38,9,6,3,1
cust_004789,RETURNING,217,9,8,1,0
cust_004790,RETURNING,52,6,5,1,1
cust_004791,RETURNING,426,10,8,2,1
cust_004792,LOYAL,778,26,22,4,2
cust_004793,RETURNING,367,11,10,1,1
cust_004794,RETURNING,486,1,1,0,0
cust_004795,LOYAL,861,26,23,3,2
cust_004796,LOYAL,685,26,26,0,0
cust_004797,LOYAL,688,14,13,1,0
cust_004798,NEW,8,0,0,0,0
cust_004799,LOYAL,1679,21,19,2,2
cust_004800,RETURNING,492,4,4,0,0
cust_004801,NEW,41,0,0,0,0
cust_004802,LOYAL,541,32,29,3,0
cust_004803,LOYAL,742,23,20,3,2
cust_004804,RETURNING,392,6,5,1,1
cust_004805,LOYAL,344,19,19,0,0
cust_004806,RETURNING,267,12,9,3,0
cust_004807,RETURNING,101,2,1,1,1
cust_004808,RETURNING,452,6,5,1,1
cust_004809,RETURNING,441,9,9,0,0
cust_004810,LOYAL,1606,25,23,2,1
cust_004811,LOYAL,1743,13,11,2,1
cust_004812,LOYAL,942,25,24,1,1
cust_004813,NEW,47,0,0,0,0
cust_004814,RETURNING,400,2,2,0,0
cust_004815,NEW,10,1,1,0,0
cust_004816,LOYAL,403,23,22,1,0
cust_004817,RETURNING,200,7,7,0,0
cust_004818,RETURNING,478,7,7,0,0
cust_004819,LOYAL,1179,27,22,5,0
cust_004820,LOYAL,556,22,21,1,0
cust_004821,RETURNING,464,5,5,0,0
cust_004822,RETURNING,306,7,4,3,3
cust_004823,RETURNING,112,5,5,0,0
cust_004824,RETURNING,134,3,3,0,0
cust_004825,NEW,13,2,1,1,0
cust_004826,LOYAL,1477,26,23,3,2
cust_004827,RETURNING,371,9,8,1,0
cust_004828,RETURNING,181,6,5,1,1
cust_004829,RETURNING,374,5,4,1,0
cust_004830,RETURNING,301,4,4,0,0
cust_004831,RETURNING,414,15,11,4,1
cust_004832,RETURNING,70,3,3,0,0
cust_004833,RETURNING,123,3,2,1,0
cust_004834,RETURNING,410,5,3,2,0
cust_004835,LOYAL,372,17,15,2,2
cust_004836,HIGH_VALUE,1986,45,44,1,0
cust_004837,RETURNING,444,9,7,2,0
cust_004838,NEW,48,0,0,0,0
cust_004839,LOYAL,183,18,17,1,0
cust_004840,HIGH_VALUE,533,40,39,1,1
cust_004841,LOYAL,954,27,24,3,1
cust_004842,NEW,40,3,3,0,0
cust_004843,RETURNING,76,4,3,1,0
cust_004844,NEW,56,2,2,0,0
cust_004845,LOYAL,973,28,24,4,1
cust_004846,RETURNING,146,3,3,0,0
cust_004847,RETURNING,331,7,7,0,0
cust_004848,RETURNING,214,5,3,2,0
cust_004849,RETURNING,157,6,3,3,1
cust_004850,RETURNING,424,8,6,2,0
cust_004851,NEW,28,0,0,0,0
cust_004852,RETURNING,262,13,10,3,1
cust_004853,LOYAL,857,17,16,1,1
cust_004854,LOYAL,883,18,16,2,0
cust_004855,RETURNING,126,11,7,4,1
cust_004856,LOYAL,1038,25,22,3,2
cust_004857,LOYAL,1755,22,20,2,1
cust_004858,NEW,37,2,1,1,0
cust_004859,RETURNING,95,7,5,2,0
cust_004860,RETURNING,48,2,2,0,0
cust_004861,RETURNING,74,6,5,1,0
cust_004862,NEW,57,1,1,0,0
cust_004863,NEW,7,1,0,1,0
cust_004864,NEW,42,0,0,0,0
cust_004865,RETURNING,46,9,8,1,1
cust_004866,RETURNING,397,3,2,1,0
cust_004867,NEW,25,0,0,0,0
cust_004868,LOYAL,329,28,25,3,1
cust_004869,RETURNING,111,6,4,2,0
cust_004870,RETURNING,437,7,6,1,0
cust_004871,RETURNING,323,5,4,1,0
cust_004872,LOYAL,976,22,21,1,1
cust_004873,HIGH_VALUE,1074,38,38,0,0
cust_004874,RETURNING,313,6,4,2,1
cust_004875,NEW,24,2,2,0,0
cust_004876,RETURNING,397,4,3,1,0
cust_004877,NEW,22,0,0,0,0
cust_004878,LOYAL,1313,23,21,2,2
cust_004879,NEW,19,1,0,1,0
cust_004880,HIGH_VALUE,2396,38,38,0,0
cust_004881,RETURNING,201,6,5,1,0
cust_004882,RETURNING,76,6,5,1,0
cust_004883,LOYAL,1199,21,17,4,3
cust_004884,NEW,54,0,0,0,0
cust_004885,LOYAL,990,31,27,4,2
cust_004886,NEW,7,3,3,0,0
cust_004887,LOYAL,212,19,17,2,1
cust_004888,RETURNING,467,9,8,1,0
cust_004889,NEW,45,0,0,0,0
cust_004890,LOYAL,1592,25,25,0,0
cust_004891,NEW,42,1,0,1,1
cust_004892,NEW,47,1,1,0,0
cust_004893,LOYAL,597,24,24,0,0
cust_004894,RETURNING,492,11,10,1,0
cust_004895,LOYAL,790,27,24,3,2
cust_004896,RETURNING,357,14,14,0,0
cust_004897,RETURNING,315,0,0,0,0
cust_004898,RETURNING,73,6,6,0,0
cust_004899,NEW,30,1,1,0,0
cust_004900,HIGH_VALUE,2692,36,33,3,0
cust_004901,NEW,11,0,0,0,0
cust_004902,RETURNING,414,11,10,1,1
cust_004903,RETURNING,88,12,11,1,0
cust_004904,RETURNING,199,3,2,1,1
cust_004905,RETURNING,269,7,6,1,0
cust_004906,LOYAL,1357,28,27,1,0
cust_004907,LOYAL,616,18,16,2,1
cust_004908,LOYAL,1752,19,16,3,0
cust_004909,RETURNING,91,11,8,3,0
cust_004910,RETURNING,123,8,5,3,2
cust_004911,NEW,36,0,0,0,0
cust_004912,LOYAL,267,25,24,1,0
cust_004913,RETURNING,226,4,4,0,0
cust_004914,RETURNING,429,3,3,0,0
cust_004915,NEW,8,1,0,1,0
cust_004916,LOYAL,937,19,18,1,1
cust_004917,LOYAL,1581,29,26,3,1
cust_004918,LOYAL,1246,22,22,0,0
cust_004919,NEW,38,0,0,0,0
cust_004920,HIGH_VALUE,1442,31,30,1,1
cust_004921,RETURNING,104,3,3,0,0
cust_004922,RETURNING,334,9,8,1,0
cust_004923,RETURNING,197,8,8,0,0
cust_004924,RETURNING,462,6,4,2,1
cust_004925,RETURNING,301,8,8,0,0
cust_004926,RETURNING,142,5,3,2,0
cust_004927,RETURNING,470,11,8,3,3
cust_004928,RETURNING,312,7,4,3,1
cust_004929,LOYAL,520,20,20,0,0
cust_004930,LOYAL,1370,27,27,0,0
cust_004931,RETURNING,291,10,6,4,2
cust_004932,NEW,19,2,2,0,0
cust_004933,LOYAL,622,19,16,3,1
cust_004934,NEW,48,1,0,1,0
cust_004935,RETURNING,233,10,8,2,1
cust_004936,NEW,6,1,0,1,0
cust_004937,LOYAL,1737,27,26,1,1
cust_004938,RETURNING,73,3,2,1,0
cust_004939,RETURNING,461,10,8,2,1
cust_004940,RETURNING,352,5,4,1,0
cust_004941,RETURNING,246,7,6,1,0
cust_004942,RETURNING,395,10,9,1,1
cust_004943,NEW,2,0,0,0,0
cust_004944,RETURNING,151,11,10,1,0
cust_004945,RETURNING,405,6,4,2,2
cust_004946,RETURNING,150,7,7,0,0
cust_004947,NEW,3,0,0,0,0
cust_004948,LOYAL,656,13,13,0,0
cust_004949,RETURNING,38,6,6,0,0
cust_004950,NEW,50,0,0,0,0
cust_004951,NEW,18,0,0,0,0
cust_004952,RETURNING,369,9,8,1,0
cust_004953,RETURNING,105,7,5,2,2
cust_004954,LOYAL,1180,33,28,5,2
cust_004955,RETURNING,238,11,9,2,0
cust_004956,LOYAL,427,31,27,4,3
cust_004957,RETURNING,242,4,4,0,0
cust_004958,RETURNING,465,7,5,2,2
cust_004959,LOYAL,1175,27,24,3,1
cust_004960,RETURNING,108,7,6,1,1
cust_004961,NEW,45,0,0,0,0
cust_004962,RETURNING,296,9,7,2,0
cust_004963,HIGH_VALUE,1132,39,38,1,0
cust_004964,HIGH_VALUE,1067,36,32,4,2
cust_004965,RETURNING,277,6,5,1,0
cust_004966,LOYAL,874,25,25,0,0
cust_004967,RETURNING,76,6,6,0,0
cust_004968,NEW,18,1,0,1,0
cust_004969,LOYAL,782,23,22,1,0
cust_004970,RETURNING,142,4,3,1,0
cust_004971,RETURNING,288,11,10,1,1
cust_004972,LOYAL,520,27,26,1,1
cust_004973,RETURNING,476,5,5,0,0
cust_004974,LOYAL,1261,26,25,1,0
cust_004975,RETURNING,385,6,5,1,0
cust_004976,NEW,21,0,0,0,0
cust_004977,RETURNING,360,1,1,0,0
cust_004978,HIGH_VALUE,1581,36,32,4,3
cust_004979,RETURNING,63,8,5,3,2
cust_004980,NEW,36,1,1,0,0
cust_004981,LOYAL,1259,25,19,6,2
cust_004982,HIGH_VALUE,998,32,27,5,0
cust_004983,LOYAL,1180,24,21,3,3
cust_004984,RETURNING,355,9,9,0,0
cust_004985,RETURNING,247,10,7,3,2
cust_004986,RETURNING,399,7,5,2,0
cust_004987,LOYAL,426,18,15,3,1
cust_004988,LOYAL,1138,28,24,4,1
cust_004989,LOYAL,1558,25,25,0,0
cust_004990,RETURNING,79,6,3,3,2
cust_004991,NEW,25,1,1,0,0
cust_004992,RETURNING,196,3,3,0,0
cust_004993,NEW,34,0,0,0,0
cust_004994,NEW,41,0,0,0,0
cust_004995,RETURNING,163,9,7,2,1
cust_004996,RETURNING,387,7,4,3,1
cust_004997,LOYAL,849,23,21,2,0
cust_004998,LOYAL,461,28,24,4,2
cust_004999,LOYAL,1767,26,22,4,2
cust_005000,LOYAL,1658,24,17,7,1
cust_005001,LOYAL,1324,28,25,3,2
cust_005002,NEW,36,2,1,1,0
cust_005003,RETURNING,43,2,2,0,0
cust_005004,NEW,60,2,1,1,0
cust_005005,NEW,53,0,0,0,0
cust_005006,NEW,22,0,0,0,0
cust_005007,LOYAL,590,16,14,2,0
cust_005008,LOYAL,916,14,14,0,0
cust_005009,HIGH_VALUE,1142,40,37,3,1
cust_005010,HIGH_VALUE,1590,34,32,2,0
cust_005011,LOYAL,791,17,16,1,0
cust_005012,NEW,34,3,2,1,1
cust_005013,LOYAL,1609,27,25,2,1
cust_005014,LOYAL,1148,22,22,0,0
cust_005015,LOYAL,230,24,20,4,2
cust_005016,NEW,14,0,0,0,0
cust_005017,NEW,34,0,0,0,0
cust_005018,LOYAL,1524,21,19,2,0
cust_005019,NEW,37,0,0,0,0
cust_005020,RETURNING,449,5,3,2,0
cust_005021,RETURNING,421,4,3,1,0
cust_005022,NEW,38,1,1,0,0
cust_005023,NEW,41,1,1,0,0
cust_005024,HIGH_VALUE,932,41,40,1,1
cust_005025,LOYAL,1713,30,25,5,3
cust_005026,LOYAL,749,15,10,5,2
cust_005027,RETURNING,450,2,1,1,1
cust_005028,RETURNING,399,11,9,2,0
cust_005029,RETURNING,391,10,8,2,0
cust_005030,RETURNING,337,9,9,0,0
cust_005031,NEW,19,0,0,0,0
cust_005032,LOYAL,1030,14,12,2,1
cust_005033,HIGH_VALUE,2988,48,40,8,4
cust_005034,RETURNING,426,8,6,2,1
cust_005035,RETURNING,153,11,10,1,0
cust_005036,RETURNING,389,7,5,2,1
cust_005037,NEW,27,0,0,0,0
cust_005038,RETURNING,305,8,8,0,0
cust_005039,RETURNING,46,3,2,1,1
cust_005040,RETURNING,499,9,9,0,0
cust_005041,RETURNING,426,9,8,1,1
cust_005042,LOYAL,201,22,19,3,1
cust_005043,RETURNING,100,10,8,2,1
cust_005044,NEW,5,0,0,0,0
cust_005045,NEW,55,0,0,0,0
cust_005046,NEW,57,1,1,0,0
cust_005047,RETURNING,482,7,6,1,1
cust_005048,LOYAL,1216,29,25,4,2
cust_005049,LOYAL,526,22,19,3,3
cust_005050,RETURNING,189,6,5,1,0
cust_005051,RETURNING,157,6,6,0,0
cust_005052,NEW,31,0,0,0,0
cust_005053,RETURNING,111,8,7,1,0
cust_005054,RETURNING,207,8,5,3,0
cust_005055,LOYAL,217,16,15,1,0
cust_005056,RETURNING,56,8,7,1,1
cust_005057,RETURNING,200,11,7,4,0
cust_005058,RETURNING,48,7,4,3,1
cust_005059,NEW,34,1,0,1,0
cust_005060,LOYAL,1513,30,25,5,2
cust_005061,NEW,28,0,0,0,0
cust_005062,NEW,31,0,0,0,0
cust_005063,RETURNING,352,5,4,1,0
cust_005064,LOYAL,1182,29,27,2,1
cust_005065,RETURNING,377,6,6,0,0
cust_005066,RETURNING,68,6,5,1,1
cust_005067,RETURNING,56,2,1,1,0
cust_005068,NEW,48,0,0,0,0
cust_005069,LOYAL,220,21,20,1,1
cust_005070,RETURNING,52,5,4,1,1
cust_005071,NEW,24,2,2,0,0
cust_005072,RETURNING,475,4,2,2,1
cust_005073,NEW,59,0,0,0,0
cust_005074,NEW,21,0,0,0,0
cust_005075,LOYAL,799,30,27,3,3
cust_005076,RETURNING,215,3,2,1,0
cust_005077,RETURNING,301,7,5,2,2
cust_005078,RETURNING,280,9,8,1,0
cust_005079,LOYAL,494,34,32,2,0
cust_005080,NEW,42,0,0,0,0
cust_005081,NEW,41,0,0,0,0
cust_005082,RETURNING,360,6,6,0,0
cust_005083,RETURNING,143,8,5,3,1
cust_005084,HIGH_VALUE,2447,39,39,0,0
cust_005085,RETURNING,172,10,8,2,1
cust_005086,NEW,39,1,0,1,0
cust_005087,RETURNING,450,7,7,0,0
cust_005088,RETURNING,101,7,7,0,0
cust_005089,NEW,24,0,0,0,0
cust_005090,RETURNING,326,7,5,2,2
cust_005091,RETURNING,154,6,6,0,0
cust_005092,LOYAL,538,29,26,3,2
cust_005093,LOYAL,899,28,28,0,0
cust_005094,RETURNING,89,5,4,1,0
cust_005095,HIGH_VALUE,2818,42,39,3,2
cust_005096,HIGH_VALUE,1554,46,46,0,0
cust_005097,NEW,41,0,0,0,0
cust_005098,RETURNING,321,10,10,0,0
cust_005099,RETURNING,285,10,9,1,0
cust_005100,NEW,3,0,0,0,0
cust_005101,RETURNING,485,9,9,0,0
cust_005102,RETURNING,417,4,4,0,0
cust_005103,HIGH_VALUE,2545,41,40,1,1
cust_005104,RETURNING,79,8,8,0,0
cust_005105,LOYAL,285,25,21,4,3
cust_005106,RETURNING,186,7,6,1,0
cust_005107,NEW,31,1,1,0,0
cust_005108,LOYAL,839,22,19,3,1
cust_005109,NEW,44,0,0,0,0
cust_005110,NEW,50,1,0,1,0
cust_005111,RETURNING,64,3,3,0,0
cust_005112,LOYAL,1221,29,27,2,2
cust_005113,RETURNING,462,10,7,3,1
cust_005114,NEW,32,1,1,0,0
cust_005115,RETURNING,155,4,2,2,2
cust_005116,RETURNING,334,2,2,0,0
cust_005117,NEW,21,2,2,0,0
cust_005118,RETURNING,441,7,5,2,0
cust_005119,NEW,40,1,1,0,0
cust_005120,RETURNING,297,10,7,3,2
cust_005121,RETURNING,93,3,2,1,0
cust_005122,LOYAL,626,26,23,3,0
cust_005123,RETURNING,86,6,3,3,1
cust_005124,RETURNING,390,7,5,2,1
cust_005125,RETURNING,350,2,1,1,0
cust_005126,HIGH_VALUE,1912,60,58,2,1
cust_005127,RETURNING,433,6,6,0,0
cust_005128,RETURNING,387,5,5,0,0
cust_005129,RETURNING,471,5,5,0,0
cust_005130,RETURNING,161,4,4,0,0
cust_005131,NEW,34,1,1,0,0
cust_005132,NEW,60,0,0,0,0
cust_005133,RETURNING,154,7,6,1,0
cust_005134,RETURNING,378,10,9,1,0
cust_005135,RETURNING,230,5,5,0,0
cust_005136,LOYAL,1165,22,22,0,0
cust_005137,RETURNING,110,9,6,3,2
cust_005138,LOYAL,1360,28,28,0,0
cust_005139,LOYAL,313,29,27,2,2
cust_005140,LOYAL,1789,14,13,1,0
cust_005141,LOYAL,1165,24,21,3,2
cust_005142,RETURNING,412,3,2,1,0
cust_005143,RETURNING,92,10,9,1,0
cust_005144,RETURNING,499,8,5,3,1
cust_005145,NEW,11,2,2,0,0
cust_005146,RETURNING,249,8,6,2,0
cust_005147,NEW,5,0,0,0,0
cust_005148,NEW,48,0,0,0,0
cust_005149,HIGH_VALUE,549,46,41,5,3
cust_005150,LOYAL,1290,29,28,1,0
cust_005151,RETURNING,241,8,8,0,0
cust_005152,RETURNING,260,1,1,0,0
cust_005153,RETURNING,327,8,8,0,0
cust_005154,LOYAL,925,24,23,1,0
cust_005155,RETURNING,200,8,5,3,3
cust_005156,RETURNING,437,7,7,0,0
cust_005157,RETURNING,478,9,6,3,3
cust_005158,RETURNING,283,8,7,1,0
cust_005159,LOYAL,1183,23,22,1,1
cust_005160,HIGH_VALUE,476,28,27,1,1
cust_005161,RETURNING,398,6,5,1,0
cust_005162,RETURNING,217,5,5,0,0
cust_005163,RETURNING,475,8,8,0,0
cust_005164,RETURNING,43,9,7,2,0
cust_005165,HIGH_VALUE,1405,40,40,0,0
cust_005166,LOYAL,1784,24,24,0,0
cust_005167,RETURNING,242,6,4,2,2
cust_005168,RETURNING,253,8,7,1,0
cust_005169,RETURNING,104,6,5,1,1
cust_005170,NEW,2,3,1,2,0
cust_005171,RETURNING,196,4,3,1,0
cust_005172,LOYAL,896,28,28,0,0
cust_005173,LOYAL,1711,31,30,1,0
cust_005174,RETURNING,223,10,9,1,0
cust_005175,LOYAL,673,33,30,3,2
cust_005176,LOYAL,838,23,17,6,2
cust_005177,RETURNING,52,8,7,1,1
cust_005178,RETURNING,446,9,9,0,0
cust_005179,RETURNING,450,7,5,2,0
cust_005180,LOYAL,504,34,31,3,2
cust_005181,NEW,38,0,0,0,0
cust_005182,RETURNING,217,14,11,3,1
cust_005183,RETURNING,61,8,7,1,1
cust_005184,NEW,41,1,1,0,0
cust_005185,RETURNING,156,6,6,0,0
cust_005186,LOYAL,741,19,18,1,0
cust_005187,NEW,35,1,1,0,0
cust_005188,RETURNING,236,6,4,2,1
cust_005189,HIGH_VALUE,1646,44,40,4,1
cust_005190,RETURNING,407,9,7,2,0
cust_005191,RETURNING,197,10,9,1,1
cust_005192,RETURNING,308,7,6,1,1
cust_005193,RETURNING,343,4,4,0,0
cust_005194,NEW,31,0,0,0,0
cust_005195,LOYAL,1765,21,18,3,2
cust_005196,RETURNING,251,7,7,0,0
cust_005197,RETURNING,460,8,7,1,1
cust_005198,NEW,34,0,0,0,0
cust_005199,LOYAL,1287,22,22,0,0
cust_005200,NEW,9,1,1,0,0
cust_005201,LOYAL,496,23,22,1,1
cust_005202,RETURNING,122,14,13,1,0
cust_005203,RETURNING,173,1,0,1,0
cust_005204,RETURNING,284,3,3,0,0
cust_005205,NEW,42,1,0,1,0
cust_005206,RETURNING,118,7,6,1,1
cust_005207,LOYAL,1749,26,26,0,0
cust_005208,RETURNING,243,10,8,2,1
cust_005209,RETURNING,50,7,3,4,2
cust_005210,RETURNING,163,5,5,0,0
cust_005211,RETURNING,370,12,10,2,0
cust_005212,RETURNING,39,6,3,3,1
cust_005213,NEW,48,1,1,0,0
cust_005214,RETURNING,253,9,8,1,1
cust_005215,NEW,9,3,0,3,2
cust_005216,RETURNING,334,8,7,1,0
cust_005217,RETURNING,367,8,6,2,0
cust_005218,RETURNING,189,9,8,1,1
cust_005219,RETURNING,138,12,11,1,0
cust_005220,LOYAL,798,14,11,3,1
cust_005221,RETURNING,131,3,3,0,0
cust_005222,LOYAL,1064,26,26,0,0
cust_005223,RETURNING,45,8,7,1,1
cust_005224,RETURNING,72,6,5,1,0
cust_005225,NEW,36,0,0,0,0
cust_005226,RETURNING,470,1,1,0,0
cust_005227,LOYAL,963,24,24,0,0
cust_005228,LOYAL,495,26,25,1,0
cust_005229,RETURNING,362,9,9,0,0
cust_005230,RETURNING,221,3,2,1,0
cust_005231,NEW,40,1,1,0,0
cust_005232,NEW,27,1,1,0,0
cust_005233,LOYAL,1129,32,31,1,0
cust_005234,NEW,38,0,0,0,0
cust_005235,NEW,46,2,1,1,0
cust_005236,HIGH_VALUE,1510,42,35,7,6
cust_005237,HIGH_VALUE,900,47,44,3,2
cust_005238,RETURNING,85,4,3,1,0
cust_005239,RETURNING,337,4,2,2,1
cust_005240,LOYAL,689,22,20,2,1
cust_005241,RETURNING,284,7,6,1,0
cust_005242,RETURNING,91,9,8,1,1
cust_005243,RETURNING,254,6,5,1,0
cust_005244,LOYAL,1138,21,21,0,0
cust_005245,LOYAL,1401,17,17,0,0
cust_005246,RETURNING,313,10,10,0,0
cust_005247,NEW,43,0,0,0,0
cust_005248,RETURNING,171,14,9,5,2
cust_005249,RETURNING,116,9,7,2,2
cust_005250,LOYAL,1706,25,20,5,3
cust_005251,NEW,13,0,0,0,0
cust_005252,NEW,43,0,0,0,0
cust_005253,LOYAL,1440,22,22,0,0
cust_005254,RETURNING,379,11,10,1,0
cust_005255,LOYAL,765,16,15,1,0
cust_005256,NEW,26,3,3,0,0
cust_005257,LOYAL,1579,28,26,2,0
cust_005258,NEW,23,0,0,0,0
cust_005259,NEW,8,0,0,0,0
cust_005260,RETURNING,393,13,11,2,2
cust_005261,RETURNING,33,8,7,1,1
cust_005262,RETURNING,163,2,2,0,0
cust_005263,NEW,25,0,0,0,0
cust_005264,NEW,21,0,0,0,0
cust_005265,LOYAL,1078,21,17,4,2
cust_005266,RETURNING,236,15,13,2,0
cust_005267,RETURNING,248,8,5,3,3
cust_005268,LOYAL,1497,34,33,1,1
cust_005269,NEW,8,2,1,1,1
cust_005270,LOYAL,1292,25,21,4,0
cust_005271,RETURNING,329,7,3,4,2
cust_005272,RETURNING,428,7,6,1,0
cust_005273,NEW,15,1,1,0,0
cust_005274,LOYAL,1019,19,18,1,1
cust_005275,RETURNING,414,5,4,1,1
cust_005276,RETURNING,254,6,6,0,0
cust_005277,HIGH_VALUE,1817,42,36,6,5
cust_005278,RETURNING,441,11,11,0,0
cust_005279,LOYAL,831,24,24,0,0
cust_005280,LOYAL,726,19,19,0,0
cust_005281,LOYAL,1237,18,16,2,0
cust_005282,LOYAL,1610,29,25,4,2
cust_005283,HIGH_VALUE,871,31,28,3,0
cust_005284,NEW,52,3,3,0,0
cust_005285,LOYAL,711,25,25,0,0
cust_005286,LOYAL,1084,18,17,1,1
cust_005287,RETURNING,76,6,6,0,0
cust_005288,RETURNING,102,6,4,2,0
cust_005289,HIGH_VALUE,2475,50,46,4,1
cust_005290,RETURNING,160,3,3,0,0
cust_005291,RETURNING,496,3,3,0,0
cust_005292,RETURNING,88,7,5,2,2
cust_005293,NEW,12,1,1,0,0
cust_005294,LOYAL,497,19,18,1,1
cust_005295,NEW,53,1,1,0,0
cust_005296,LOYAL,1565,23,22,1,1
cust_005297,LOYAL,231,20,18,2,0
cust_005298,RETURNING,419,11,7,4,1
cust_005299,LOYAL,1503,26,25,1,1
cust_005300,NEW,59,2,0,2,2
cust_005301,LOYAL,1562,24,24,0,0
cust_005302,HIGH_VALUE,1025,32,32,0,0
cust_005303,NEW,20,0,0,0,0
cust_005304,LOYAL,1793,23,23,0,0
cust_005305,RETURNING,444,2,1,1,0
cust_005306,RETURNING,314,11,8,3,2
cust_005307,LOYAL,1561,24,24,0,0
cust_005308,RETURNING,112,6,6,0,0
cust_005309,RETURNING,363,3,3,0,0
cust_005310,RETURNING,119,5,5,0,0
cust_005311,RETURNING,355,9,9,0,0
cust_005312,LOYAL,1241,24,20,4,3
cust_005313,NEW,34,0,0,0,0
cust_005314,RETURNING,369,8,8,0,0
cust_005315,RETURNING,369,12,10,2,0
cust_005316,LOYAL,1190,14,13,1,1
cust_005317,RETURNING,206,8,7,1,0
cust_005318,RETURNING,257,18,15,3,1
cust_005319,RETURNING,101,2,2,0,0
cust_005320,RETURNING,197,6,4,2,1
cust_005321,HIGH_VALUE,1921,39,33,6,2
cust_005322,RETURNING,236,5,2,3,0
cust_005323,RETURNING,126,11,5,6,1
cust_005324,LOYAL,973,20,19,1,1
cust_005325,RETURNING,415,4,3,1,0
cust_005326,RETURNING,96,6,6,0,0
cust_005327,RETURNING,86,5,3,2,0
cust_005328,NEW,10,1,1,0,0
cust_005329,LOYAL,1407,25,23,2,1
cust_005330,LOYAL,828,18,15,3,3
cust_005331,LOYAL,1367,34,27,7,3
cust_005332,LOYAL,1540,24,24,0,0
cust_005333,RETURNING,406,9,6,3,1
cust_005334,RETURNING,77,9,8,1,0
cust_005335,RETURNING,291,7,7,0,0
cust_005336,HIGH_VALUE,2573,50,46,4,0
cust_005337,LOYAL,276,31,28,3,3
cust_005338,RETURNING,262,11,11,0,0
cust_005339,LOYAL,785,24,22,2,0
cust_005340,LOYAL,217,31,29,2,1
cust_005341,LOYAL,822,24,20,4,1
cust_005342,LOYAL,386,35,35,0,0
cust_005343,RETURNING,135,8,7,1,0
cust_005344,RETURNING,258,13,13,0,0
cust_005345,RETURNING,165,12,8,4,2
cust_005346,RETURNING,431,9,8,1,1
cust_005347,HIGH_VALUE,2206,35,32,3,1
cust_005348,RETURNING,80,8,7,1,0
cust_005349,RETURNING,99,9,6,3,2
cust_005350,RETURNING,486,7,7,0,0
cust_005351,RETURNING,472,14,12,2,0
cust_005352,RETURNING,391,10,9,1,1
cust_005353,NEW,50,2,2,0,0
cust_005354,LOYAL,767,26,26,0,0
cust_005355,RETURNING,341,11,10,1,0
cust_005356,RETURNING,472,5,5,0,0
cust_005357,RETURNING,259,5,5,0,0
cust_005358,RETURNING,251,10,10,0,0
cust_005359,LOYAL,1432,25,24,1,1
cust_005360,LOYAL,603,23,17,6,4
cust_005361,NEW,54,0,0,0,0
cust_005362,HIGH_VALUE,1281,40,36,4,0
cust_005363,LOYAL,562,25,22,3,1
cust_005364,RETURNING,413,6,2,4,0
cust_005365,RETURNING,154,6,4,2,0
cust_005366,RETURNING,434,9,6,3,3
cust_005367,LOYAL,1571,22,21,1,1
cust_005368,RETURNING,260,7,4,3,0
cust_005369,RETURNING,235,8,7,1,1
cust_005370,LOYAL,1663,23,22,1,0
cust_005371,LOYAL,502,38,33,5,2
cust_005372,RETURNING,146,13,11,2,0
cust_005373,LOYAL,1342,22,18,4,2
cust_005374,NEW,1,0,0,0,0
cust_005375,LOYAL,1586,21,21,0,0
cust_005376,RETURNING,306,5,3,2,0
cust_005377,NEW,6,1,1,0,0
cust_005378,HIGH_VALUE,2006,38,35,3,2
cust_005379,RETURNING,223,14,9,5,1
cust_005380,NEW,55,2,0,2,0
cust_005381,RETURNING,76,1,0,1,0
cust_005382,RETURNING,388,10,9,1,0
cust_005383,NEW,48,1,1,0,0
cust_005384,RETURNING,280,4,3,1,1
cust_005385,LOYAL,1572,24,20,4,2
cust_005386,LOYAL,811,26,21,5,2
cust_005387,NEW,46,2,1,1,0
cust_005388,RETURNING,119,6,5,1,0
cust_005389,LOYAL,1476,30,25,5,2
cust_005390,NEW,6,1,1,0,0
cust_005391,RETURNING,79,10,9,1,1
cust_005392,NEW,36,0,0,0,0
cust_005393,RETURNING,361,7,7,0,0
cust_005394,RETURNING,431,4,3,1,0
cust_005395,LOYAL,1184,12,11,1,0
cust_005396,HIGH_VALUE,680,21,20,1,0
cust_005397,RETURNING,300,8,6,2,1
cust_005398,RETURNING,412,6,4,2,0
cust_005399,RETURNING,472,4,4,0,0
cust_005400,NEW,59,1,0,1,0
cust_005401,LOYAL,1702,23,20,3,2
cust_005402,RETURNING,413,9,8,1,1
cust_005403,HIGH_VALUE,2578,34,34,0,0
cust_005404,RETURNING,304,4,4,0,0
cust_005405,NEW,39,0,0,0,0
cust_005406,RETURNING,195,10,8,2,1
cust_005407,RETURNING,447,6,4,2,1
cust_005408,LOYAL,602,28,23,5,1
cust_005409,LOYAL,961,24,24,0,0
cust_005410,RETURNING,256,6,3,3,0
cust_005411,RETURNING,403,6,6,0,0
cust_005412,LOYAL,1701,26,21,5,3
cust_005413,LOYAL,1448,22,20,2,2
cust_005414,NEW,50,0,0,0,0
cust_005415,NEW,2,0,0,0,0
cust_005416,NEW,29,0,0,0,0
cust_005417,RETURNING,233,6,4,2,0
cust_005418,RETURNING,268,12,12,0,0
cust_005419,NEW,4,0,0,0,0
cust_005420,RETURNING,452,13,10,3,2
cust_005421,RETURNING,159,10,8,2,2
cust_005422,NEW,1,0,0,0,0
cust_005423,LOYAL,1102,19,19,0,0
cust_005424,RETURNING,164,8,6,2,2
cust_005425,RETURNING,339,5,4,1,1
cust_005426,RETURNING,483,6,6,0,0
cust_005427,RETURNING,206,8,6,2,1
cust_005428,LOYAL,1479,22,19,3,0
cust_005429,RETURNING,119,6,6,0,0
cust_005430,RETURNING,35,7,4,3,1
cust_005431,LOYAL,712,29,22,7,0
cust_005432,LOYAL,1732,33,29,4,0
cust_005433,LOYAL,677,26,23,3,1
cust_005434,RETURNING,479,3,2,1,1
cust_005435,NEW,10,0,0,0,0
cust_005436,LOYAL,1511,26,26,0,0
cust_005437,RETURNING,491,4,2,2,1
cust_005438,LOYAL,237,30,28,2,2
cust_005439,LOYAL,1530,17,16,1,0
cust_005440,RETURNING,286,8,6,2,0
cust_005441,RETURNING,68,3,3,0,0
cust_005442,RETURNING,421,9,9,0,0
cust_005443,RETURNING,477,5,5,0,0
cust_005444,LOYAL,766,15,14,1,0
cust_005445,LOYAL,1420,24,20,4,2
cust_005446,RETURNING,78,8,6,2,1
cust_005447,LOYAL,1441,28,27,1,1
cust_005448,RETURNING,438,4,3,1,1
cust_005449,LOYAL,1738,24,23,1,0
cust_005450,RETURNING,320,5,5,0,0
cust_005451,LOYAL,1472,27,26,1,1
cust_005452,LOYAL,1149,26,21,5,1
cust_005453,RETURNING,323,14,13,1,0
cust_005454,RETURNING,81,1,1,0,0
cust_005455,LOYAL,1725,24,24,0,0
cust_005456,RETURNING,51,6,4,2,1
cust_005457,LOYAL,566,22,22,0,0
cust_005458,HIGH_VALUE,1406,29,27,2,1
cust_005459,LOYAL,677,18,16,2,2
cust_005460,RETURNING,230,2,2,0,0
cust_005461,RETURNING,49,4,4,0,0
cust_005462,HIGH_VALUE,539,56,54,2,1
cust_005463,RETURNING,465,8,8,0,0
cust_005464,NEW,46,1,1,0,0
cust_005465,NEW,54,1,1,0,0
cust_005466,LOYAL,1494,32,30,2,0
cust_005467,RETURNING,41,6,6,0,0
cust_005468,RETURNING,257,8,8,0,0
cust_005469,RETURNING,90,5,5,0,0
cust_005470,LOYAL,756,20,17,3,3
cust_005471,RETURNING,269,6,5,1,1
cust_005472,LOYAL,681,21,20,1,0
cust_005473,LOYAL,1107,29,29,0,0
cust_005474,HIGH_VALUE,1265,44,36,8,2
cust_005475,LOYAL,812,28,26,2,1
cust_005476,RETURNING,326,8,3,5,2
cust_005477,RETURNING,169,9,9,0,0
cust_005478,NEW,21,2,2,0,0
cust_005479,HIGH_VALUE,1547,42,40,2,0
cust_005480,RETURNING,476,4,4,0,0
cust_005481,LOYAL,877,25,25,0,0
cust_005482,LOYAL,882,22,22,0,0
cust_005483,NEW,7,0,0,0,0
cust_005484,LOYAL,358,21,19,2,1
cust_005485,NEW,8,2,1,1,1
cust_005486,RETURNING,46,10,5,5,1
cust_005487,RETURNING,86,13,13,0,0
cust_005488,RETURNING,339,5,5,0,0
cust_005489,RETURNING,421,8,7,1,1
cust_005490,LOYAL,509,30,26,4,2
cust_005491,RETURNING,144,6,6,0,0
cust_005492,RETURNING,453,6,4,2,1
cust_005493,LOYAL,378,18,17,1,1
cust_005494,LOYAL,1731,22,19,3,1
cust_005495,NEW,16,1,1,0,0
cust_005496,HIGH_VALUE,1018,29,28,1,1
cust_005497,NEW,47,2,2,0,0
cust_005498,RETURNING,411,11,11,0,0
cust_005499,RETURNING,110,8,7,1,1
cust_005500,LOYAL,348,21,21,0,0
cust_005501,NEW,17,0,0,0,0
cust_005502,NEW,60,1,1,0,0
cust_005503,LOYAL,673,20,20,0,0
cust_005504,NEW,23,0,0,0,0
cust_005505,RETURNING,125,8,4,4,1
cust_005506,LOYAL,1493,24,20,4,2
cust_005507,RETURNING,251,7,6,1,1
cust_005508,RETURNING,393,6,6,0,0
cust_005509,RETURNING,182,7,5,2,1
cust_005510,HIGH_VALUE,2470,43,42,1,0
cust_005511,RETURNING,329,7,6,1,0
cust_005512,NEW,0,1,1,0,0
cust_005513,RETURNING,378,11,8,3,2
cust_005514,RETURNING,181,8,8,0,0
cust_005515,HIGH_VALUE,1439,36,35,1,0
cust_005516,RETURNING,491,2,2,0,0
cust_005517,NEW,8,0,0,0,0
cust_005518,RETURNING,299,11,11,0,0
cust_005519,NEW,39,0,0,0,0
cust_005520,RETURNING,497,7,5,2,0
cust_005521,HIGH_VALUE,1783,39,38,1,0
cust_005522,LOYAL,183,26,26,0,0
cust_005523,NEW,54,1,1,0,0
cust_005524,RETURNING,224,6,4,2,2
cust_005525,NEW,48,1,1,0,0
cust_005526,NEW,7,0,0,0,0
cust_005527,RETURNING,53,11,10,1,0
cust_005528,RETURNING,232,3,3,0,0
cust_005529,LOYAL,1343,22,21,1,0
cust_005530,LOYAL,1571,18,18,0,0
cust_005531,RETURNING,410,9,7,2,1
cust_005532,LOYAL,1715,30,27,3,3
cust_005533,RETURNING,292,9,8,1,0
cust_005534,RETURNING,243,5,5,0,0
cust_005535,LOYAL,1372,31,29,2,1
cust_005536,NEW,35,0,0,0,0
cust_005537,RETURNING,112,5,4,1,0
cust_005538,LOYAL,1552,24,23,1,0
cust_005539,RETURNING,292,2,1,1,0
cust_005540,LOYAL,459,24,21,3,1
cust_005541,RETURNING,44,9,7,2,2
cust_005542,LOYAL,1381,27,24,3,2
cust_005543,NEW,0,0,0,0,0
cust_005544,NEW,30,0,0,0,0
cust_005545,RETURNING,373,7,7,0,0
cust_005546,LOYAL,1230,27,21,6,4
cust_005547,NEW,9,2,1,1,0
cust_005548,LOYAL,610,17,15,2,1
cust_005549,RETURNING,451,9,8,1,0
cust_005550,RETURNING,424,4,4,0,0
cust_005551,RETURNING,430,7,7,0,0
cust_005552,NEW,60,2,2,0,0
cust_005553,HIGH_VALUE,2606,37,36,1,1
cust_005554,RETURNING,245,4,3,1,0
cust_005555,LOYAL,383,26,26,0,0
cust_005556,RETURNING,421,11,11,0,0
cust_005557,RETURNING,106,11,11,0,0
cust_005558,RETURNING,473,6,5,1,0
cust_005559,LOYAL,1216,15,14,1,0
cust_005560,LOYAL,1794,23,18,5,3
cust_005561,RETURNING,240,5,3,2,0
cust_005562,RETURNING,262,7,6,1,0
cust_005563,RETURNING,393,15,15,0,0
cust_005564,RETURNING,390,8,8,0,0
cust_005565,RETURNING,290,9,6,3,1
cust_005566,RETURNING,497,4,4,0,0
cust_005567,LOYAL,672,20,19,1,1
cust_005568,HIGH_VALUE,1072,32,29,3,1
cust_005569,HIGH_VALUE,974,54,53,1,1
cust_005570,LOYAL,1605,26,23,3,1
cust_005571,RETURNING,264,6,6,0,0
cust_005572,LOYAL,1532,33,33,0,0
cust_005573,NEW,4,0,0,0,0
cust_005574,RETURNING,364,6,6,0,0
cust_005575,RETURNING,106,9,9,0,0
cust_005576,NEW,0,2,1,1,0
cust_005577,HIGH_VALUE,1466,38,29,9,3
cust_005578,LOYAL,1309,23,20,3,2
cust_005579,RETURNING,34,6,6,0,0
cust_005580,RETURNING,290,10,7,3,2
cust_005581,LOYAL,1468,27,27,0,0
cust_005582,RETURNING,374,3,2,1,0
cust_005583,LOYAL,811,24,20,4,3
cust_005584,HIGH_VALUE,1691,42,40,2,2
cust_005585,RETURNING,209,11,10,1,0
cust_005586,RETURNING,103,10,7,3,1
cust_005587,RETURNING,252,9,6,3,2
cust_005588,NEW,44,1,1,0,0
cust_005589,RETURNING,346,9,6,3,1
cust_005590,NEW,49,1,1,0,0
cust_005591,NEW,40,0,0,0,0
cust_005592,RETURNING,84,6,5,1,1
cust_005593,NEW,4,0,0,0,0
cust_005594,LOYAL,913,20,19,1,1
cust_005595,NEW,27,2,1,1,0
cust_005596,LOYAL,1351,37,32,5,4
cust_005597,RETURNING,337,6,4,2,0
cust_005598,NEW,12,0,0,0,0
cust_005599,NEW,58,2,2,0,0
cust_005600,LOYAL,1254,25,25,0,0
cust_005601,RETURNING,423,5,2,3,2
cust_005602,RETURNING,56,9,9,0,0
cust_005603,NEW,44,0,0,0,0
cust_005604,HIGH_VALUE,2943,40,38,2,2
cust_005605,NEW,53,0,0,0,0
cust_005606,RETURNING,334,14,13,1,0
cust_005607,LOYAL,1411,19,19,0,0
cust_005608,RETURNING,268,7,6,1,0
cust_005609,RETURNING,309,8,8,0,0
cust_005610,LOYAL,281,27,21,6,2
cust_005611,RETURNING,70,10,8,2,1
cust_005612,NEW,29,0,0,0,0
cust_005613,RETURNING,192,2,2,0,0
cust_005614,NEW,25,1,1,0,0
cust_005615,LOYAL,1280,22,14,8,2
cust_005616,RETURNING,118,9,9,0,0
cust_005617,RETURNING,41,13,11,2,2
cust_005618,RETURNING,496,6,6,0,0
cust_005619,LOYAL,1228,29,26,3,2
cust_005620,LOYAL,1207,16,14,2,0
cust_005621,NEW,31,0,0,0,0
cust_005622,LOYAL,1780,16,12,4,2
cust_005623,RETURNING,151,10,8,2,1
cust_005624,LOYAL,1570,26,25,1,0
cust_005625,RETURNING,70,9,6,3,1
cust_005626,NEW,36,0,0,0,0
cust_005627,LOYAL,1434,26,26,0,0
cust_005628,LOYAL,1721,26,25,1,0
cust_005629,RETURNING,299,11,10,1,0
cust_005630,NEW,37,0,0,0,0
cust_005631,LOYAL,1777,20,17,3,2
cust_005632,RETURNING,58,6,5,1,1
cust_005633,RETURNING,125,8,7,1,0
cust_005634,RETURNING,33,3,2,1,0
cust_005635,NEW,23,0,0,0,0
cust_005636,NEW,43,0,0,0,0
cust_005637,NEW,49,0,0,0,0
cust_005638,LOYAL,1552,28,27,1,1
cust_005639,RETURNING,168,6,6,0,0
cust_005640,LOYAL,1631,22,21,1,1
cust_005641,HIGH_VALUE,2418,46,46,0,0
cust_005642,LOYAL,1160,20,20,0,0
cust_005643,RETURNING,334,9,9,0,0
cust_005644,RETURNING,343,4,3,1,1
cust_005645,RETURNING,169,4,4,0,0
cust_005646,RETURNING,154,4,3,1,0
cust_005647,HIGH_VALUE,2236,35,30,5,2
cust_005648,LOYAL,894,25,22,3,1
cust_005649,RETURNING,78,9,8,1,0
cust_005650,RETURNING,260,9,7,2,0
cust_005651,LOYAL,1604,28,26,2,0
cust_005652,NEW,7,0,0,0,0
cust_005653,LOYAL,984,30,25,5,2
cust_005654,RETURNING,433,8,7,1,0
cust_005655,LOYAL,1408,26,21,5,2
cust_005656,LOYAL,754,26,26,0,0
cust_005657,RETURNING,448,8,7,1,0
cust_005658,RETURNING,490,12,11,1,1
cust_005659,LOYAL,1633,24,24,0,0
cust_005660,RETURNING,372,10,9,1,0
cust_005661,RETURNING,80,6,4,2,0
cust_005662,RETURNING,495,14,10,4,1
cust_005663,RETURNING,45,11,8,3,1
cust_005664,LOYAL,1060,21,20,1,1
cust_005665,NEW,15,0,0,0,0
cust_005666,RETURNING,349,6,4,2,0
cust_005667,LOYAL,1593,19,17,2,1
cust_005668,NEW,56,0,0,0,0
cust_005669,RETURNING,136,6,5,1,0
cust_005670,LOYAL,1707,29,25,4,2
cust_005671,LOYAL,1673,25,24,1,1
cust_005672,RETURNING,41,5,4,1,0
cust_005673,LOYAL,1231,24,22,2,0
cust_005674,RETURNING,90,8,7,1,1
cust_005675,RETURNING,294,8,7,1,1
cust_005676,HIGH_VALUE,740,36,31,5,3
cust_005677,LOYAL,656,28,25,3,1
cust_005678,RETURNING,157,5,4,1,0
cust_005679,RETURNING,436,7,5,2,1
cust_005680,RETURNING,456,10,9,1,1
cust_005681,NEW,57,1,1,0,0
cust_005682,LOYAL,1585,18,17,1,1
cust_005683,LOYAL,984,26,18,8,4
cust_005684,RETURNING,97,11,11,0,0
cust_005685,RETURNING,297,5,4,1,0
cust_005686,RETURNING,230,4,4,0,0
cust_005687,NEW,35,1,0,1,0
cust_005688,LOYAL,1272,29,27,2,1
cust_005689,RETURNING,105,8,7,1,1
cust_005690,RETURNING,420,4,4,0,0
cust_005691,RETURNING,181,4,3,1,0
cust_005692,HIGH_VALUE,1298,36,33,3,1
cust_005693,NEW,9,1,1,0,0
cust_005694,RETURNING,107,3,2,1,0
cust_005695,RETURNING,59,8,8,0,0
cust_005696,NEW,42,1,0,1,1
cust_005697,RETURNING,68,8,8,0,0
cust_005698,RETURNING,478,3,3,0,0
cust_005699,NEW,0,1,1,0,0
cust_005700,NEW,22,1,0,1,0
cust_005701,LOYAL,469,22,19,3,1
cust_005702,RETURNING,438,8,6,2,1
cust_005703,RETURNING,334,5,4,1,0
cust_005704,RETURNING,198,3,3,0,0
cust_005705,LOYAL,574,31,30,1,1
cust_005706,LOYAL,1058,19,17,2,2
cust_005707,LOYAL,1321,19,15,4,2
cust_005708,RETURNING,355,6,4,2,0
cust_005709,RETURNING,457,5,3,2,0
cust_005710,RETURNING,94,6,5,1,1
cust_005711,RETURNING,165,6,5,1,0
cust_005712,RETURNING,425,7,5,2,1
cust_005713,NEW,31,1,1,0,0
cust_005714,RETURNING,385,3,2,1,0
cust_005715,RETURNING,394,8,5,3,1
cust_005716,NEW,24,0,0,0,0
cust_005717,RETURNING,186,6,6,0,0
cust_005718,LOYAL,806,12,12,0,0
cust_005719,RETURNING,43,6,6,0,0
cust_005720,LOYAL,254,22,16,6,4
cust_005721,RETURNING,84,8,6,2,0
cust_005722,LOYAL,1154,24,22,2,1
cust_005723,LOYAL,1123,19,18,1,0
cust_005724,NEW,6,0,0,0,0
cust_005725,HIGH_VALUE,1605,41,36,5,3
cust_005726,NEW,40,1,1,0,0
cust_005727,RETURNING,241,5,3,2,1
cust_005728,LOYAL,896,24,19,5,2
cust_005729,RETURNING,232,12,10,2,2
cust_005730,RETURNING,455,2,2,0,0
cust_005731,RETURNING,354,6,4,2,2
cust_005732,NEW,54,0,0,0,0
cust_005733,NEW,57,3,3,0,0
cust_005734,NEW,60,1,0,1,1
cust_005735,NEW,58,1,1,0,0
cust_005736,RETURNING,378,3,2,1,1
cust_005737,RETURNING,272,7,7,0,0
cust_005738,RETURNING,371,9,7,2,1
cust_005739,LOYAL,924,35,33,2,1
cust_005740,NEW,1,3,2,1,0
cust_005741,RETURNING,485,5,5,0,0
cust_005742,LOYAL,760,24,23,1,1
cust_005743,LOYAL,1583,33,25,8,5
cust_005744,RETURNING,378,10,8,2,1
cust_005745,NEW,21,0,0,0,0
cust_005746,LOYAL,431,25,23,2,0
cust_005747,LOYAL,1086,22,20,2,1
cust_005748,RETURNING,193,3,2,1,0
cust_005749,RETURNING,462,8,5,3,2
cust_005750,NEW,37,0,0,0,0
cust_005751,RETURNING,306,7,6,1,0
cust_005752,LOYAL,1046,21,18,3,1
cust_005753,LOYAL,1173,20,19,1,1
cust_005754,RETURNING,322,6,6,0,0
cust_005755,RETURNING,287,7,6,1,1
cust_005756,LOYAL,445,20,19,1,0
cust_005757,RETURNING,438,13,13,0,0
cust_005758,LOYAL,822,22,18,4,2
cust_005759,RETURNING,142,4,3,1,0
cust_005760,RETURNING,94,5,5,0,0
cust_005761,RETURNING,413,3,3,0,0
cust_005762,RETURNING,411,4,1,3,0
cust_005763,HIGH_VALUE,468,40,40,0,0
cust_005764,RETURNING,261,4,4,0,0
cust_005765,RETURNING,268,3,1,2,0
cust_005766,RETURNING,50,3,2,1,0
cust_005767,RETURNING,342,7,6,1,1
cust_005768,RETURNING,488,15,12,3,1
cust_005769,LOYAL,1726,24,22,2,1
cust_005770,RETURNING,396,5,3,2,1
cust_005771,RETURNING,68,7,7,0,0
cust_005772,RETURNING,131,9,9,0,0
cust_005773,NEW,30,0,0,0,0
cust_005774,RETURNING,465,10,9,1,0
cust_005775,RETURNING,447,3,3,0,0
cust_005776,RETURNING,470,5,4,1,0
cust_005777,LOYAL,1162,18,18,0,0
cust_005778,LOYAL,436,28,27,1,1
cust_005779,LOYAL,1482,14,14,0,0
cust_005780,RETURNING,89,9,8,1,0
cust_005781,RETURNING,417,9,8,1,1
cust_005782,LOYAL,913,28,23,5,2
cust_005783,RETURNING,275,10,9,1,0
cust_005784,RETURNING,385,5,3,2,2
cust_005785,RETURNING,46,9,9,0,0
cust_005786,LOYAL,1578,20,20,0,0
cust_005787,RETURNING,172,9,5,4,1
cust_005788,RETURNING,131,4,4,0,0
cust_005789,NEW,29,0,0,0,0
cust_005790,RETURNING,247,8,6,2,1
cust_005791,LOYAL,324,16,12,4,3
cust_005792,RETURNING,102,8,8,0,0
cust_005793,RETURNING,119,10,8,2,0
cust_005794,LOYAL,771,27,24,3,1
cust_005795,LOYAL,611,26,24,2,1
cust_005796,RETURNING,332,6,6,0,0
cust_005797,HIGH_VALUE,2785,34,34,0,0
cust_005798,RETURNING,38,4,3,1,0
cust_005799,LOYAL,287,22,22,0,0
cust_005800,NEW,57,0,0,0,0
cust_005801,RETURNING,43,7,7,0,0
cust_005802,RETURNING,331,5,5,0,0
cust_005803,NEW,52,0,0,0,0
cust_005804,RETURNING,244,9,9,0,0
cust_005805,RETURNING,315,3,3,0,0
cust_005806,RETURNING,451,5,5,0,0
cust_005807,RETURNING,90,7,6,1,1
cust_005808,NEW,58,0,0,0,0
cust_005809,HIGH_VALUE,1377,43,40,3,1
cust_005810,RETURNING,54,12,12,0,0
cust_005811,HIGH_VALUE,2688,40,37,3,2
cust_005812,RETURNING,263,2,2,0,0
cust_005813,NEW,22,0,0,0,0
cust_005814,RETURNING,281,7,5,2,0
cust_005815,RETURNING,83,8,6,2,1
cust_005816,NEW,9,0,0,0,0
cust_005817,LOYAL,901,30,30,0,0
cust_005818,RETURNING,482,8,5,3,3
cust_005819,LOYAL,613,22,19,3,1
cust_005820,RETURNING,149,9,6,3,2
cust_005821,RETURNING,47,5,5,0,0
cust_005822,RETURNING,157,5,5,0,0
cust_005823,HIGH_VALUE,2996,35,30,5,1
cust_005824,RETURNING,411,12,9,3,1
cust_005825,NEW,17,0,0,0,0
cust_005826,NEW,37,1,1,0,0
cust_005827,RETURNING,113,8,7,1,0
cust_005828,HIGH_VALUE,1707,28,27,1,0
cust_005829,LOYAL,573,31,28,3,3
cust_005830,LOYAL,316,21,18,3,0
cust_005831,HIGH_VALUE,1563,52,47,5,3
cust_005832,LOYAL,385,20,16,4,0
cust_005833,RETURNING,113,8,7,1,1
cust_005834,RETURNING,135,7,6,1,0
cust_005835,NEW,26,5,4,1,1
cust_005836,RETURNING,270,6,5,1,1
cust_005837,RETURNING,68,18,17,1,1
cust_005838,RETURNING,351,8,8,0,0
cust_005839,HIGH_VALUE,2237,41,37,4,1
cust_005840,HIGH_VALUE,2374,40,31,9,5
cust_005841,RETURNING,217,12,11,1,0
cust_005842,LOYAL,443,24,24,0,0
cust_005843,RETURNING,467,2,1,1,0
cust_005844,NEW,4,1,1,0,0
cust_005845,RETURNING,218,7,6,1,0
cust_005846,RETURNING,145,8,6,2,2
cust_005847,RETURNING,81,9,9,0,0
cust_005848,RETURNING,122,4,4,0,0
cust_005849,NEW,38,1,1,0,0
cust_005850,RETURNING,409,12,12,0,0
cust_005851,LOYAL,433,23,23,0,0
cust_005852,NEW,55,1,0,1,0
cust_005853,RETURNING,466,6,5,1,1
cust_005854,RETURNING,100,6,6,0,0
cust_005855,RETURNING,334,6,6,0,0
cust_005856,RETURNING,35,7,5,2,0
cust_005857,NEW,16,1,1,0,0
cust_005858,RETURNING,291,7,6,1,0
cust_005859,RETURNING,458,7,6,1,0
cust_005860,LOYAL,1515,26,19,7,3
cust_005861,RETURNING,260,6,5,1,0
cust_005862,RETURNING,280,6,6,0,0
cust_005863,RETURNING,328,8,8,0,0
cust_005864,RETURNING,225,4,3,1,0
cust_005865,RETURNING,366,8,8,0,0
cust_005866,NEW,42,0,0,0,0
cust_005867,RETURNING,486,3,3,0,0
cust_005868,LOYAL,235,29,26,3,2
cust_005869,NEW,15,0,0,0,0
cust_005870,NEW,12,2,1,1,1
cust_005871,RETURNING,368,5,5,0,0
cust_005872,RETURNING,491,8,8,0,0
cust_005873,LOYAL,418,24,24,0,0
cust_005874,HIGH_VALUE,762,32,29,3,1
cust_005875,HIGH_VALUE,2204,43,41,2,0
cust_005876,RETURNING,206,8,6,2,1
cust_005877,RETURNING,105,6,5,1,0
cust_005878,RETURNING,402,4,4,0,0
cust_005879,RETURNING,398,5,4,1,0
cust_005880,RETURNING,120,5,4,1,0
cust_005881,RETURNING,408,10,10,0,0
cust_005882,NEW,10,0,0,0,0
cust_005883,RETURNING,373,8,6,2,0
cust_005884,NEW,34,0,0,0,0
cust_005885,NEW,37,0,0,0,0
cust_005886,LOYAL,1385,17,16,1,0
cust_005887,NEW,12,1,1,0,0
cust_005888,RETURNING,82,8,8,0,0
cust_005889,HIGH_VALUE,2543,37,30,7,6
cust_005890,RETURNING,287,1,0,1,0
cust_005891,RETURNING,103,10,10,0,0
cust_005892,LOYAL,332,36,34,2,1
cust_005893,RETURNING,279,8,8,0,0
cust_005894,RETURNING,311,5,4,1,0
cust_005895,LOYAL,1131,23,19,4,1
cust_005896,LOYAL,352,23,22,1,0
cust_005897,LOYAL,955,14,11,3,0
cust_005898,HIGH_VALUE,1811,37,37,0,0
cust_005899,RETURNING,458,6,6,0,0
cust_005900,LOYAL,546,17,15,2,1
cust_005901,RETURNING,298,12,9,3,1
cust_005902,LOYAL,1639,26,26,0,0
cust_005903,LOYAL,1771,15,15,0,0
cust_005904,LOYAL,710,26,23,3,3
cust_005905,LOYAL,1226,16,14,2,1
cust_005906,RETURNING,38,8,7,1,1
cust_005907,RETURNING,260,5,4,1,0
cust_005908,RETURNING,297,9,9,0,0
cust_005909,RETURNING,56,11,9,2,1
cust_005910,LOYAL,286,24,24,0,0
cust_005911,LOYAL,977,14,13,1,1
cust_005912,RETURNING,326,5,5,0,0
cust_005913,RETURNING,245,8,4,4,1
cust_005914,RETURNING,137,7,7,0,0
cust_005915,NEW,13,1,0,1,0
cust_005916,RETURNING,231,13,11,2,2
cust_005917,LOYAL,1024,26,25,1,0
cust_005918,RETURNING,114,8,6,2,1
cust_005919,HIGH_VALUE,1009,45,38,7,3
cust_005920,RETURNING,231,7,6,1,1
cust_005921,LOYAL,1114,21,18,3,1
cust_005922,RETURNING,94,6,6,0,0
cust_005923,LOYAL,1646,26,22,4,1
cust_005924,RETURNING,189,9,8,1,0
cust_005925,LOYAL,1399,29,28,1,0
cust_005926,LOYAL,200,33,33,0,0
cust_005927,RETURNING,410,8,7,1,0
cust_005928,NEW,32,0,0,0,0
cust_005929,RETURNING,144,8,8,0,0
cust_005930,LOYAL,1248,31,30,1,1
cust_005931,RETURNING,243,8,7,1,1
cust_005932,RETURNING,108,5,5,0,0
cust_005933,RETURNING,404,11,9,2,1
cust_005934,RETURNING,69,5,2,3,2
cust_005935,LOYAL,250,26,23,3,1
cust_005936,LOYAL,1004,22,21,1,0
cust_005937,LOYAL,387,24,22,2,1
cust_005938,LOYAL,1682,18,15,3,2
cust_005939,LOYAL,1784,20,19,1,0
cust_005940,RETURNING,256,5,5,0,0
cust_005941,HIGH_VALUE,529,33,33,0,0
cust_005942,NEW,12,0,0,0,0
cust_005943,RETURNING,272,5,4,1,1
cust_005944,LOYAL,1238,27,26,1,0
cust_005945,RETURNING,264,6,6,0,0
cust_005946,RETURNING,403,5,5,0,0
cust_005947,RETURNING,211,5,5,0,0
cust_005948,RETURNING,66,6,5,1,0
cust_005949,LOYAL,1176,22,14,8,3
cust_005950,RETURNING,104,4,3,1,0
cust_005951,NEW,55,0,0,0,0
cust_005952,RETURNING,42,7,5,2,1
cust_005953,RETURNING,417,5,5,0,0
cust_005954,NEW,35,0,0,0,0
cust_005955,RETURNING,100,8,8,0,0
cust_005956,RETURNING,279,5,4,1,0
cust_005957,NEW,50,1,0,1,1
cust_005958,RETURNING,66,6,6,0,0
cust_005959,RETURNING,395,8,8,0,0
cust_005960,LOYAL,1027,18,17,1,0
cust_005961,RETURNING,311,6,6,0,0
cust_005962,RETURNING,85,7,4,3,0
cust_005963,HIGH_VALUE,1970,44,44,0,0
cust_005964,RETURNING,345,5,5,0,0
cust_005965,NEW,23,0,0,0,0
cust_005966,LOYAL,1692,21,21,0,0
cust_005967,RETURNING,350,4,4,0,0
cust_005968,LOYAL,1514,31,30,1,1
cust_005969,LOYAL,517,25,23,2,0
cust_005970,HIGH_VALUE,1125,30,29,1,0
cust_005971,HIGH_VALUE,728,44,38,6,0
cust_005972,RETURNING,188,10,10,0,0
cust_005973,LOYAL,639,29,25,4,3
cust_005974,RETURNING,253,6,4,2,0
cust_005975,RETURNING,372,7,6,1,1
cust_005976,RETURNING,273,5,5,0,0
cust_005977,NEW,32,1,0,1,0
cust_005978,NEW,27,0,0,0,0
cust_005979,NEW,42,2,0,2,0
cust_005980,NEW,40,0,0,0,0
cust_005981,RETURNING,58,7,6,1,1
cust_005982,LOYAL,1600,22,21,1,0
cust_005983,RETURNING,66,10,9,1,0
cust_005984,LOYAL,1284,14,11,3,1
cust_005985,LOYAL,762,26,24,2,1
cust_005986,LOYAL,810,30,27,3,2
cust_005987,RETURNING,169,6,5,1,1
cust_005988,LOYAL,1751,28,23,5,1
cust_005989,LOYAL,945,21,19,2,1
cust_005990,LOYAL,1578,27,27,0,0
cust_005991,LOYAL,699,24,21,3,1
cust_005992,RETURNING,345,6,5,1,1
cust_005993,RETURNING,474,4,3,1,1
cust_005994,LOYAL,824,28,28,0,0
cust_005995,RETURNING,83,4,1,3,0
cust_005996,LOYAL,1288,22,22,0,0
cust_005997,NEW,49,0,0,0,0
cust_005998,NEW,43,0,0,0,0
cust_005999,RETURNING,281,7,7,0,0
cust_006000,NEW,21,1,1,0,0
cust_006001,HIGH_VALUE,2094,37,37,0,0
cust_006002,NEW,26,1,1,0,0
cust_006003,LOYAL,713,27,26,1,1
cust_006004,RETURNING,328,5,4,1,0
cust_006005,HIGH_VALUE,1983,36,33,3,1
cust_006006,RETURNING,131,4,4,0,0
cust_006007,NEW,2,0,0,0,0
cust_006008,NEW,32,0,0,0,0
cust_006009,RETURNING,210,6,5,1,0
cust_006010,HIGH_VALUE,832,34,34,0,0
cust_006011,HIGH_VALUE,1118,28,25,3,1
cust_006012,RETURNING,62,8,8,0,0
cust_006013,RETURNING,317,8,7,1,0
cust_006014,NEW,42,1,1,0,0
cust_006015,RETURNING,444,10,9,1,0
cust_006016,RETURNING,403,4,3,1,1
cust_006017,RETURNING,231,5,5,0,0
cust_006018,RETURNING,248,5,3,2,1
cust_006019,LOYAL,917,25,19,6,2
cust_006020,NEW,11,0,0,0,0
cust_006021,RETURNING,208,5,4,1,0
cust_006022,RETURNING,58,4,4,0,0
cust_006023,NEW,18,0,0,0,0
cust_006024,NEW,57,1,1,0,0
cust_006025,RETURNING,77,10,8,2,1
cust_006026,NEW,39,0,0,0,0
cust_006027,LOYAL,254,19,19,0,0
cust_006028,LOYAL,522,25,23,2,1
cust_006029,LOYAL,495,26,22,4,3
cust_006030,LOYAL,1197,23,18,5,2
cust_006031,RETURNING,85,8,6,2,1
cust_006032,NEW,48,1,1,0,0
cust_006033,RETURNING,390,10,7,3,2
cust_006034,HIGH_VALUE,1510,27,27,0,0
cust_006035,HIGH_VALUE,771,40,37,3,0
cust_006036,RETURNING,399,7,6,1,1
cust_006037,RETURNING,328,8,6,2,2
cust_006038,RETURNING,282,4,4,0,0
cust_006039,RETURNING,224,5,4,1,1
cust_006040,HIGH_VALUE,1229,33,33,0,0
cust_006041,RETURNING,375,8,7,1,1
cust_006042,RETURNING,199,6,5,1,0
cust_006043,RETURNING,91,11,9,2,1
cust_006044,NEW,6,1,1,0,0
cust_006045,RETURNING,94,10,8,2,0
cust_006046,LOYAL,1686,28,24,4,3
cust_006047,NEW,6,1,1,0,0
cust_006048,RETURNING,226,11,11,0,0
cust_006049,RETURNING,421,9,9,0,0
cust_006050,NEW,52,1,0,1,0
cust_006051,NEW,42,1,1,0,0
cust_006052,RETURNING,308,4,3,1,0
cust_006053,NEW,18,0,0,0,0
cust_006054,RETURNING,451,8,8,0,0
cust_006055,LOYAL,1727,28,28,0,0
cust_006056,LOYAL,1631,16,14,2,0
cust_006057,HIGH_VALUE,499,35,35,0,0
cust_006058,RETURNING,468,6,5,1,0
cust_006059,LOYAL,483,18,16,2,1
cust_006060,LOYAL,418,27,25,2,0
cust_006061,RETURNING,138,3,3,0,0
cust_006062,RETURNING,182,4,4,0,0
cust_006063,RETURNING,153,5,5,0,0
cust_006064,LOYAL,1221,21,18,3,3
cust_006065,RETURNING,232,5,5,0,0
cust_006066,RETURNING,39,7,6,1,0
cust_006067,HIGH_VALUE,2616,44,38,6,4
cust_006068,NEW,48,2,1,1,0
cust_006069,HIGH_VALUE,1817,39,32,7,3
cust_006070,LOYAL,1233,31,29,2,1
cust_006071,LOYAL,1796,42,39,3,0
cust_006072,LOYAL,1636,28,27,1,0
cust_006073,RETURNING,309,4,4,0,0
cust_006074,RETURNING,147,6,6,0,0
cust_006075,LOYAL,480,21,20,1,0
cust_006076,LOYAL,788,20,18,2,2
cust_006077,RETURNING,112,9,8,1,1
cust_006078,RETURNING,469,11,10,1,0
cust_006079,RETURNING,170,6,3,3,1
cust_006080,RETURNING,414,9,9,0,0
cust_006081,RETURNING,68,6,6,0,0
cust_006082,LOYAL,238,24,19,5,3
cust_006083,LOYAL,1211,19,18,1,1
cust_006084,LOYAL,344,27,21,6,4
cust_006085,RETURNING,73,3,3,0,0
cust_006086,RETURNING,146,5,4,1,1
cust_006087,RETURNING,443,2,2,0,0
cust_006088,RETURNING,465,4,3,1,0
cust_006089,NEW,56,1,1,0,0
cust_006090,RETURNING,85,4,4,0,0
cust_006091,RETURNING,159,7,6,1,0
cust_006092,RETURNING,478,6,3,3,2
cust_006093,NEW,27,2,2,0,0
cust_006094,RETURNING,413,7,4,3,0
cust_006095,NEW,31,0,0,0,0
cust_006096,RETURNING,365,10,9,1,0
cust_006097,RETURNING,323,5,5,0,0
cust_006098,RETURNING,394,3,3,0,0
cust_006099,NEW,42,1,0,1,0
cust_006100,HIGH_VALUE,2757,45,37,8,4
cust_006101,RETURNING,332,7,4,3,1
cust_006102,LOYAL,1091,20,20,0,0
cust_006103,RETURNING,324,7,7,0,0
cust_006104,LOYAL,260,23,22,1,1
cust_006105,LOYAL,343,31,30,1,0
cust_006106,RETURNING,115,10,9,1,0
cust_006107,LOYAL,543,22,21,1,1
cust_006108,RETURNING,381,8,6,2,1
cust_006109,RETURNING,80,7,4,3,2
cust_006110,RETURNING,253,9,8,1,1
cust_006111,NEW,27,0,0,0,0
cust_006112,HIGH_VALUE,1413,43,36,7,4
cust_006113,LOYAL,833,21,19,2,1
cust_006114,RETURNING,443,4,3,1,1
cust_006115,HIGH_VALUE,2503,32,29,3,3
cust_006116,RETURNING,103,4,4,0,0
cust_006117,RETURNING,369,9,7,2,1
cust_006118,LOYAL,1771,36,33,3,3
cust_006119,RETURNING,329,8,7,1,0
cust_006120,RETURNING,223,6,4,2,1
cust_006121,LOYAL,657,25,25,0,0
cust_006122,NEW,26,1,1,0,0
cust_006123,RETURNING,406,7,5,2,0
cust_006124,RETURNING,354,6,4,2,0
cust_006125,LOYAL,703,25,21,4,3
cust_006126,NEW,19,0,0,0,0
cust_006127,RETURNING,494,6,5,1,1
cust_006128,LOYAL,1039,23,15,8,3
cust_006129,NEW,59,1,1,0,0
cust_006130,RETURNING,251,10,9,1,0
cust_006131,LOYAL,331,17,15,2,1
cust_006132,LOYAL,1226,23,23,0,0
cust_006133,NEW,50,0,0,0,0
cust_006134,LOYAL,325,23,18,5,2
cust_006135,LOYAL,1011,25,25,0,0
cust_006136,RETURNING,497,10,10,0,0
cust_006137,LOYAL,1786,31,28,3,2
cust_006138,LOYAL,1747,27,24,3,0
cust_006139,RETURNING,46,10,9,1,0
cust_006140,RETURNING,370,4,3,1,1
cust_006141,LOYAL,1627,24,23,1,0
cust_006142,HIGH_VALUE,2565,45,45,0,0
cust_006143,RETURNING,160,4,4,0,0
cust_006144,LOYAL,1479,21,20,1,1
cust_006145,LOYAL,284,23,21,2,0
cust_006146,LOYAL,1078,23,20,3,1
cust_006147,HIGH_VALUE,2676,36,36,0,0
cust_006148,RETURNING,227,9,8,1,1
cust_006149,NEW,57,1,1,0,0
cust_006150,RETURNING,247,11,10,1,1
cust_006151,RETURNING,399,8,6,2,1
cust_006152,RETURNING,186,5,4,1,0
cust_006153,LOYAL,293,28,25,3,3
cust_006154,HIGH_VALUE,2764,36,36,0,0
cust_006155,RETURNING,352,7,6,1,0
cust_006156,LOYAL,970,19,18,1,0
cust_006157,RETURNING,133,4,3,1,0
cust_006158,RETURNING,408,11,9,2,0
cust_006159,NEW,39,0,0,0,0
cust_006160,RETURNING,337,11,10,1,0
cust_006161,RETURNING,35,12,10,2,1
cust_006162,LOYAL,1181,28,25,3,2
cust_006163,RETURNING,366,8,8,0,0
cust_006164,RETURNING,416,10,9,1,0
cust_006165,NEW,55,1,1,0,0
cust_006166,NEW,1,1,0,1,0
cust_006167,HIGH_VALUE,2121,31,31,0,0
cust_006168,LOYAL,782,20,18,2,1
cust_006169,RETURNING,71,7,5,2,0
cust_006170,RETURNING,301,10,6,4,2
cust_006171,RETURNING,285,6,5,1,0
cust_006172,LOYAL,1036,23,23,0,0
cust_006173,RETURNING,244,7,5,2,2
cust_006174,NEW,4,1,1,0,0
cust_006175,RETURNING,70,8,6,2,1
cust_006176,RETURNING,467,8,6,2,0
cust_006177,RETURNING,359,7,5,2,1
cust_006178,NEW,59,0,0,0,0
cust_006179,RETURNING,173,3,2,1,1
cust_006180,RETURNING,425,8,7,1,1
cust_006181,RETURNING,361,9,8,1,1
cust_006182,RETURNING,66,10,10,0,0
cust_006183,RETURNING,99,7,5,2,2
cust_006184,LOYAL,1688,28,28,0,0
cust_006185,HIGH_VALUE,1821,49,49,0,0
cust_006186,NEW,22,0,0,0,0
cust_006187,LOYAL,630,27,23,4,3
cust_006188,LOYAL,487,36,28,8,4
cust_006189,LOYAL,1717,22,22,0,0
cust_006190,RETURNING,414,11,8,3,1
cust_006191,RETURNING,477,9,7,2,1
cust_006192,NEW,9,1,0,1,1
cust_006193,HIGH_VALUE,2264,37,35,2,2
cust_006194,RETURNING,58,6,6,0,0
cust_006195,RETURNING,459,6,4,2,2
cust_006196,RETURNING,406,10,7,3,2
cust_006197,NEW,45,1,1,0,0
cust_006198,NEW,54,1,0,1,0
cust_006199,RETURNING,233,5,4,1,1
cust_006200,RETURNING,257,6,6,0,0
cust_006201,LOYAL,495,20,17,3,2
cust_006202,RETURNING,374,7,7,0,0
cust_006203,RETURNING,77,5,4,1,0
cust_006204,LOYAL,226,28,21,7,1
cust_006205,NEW,24,1,0,1,0
cust_006206,LOYAL,1051,22,22,0,0
cust_006207,LOYAL,630,14,11,3,1
cust_006208,RETURNING,347,8,5,3,3
cust_006209,RETURNING,217,4,4,0,0
cust_006210,RETURNING,138,9,6,3,1
cust_006211,RETURNING,234,6,4,2,1
cust_006212,RETURNING,242,9,8,1,0
cust_006213,NEW,4,2,2,0,0
cust_006214,RETURNING,468,10,8,2,0
cust_006215,NEW,51,0,0,0,0
cust_006216,NEW,56,1,1,0,0
cust_006217,RETURNING,261,11,9,2,1
cust_006218,RETURNING,292,16,14,2,0
cust_006219,HIGH_VALUE,2500,42,36,6,2
cust_006220,RETURNING,301,3,2,1,0
cust_006221,RETURNING,346,8,8,0,0
cust_006222,RETURNING,447,2,0,2,1
cust_006223,RETURNING,51,11,7,4,3
cust_006224,RETURNING,436,6,6,0,0
cust_006225,LOYAL,1716,32,30,2,0
cust_006226,RETURNING,71,9,9,0,0
cust_006227,RETURNING,498,7,7,0,0
cust_006228,RETURNING,249,5,4,1,0
cust_006229,LOYAL,289,30,28,2,1
cust_006230,RETURNING,119,4,4,0,0
cust_006231,RETURNING,64,9,8,1,1
cust_006232,LOYAL,1414,21,18,3,2
cust_006233,LOYAL,1530,21,20,1,1
cust_006234,RETURNING,167,13,9,4,2
cust_006235,HIGH_VALUE,2315,33,28,5,3
cust_006236,LOYAL,616,23,21,2,1
cust_006237,RETURNING,497,9,9,0,0
cust_006238,LOYAL,1330,28,23,5,3
cust_006239,RETURNING,258,8,8,0,0
cust_006240,RETURNING,459,4,4,0,0
cust_006241,RETURNING,292,6,5,1,1
cust_006242,LOYAL,415,22,13,9,5
cust_006243,RETURNING,132,9,7,2,0
cust_006244,RETURNING,228,6,6,0,0
cust_006245,NEW,41,0,0,0,0
cust_006246,RETURNING,102,7,6,1,1
cust_006247,LOYAL,566,18,18,0,0
cust_006248,LOYAL,1628,17,13,4,3
cust_006249,NEW,56,0,0,0,0
cust_006250,LOYAL,1524,33,33,0,0
cust_006251,LOYAL,723,21,18,3,1
cust_006252,RETURNING,489,7,7,0,0
cust_006253,NEW,44,0,0,0,0
cust_006254,RETURNING,90,7,5,2,1
cust_006255,NEW,17,1,0,1,1
cust_006256,RETURNING,386,6,6,0,0
cust_006257,RETURNING,78,6,6,0,0
cust_006258,LOYAL,1484,22,22,0,0
cust_006259,RETURNING,427,9,9,0,0
cust_006260,LOYAL,391,19,14,5,2
cust_006261,LOYAL,1468,23,19,4,3
cust_006262,NEW,22,0,0,0,0
cust_006263,RETURNING,341,5,4,1,0
cust_006264,LOYAL,1248,27,26,1,0
cust_006265,LOYAL,314,32,26,6,2
cust_006266,RETURNING,143,7,5,2,0
cust_006267,RETURNING,160,11,10,1,1
cust_006268,RETURNING,459,10,10,0,0
cust_006269,LOYAL,717,25,21,4,3
cust_006270,LOYAL,1415,30,29,1,0
cust_006271,NEW,60,0,0,0,0
cust_006272,NEW,5,0,0,0,0
cust_006273,NEW,0,0,0,0,0
cust_006274,HIGH_VALUE,2708,37,35,2,0
cust_006275,LOYAL,1336,26,25,1,1
cust_006276,LOYAL,583,22,21,1,1
cust_006277,NEW,38,1,0,1,0
cust_006278,RETURNING,371,4,4,0,0
cust_006279,RETURNING,386,10,8,2,0
cust_006280,RETURNING,425,5,4,1,1
cust_006281,RETURNING,400,7,6,1,1
cust_006282,LOYAL,850,20,16,4,3
cust_006283,NEW,59,3,3,0,0
cust_006284,RETURNING,170,12,8,4,1
cust_006285,HIGH_VALUE,798,34,34,0,0
cust_006286,LOYAL,259,20,17,3,1
cust_006287,NEW,36,0,0,0,0
cust_006288,LOYAL,852,23,20,3,2
cust_006289,RETURNING,369,10,5,5,3
cust_006290,RETURNING,140,5,4,1,0
cust_006291,RETURNING,155,5,4,1,1
cust_006292,LOYAL,514,33,30,3,2
cust_006293,RETURNING,485,5,4,1,1
cust_006294,RETURNING,141,8,8,0,0
cust_006295,RETURNING,384,8,8,0,0
cust_006296,NEW,55,0,0,0,0
cust_006297,LOYAL,1286,25,21,4,2
cust_006298,NEW,58,1,1,0,0
cust_006299,RETURNING,76,2,2,0,0
cust_006300,RETURNING,98,5,4,1,0
cust_006301,RETURNING,185,7,4,3,2
cust_006302,RETURNING,305,11,11,0,0
cust_006303,RETURNING,38,8,4,4,1
cust_006304,RETURNING,89,9,9,0,0
cust_006305,NEW,54,0,0,0,0
cust_006306,LOYAL,1702,18,18,0,0
cust_006307,HIGH_VALUE,2216,31,28,3,1
cust_006308,RETURNING,164,7,6,1,0
cust_006309,RETURNING,120,7,7,0,0
cust_006310,NEW,4,0,0,0,0
cust_006311,NEW,22,1,1,0,0
cust_006312,RETURNING,331,6,5,1,0
cust_006313,HIGH_VALUE,1683,43,40,3,2
cust_006314,LOYAL,857,19,18,1,1
cust_006315,RETURNING,145,6,6,0,0
cust_006316,HIGH_VALUE,431,33,31,2,2
cust_006317,RETURNING,373,9,5,4,1
cust_006318,RETURNING,198,5,3,2,0
cust_006319,RETURNING,172,8,7,1,1
cust_006320,RETURNING,475,9,7,2,0
cust_006321,LOYAL,623,23,19,4,0
cust_006322,RETURNING,318,5,5,0,0
cust_006323,RETURNING,52,4,3,1,1
cust_006324,RETURNING,456,4,3,1,1
cust_006325,LOYAL,1561,28,24,4,2
cust_006326,RETURNING,43,5,5,0,0
cust_006327,RETURNING,407,7,4,3,0
cust_006328,NEW,55,2,2,0,0
cust_006329,LOYAL,1285,19,18,1,0
cust_006330,RETURNING,65,9,7,2,1
cust_006331,RETURNING,235,2,1,1,1
cust_006332,LOYAL,1294,18,12,6,3
cust_006333,NEW,7,0,0,0,0
cust_006334,RETURNING,94,16,16,0,0
cust_006335,RETURNING,480,6,6,0,0
cust_006336,RETURNING,113,5,4,1,1
cust_006337,RETURNING,83,3,3,0,0
cust_006338,RETURNING,305,12,11,1,0
cust_006339,NEW,34,0,0,0,0
cust_006340,NEW,56,0,0,0,0
cust_006341,NEW,1,2,1,1,1
cust_006342,HIGH_VALUE,939,39,35,4,2
cust_006343,RETURNING,463,6,4,2,0
cust_006344,RETURNING,375,3,1,2,1
cust_006345,RETURNING,43,5,5,0,0
cust_006346,LOYAL,1758,19,18,1,0
cust_006347,NEW,57,0,0,0,0
cust_006348,RETURNING,460,7,7,0,0
cust_006349,RETURNING,125,3,2,1,0
cust_006350,RETURNING,56,3,2,1,0
cust_006351,LOYAL,1266,19,15,4,4
cust_006352,LOYAL,1029,28,24,4,2
cust_006353,LOYAL,604,18,18,0,0
cust_006354,RETURNING,243,6,5,1,0
cust_006355,NEW,45,2,1,1,0
cust_006356,NEW,57,1,0,1,0
cust_006357,LOYAL,1024,19,17,2,0
cust_006358,LOYAL,1467,20,16,4,1
cust_006359,LOYAL,1344,22,19,3,2
cust_006360,RETURNING,349,8,7,1,0
cust_006361,LOYAL,1566,21,18,3,1
cust_006362,RETURNING,129,14,12,2,0
cust_006363,LOYAL,764,21,21,0,0
cust_006364,RETURNING,34,7,5,2,1
cust_006365,NEW,10,1,1,0,0
cust_006366,NEW,47,2,1,1,0
cust_006367,HIGH_VALUE,2583,28,27,1,1
cust_006368,RETURNING,30,6,5,1,1
cust_006369,RETURNING,60,9,9,0,0
cust_006370,RETURNING,456,6,6,0,0
cust_006371,RETURNING,41,4,3,1,1
cust_006372,HIGH_VALUE,905,50,46,4,3
cust_006373,NEW,8,0,0,0,0
cust_006374,NEW,15,1,1,0,0
cust_006375,LOYAL,1540,25,25,0,0
cust_006376,RETURNING,73,8,6,2,0
cust_006377,NEW,36,2,2,0,0
cust_006378,NEW,18,0,0,0,0
cust_006379,RETURNING,322,8,6,2,0
cust_006380,RETURNING,411,7,5,2,0
cust_006381,NEW,34,0,0,0,0
cust_006382,RETURNING,466,2,1,1,1
cust_006383,LOYAL,1079,24,20,4,2
cust_006384,LOYAL,1249,21,21,0,0
cust_006385,LOYAL,591,21,21,0,0
cust_006386,RETURNING,275,10,7,3,2
cust_006387,RETURNING,399,11,11,0,0
cust_006388,HIGH_VALUE,775,51,48,3,0
cust_006389,LOYAL,1575,29,27,2,1
cust_006390,RETURNING,404,12,11,1,1
cust_006391,RETURNING,288,2,1,1,1
cust_006392,RETURNING,224,3,3,0,0
cust_006393,RETURNING,134,7,5,2,2
cust_006394,RETURNING,357,4,4,0,0
cust_006395,NEW,45,2,1,1,0
cust_006396,HIGH_VALUE,1446,37,36,1,0
cust_006397,RETURNING,55,7,5,2,1
cust_006398,RETURNING,396,7,6,1,0
cust_006399,RETURNING,446,8,7,1,1
cust_006400,LOYAL,650,26,26,0,0
cust_006401,LOYAL,1237,31,30,1,0
cust_006402,NEW,30,2,2,0,0
cust_006403,RETURNING,83,3,3,0,0
cust_006404,RETURNING,117,9,6,3,1
cust_006405,LOYAL,215,25,24,1,0
cust_006406,RETURNING,402,7,7,0,0
cust_006407,LOYAL,820,27,25,2,0
cust_006408,RETURNING,93,3,2,1,0
cust_006409,NEW,47,1,0,1,0
cust_006410,NEW,40,1,1,0,0
cust_006411,RETURNING,452,7,6,1,0
cust_006412,RETURNING,397,2,2,0,0
cust_006413,RETURNING,108,9,9,0,0
cust_006414,LOYAL,786,19,18,1,1
cust_006415,RETURNING,61,1,1,0,0
cust_006416,HIGH_VALUE,2792,30,29,1,0
cust_006417,NEW,34,1,1,0,0
cust_006418,RETURNING,192,8,7,1,0
cust_006419,LOYAL,363,24,22,2,0
cust_006420,LOYAL,1136,25,23,2,2
cust_006421,RETURNING,295,7,4,3,3
cust_006422,LOYAL,593,30,29,1,1
cust_006423,NEW,39,0,0,0,0
cust_006424,NEW,31,0,0,0,0
cust_006425,RETURNING,189,5,4,1,1
cust_006426,NEW,50,1,0,1,0
cust_006427,RETURNING,105,7,6,1,1
cust_006428,RETURNING,165,8,7,1,0
cust_006429,LOYAL,500,27,25,2,2
cust_006430,LOYAL,937,16,15,1,0
cust_006431,LOYAL,1091,24,21,3,1
cust_006432,LOYAL,1669,27,24,3,1
cust_006433,NEW,23,1,1,0,0
cust_006434,NEW,54,0,0,0,0
cust_006435,RETURNING,239,5,3,2,1
cust_006436,RETURNING,41,8,8,0,0
cust_006437,RETURNING,198,6,5,1,0
cust_006438,RETURNING,465,13,11,2,1
cust_006439,RETURNING,411,8,5,3,1
cust_006440,RETURNING,386,2,2,0,0
cust_006441,RETURNING,147,6,5,1,0
cust_006442,RETURNING,219,13,11,2,0
cust_006443,RETURNING,43,4,4,0,0
cust_006444,HIGH_VALUE,2389,32,32,0,0
cust_006445,RETURNING,83,5,3,2,1
cust_006446,LOYAL,1530,24,19,5,4
cust_006447,LOYAL,1558,23,22,1,1
cust_006448,NEW,60,0,0,0,0
cust_006449,RETURNING,419,8,7,1,0
cust_006450,RETURNING,177,8,5,3,0
cust_006451,RETURNING,37,9,8,1,0
cust_006452,NEW,51,0,0,0,0
cust_006453,LOYAL,1397,21,21,0,0
cust_006454,HIGH_VALUE,1079,34,34,0,0
cust_006455,NEW,8,2,1,1,0
cust_006456,RETURNING,277,6,4,2,0
cust_006457,RETURNING,318,8,7,1,1
cust_006458,LOYAL,1161,13,11,2,1
cust_006459,RETURNING,312,9,8,1,0
cust_006460,NEW,33,2,1,1,1
cust_006461,LOYAL,1715,16,14,2,2
cust_006462,RETURNING,320,11,8,3,3
cust_006463,RETURNING,334,6,3,3,1
cust_006464,RETURNING,103,9,9,0,0
cust_006465,RETURNING,347,7,5,2,1
cust_006466,RETURNING,134,3,2,1,0
cust_006467,RETURNING,311,7,6,1,0
cust_006468,RETURNING,413,5,5,0,0
cust_006469,LOYAL,1644,33,29,4,2
cust_006470,RETURNING,150,9,8,1,1
cust_006471,LOYAL,1167,27,24,3,2
cust_006472,RETURNING,75,10,8,2,1
cust_006473,LOYAL,1482,25,24,1,0
cust_006474,RETURNING,185,8,5,3,1
cust_006475,LOYAL,895,18,18,0,0
cust_006476,RETURNING,470,8,8,0,0
cust_006477,NEW,2,3,2,1,1
cust_006478,NEW,49,0,0,0,0
cust_006479,NEW,55,0,0,0,0
cust_006480,HIGH_VALUE,1293,40,35,5,3
cust_006481,HIGH_VALUE,1222,35,34,1,0
cust_006482,LOYAL,1500,29,29,0,0
cust_006483,NEW,43,0,0,0,0
cust_006484,LOYAL,477,21,18,3,0
cust_006485,LOYAL,1083,14,13,1,0
cust_006486,RETURNING,412,8,8,0,0
cust_006487,RETURNING,387,9,8,1,0
cust_006488,LOYAL,1761,20,16,4,2
cust_006489,NEW,32,0,0,0,0
cust_006490,RETURNING,437,11,8,3,1
cust_006491,LOYAL,1062,19,19,0,0
cust_006492,RETURNING,323,7,5,2,1
cust_006493,RETURNING,231,9,8,1,0
cust_006494,RETURNING,154,9,7,2,1
cust_006495,LOYAL,1259,24,23,1,0
cust_006496,HIGH_VALUE,2571,35,27,8,4
cust_006497,LOYAL,317,28,26,2,0
cust_006498,RETURNING,79,14,12,2,1
cust_006499,RETURNING,125,5,4,1,1
cust_006500,RETURNING,271,9,7,2,0
cust_006501,RETURNING,473,9,7,2,0
cust_006502,NEW,54,1,1,0,0
cust_006503,LOYAL,893,27,27,0,0
cust_006504,LOYAL,449,23,22,1,0
cust_006505,RETURNING,246,9,7,2,1
cust_006506,LOYAL,1390,21,17,4,0
cust_006507,LOYAL,1204,20,17,3,3
cust_006508,RETURNING,342,8,8,0,0
cust_006509,NEW,60,0,0,0,0
cust_006510,NEW,17,1,1,0,0
cust_006511,RETURNING,487,3,3,0,0
cust_006512,RETURNING,376,5,5,0,0
cust_006513,NEW,55,1,1,0,0
cust_006514,RETURNING,151,5,4,1,0
cust_006515,RETURNING,378,4,2,2,1
cust_006516,LOYAL,553,31,27,4,2
cust_006517,LOYAL,866,27,26,1,1
cust_006518,RETURNING,220,10,9,1,1
cust_006519,NEW,39,0,0,0,0
cust_006520,NEW,59,0,0,0,0
cust_006521,NEW,12,2,2,0,0
cust_006522,RETURNING,134,7,5,2,1
cust_006523,NEW,2,0,0,0,0
cust_006524,RETURNING,164,7,6,1,1
cust_006525,HIGH_VALUE,1833,34,34,0,0
cust_006526,RETURNING,111,7,4,3,2
cust_006527,LOYAL,1698,34,30,4,3
cust_006528,NEW,16,1,1,0,0
cust_006529,RETURNING,439,8,6,2,1
cust_006530,HIGH_VALUE,1424,53,50,3,0
cust_006531,RETURNING,484,4,2,2,1
cust_006532,RETURNING,191,3,3,0,0
cust_006533,HIGH_VALUE,559,46,38,8,4
cust_006534,RETURNING,419,6,4,2,0
cust_006535,RETURNING,66,9,7,2,0
cust_006536,RETURNING,60,9,7,2,0
cust_006537,NEW,8,0,0,0,0
cust_006538,NEW,3,0,0,0,0
cust_006539,NEW,22,1,1,0,0
cust_006540,LOYAL,971,25,22,3,2
cust_006541,LOYAL,952,24,22,2,1
cust_006542,RETURNING,457,7,6,1,1
cust_006543,RETURNING,279,6,6,0,0
cust_006544,LOYAL,551,21,18,3,2
cust_006545,LOYAL,1325,25,21,4,1
cust_006546,RETURNING,328,3,2,1,0
cust_006547,RETURNING,400,5,5,0,0
cust_006548,LOYAL,667,16,15,1,1
cust_006549,LOYAL,1558,14,14,0,0
cust_006550,LOYAL,764,18,16,2,0
cust_006551,RETURNING,146,2,0,2,0
cust_006552,NEW,28,1,1,0,0
cust_006553,RETURNING,322,8,8,0,0
cust_006554,RETURNING,53,11,9,2,1
cust_006555,LOYAL,751,21,21,0,0
cust_006556,NEW,2,0,0,0,0
cust_006557,RETURNING,301,6,6,0,0
cust_006558,LOYAL,1755,23,20,3,2
cust_006559,HIGH_VALUE,2631,31,31,0,0
cust_006560,RETURNING,81,8,7,1,0
cust_006561,HIGH_VALUE,2751,31,31,0,0
cust_006562,NEW,17,0,0,0,0
cust_006563,RETURNING,286,9,9,0,0
cust_006564,NEW,16,0,0,0,0
cust_006565,HIGH_VALUE,1185,36,33,3,1
cust_006566,LOYAL,1065,24,21,3,1
cust_006567,NEW,33,0,0,0,0
cust_006568,NEW,26,1,0,1,0
cust_006569,RETURNING,58,1,0,1,0
cust_006570,RETURNING,260,7,7,0,0
cust_006571,LOYAL,1662,26,25,1,0
cust_006572,NEW,9,1,1,0,0
cust_006573,LOYAL,1710,25,25,0,0
cust_006574,RETURNING,442,9,9,0,0
cust_006575,RETURNING,483,4,4,0,0
cust_006576,NEW,13,0,0,0,0
cust_006577,HIGH_VALUE,2848,45,43,2,1
cust_006578,RETURNING,189,6,3,3,3
cust_006579,RETURNING,352,8,8,0,0
cust_006580,RETURNING,424,7,5,2,2
cust_006581,LOYAL,411,20,17,3,3
cust_006582,LOYAL,293,24,23,1,1
cust_006583,LOYAL,1509,25,23,2,0
cust_006584,RETURNING,85,9,8,1,0
cust_006585,LOYAL,341,28,26,2,2
cust_006586,RETURNING,255,6,5,1,0
cust_006587,LOYAL,1712,24,20,4,3
cust_006588,RETURNING,402,7,7,0,0
cust_006589,RETURNING,498,12,11,1,0
cust_006590,HIGH_VALUE,2304,30,30,0,0
cust_006591,HIGH_VALUE,1622,36,33,3,2
cust_006592,RETURNING,62,7,5,2,1
cust_006593,RETURNING,82,3,3,0,0
cust_006594,LOYAL,1214,33,24,9,6
cust_006595,HIGH_VALUE,1614,34,33,1,1
cust_006596,LOYAL,184,32,30,2,1
cust_006597,NEW,12,1,1,0,0
cust_006598,RETURNING,337,5,4,1,0
cust_006599,LOYAL,336,18,18,0,0
cust_006600,LOYAL,714,27,25,2,1
cust_006601,LOYAL,444,24,23,1,0
cust_006602,LOYAL,1337,26,22,4,4
cust_006603,RETURNING,206,8,8,0,0
cust_006604,RETURNING,333,9,8,1,0
cust_006605,LOYAL,1294,30,26,4,2
cust_006606,RETURNING,401,7,7,0,0
cust_006607,LOYAL,1647,23,16,7,2
cust_006608,LOYAL,1683,28,24,4,1
cust_006609,LOYAL,918,21,19,2,2
cust_006610,RETURNING,137,7,5,2,1
cust_006611,LOYAL,1386,20,20,0,0
cust_006612,NEW,42,1,0,1,0
cust_006613,NEW,38,0,0,0,0
cust_006614,RETURNING,352,14,11,3,2
cust_006615,NEW,3,1,1,0,0
cust_006616,HIGH_VALUE,1460,46,44,2,0
cust_006617,LOYAL,712,17,17,0,0
cust_006618,NEW,20,0,0,0,0
cust_006619,LOYAL,979,15,14,1,1
cust_006620,RETURNING,414,7,4,3,2
cust_006621,LOYAL,248,20,13,7,5
cust_006622,LOYAL,654,20,13,7,1
cust_006623,RETURNING,177,6,6,0,0
cust_006624,NEW,12,0,0,0,0
cust_006625,NEW,58,1,1,0,0
cust_006626,RETURNING,64,7,7,0,0
cust_006627,HIGH_VALUE,2365,42,33,9,2
cust_006628,RETURNING,324,4,4,0,0
cust_006629,RETURNING,89,7,5,2,0
cust_006630,NEW,30,1,0,1,1
cust_006631,LOYAL,422,21,16,5,2
cust_006632,RETURNING,438,7,5,2,1
cust_006633,LOYAL,1573,27,22,5,1
cust_006634,LOYAL,1636,20,19,1,1
cust_006635,RETURNING,48,4,3,1,0
cust_006636,NEW,8,1,0,1,1
cust_006637,RETURNING,199,9,9,0,0
cust_006638,RETURNING,247,9,9,0,0
cust_006639,LOYAL,734,28,28,0,0
cust_006640,LOYAL,561,25,24,1,1
cust_006641,RETURNING,323,10,8,2,0
cust_006642,RETURNING,181,6,4,2,2
cust_006643,NEW,15,1,0,1,1
cust_006644,RETURNING,290,6,6,0,0
cust_006645,LOYAL,1747,17,15,2,1
cust_006646,LOYAL,1624,23,22,1,0
cust_006647,LOYAL,394,18,15,3,2
cust_006648,NEW,45,2,2,0,0
cust_006649,RETURNING,194,6,5,1,1
cust_006650,RETURNING,224,10,9,1,1
cust_006651,HIGH_VALUE,2779,46,38,8,6
cust_006652,RETURNING,196,6,6,0,0
cust_006653,HIGH_VALUE,2859,35,34,1,1
cust_006654,NEW,54,0,0,0,0
cust_006655,RETURNING,365,5,5,0,0
cust_006656,LOYAL,195,19,17,2,1
cust_006657,RETURNING,387,7,7,0,0
cust_006658,RETURNING,236,6,4,2,0
cust_006659,RETURNING,317,8,8,0,0
cust_006660,HIGH_VALUE,1028,45,42,3,1
cust_006661,NEW,38,0,0,0,0
cust_006662,HIGH_VALUE,1375,47,45,2,1
cust_006663,RETURNING,421,6,5,1,0
cust_006664,RETURNING,62,6,6,0,0
cust_006665,RETURNING,455,7,6,1,0
cust_006666,RETURNING,424,6,5,1,1
cust_006667,HIGH_VALUE,1418,41,37,4,2
cust_006668,LOYAL,335,18,18,0,0
cust_006669,HIGH_VALUE,1186,38,33,5,2
cust_006670,HIGH_VALUE,1982,33,30,3,1
cust_006671,LOYAL,542,22,19,3,0
cust_006672,RETURNING,369,6,6,0,0
cust_006673,LOYAL,1158,22,22,0,0
cust_006674,NEW,50,0,0,0,0
cust_006675,LOYAL,1104,26,25,1,1
cust_006676,RETURNING,439,8,8,0,0
cust_006677,LOYAL,1401,35,30,5,2
cust_006678,RETURNING,360,9,7,2,1
cust_006679,RETURNING,348,5,3,2,1
cust_006680,NEW,1,0,0,0,0
cust_006681,RETURNING,304,4,4,0,0
cust_006682,RETURNING,288,6,6,0,0
cust_006683,RETURNING,305,9,7,2,1
cust_006684,RETURNING,190,10,6,4,1
cust_006685,RETURNING,345,3,3,0,0
cust_006686,RETURNING,447,9,8,1,0
cust_006687,LOYAL,1192,25,24,1,0
cust_006688,NEW,43,1,1,0,0
cust_006689,RETURNING,393,6,6,0,0
cust_006690,NEW,24,1,1,0,0
cust_006691,RETURNING,376,4,4,0,0
cust_006692,RETURNING,346,4,4,0,0
cust_006693,RETURNING,474,10,10,0,0
cust_006694,RETURNING,189,5,3,2,1
cust_006695,RETURNING,107,5,5,0,0
cust_006696,RETURNING,349,4,4,0,0
cust_006697,RETURNING,327,6,4,2,0
cust_006698,RETURNING,319,7,7,0,0
cust_006699,LOYAL,1745,20,19,1,0
cust_006700,RETURNING,270,7,7,0,0
cust_006701,LOYAL,1213,35,31,4,0
cust_006702,RETURNING,443,4,3,1,0
cust_006703,RETURNING,160,6,6,0,0
cust_006704,RETURNING,145,7,7,0,0
cust_006705,NEW,16,3,2,1,0
cust_006706,RETURNING,405,6,6,0,0
cust_006707,LOYAL,1269,22,21,1,1
cust_006708,LOYAL,1613,28,23,5,4
cust_006709,RETURNING,68,7,7,0,0
cust_006710,RETURNING,162,1,1,0,0
cust_006711,LOYAL,1762,27,24,3,2
cust_006712,NEW,25,0,0,0,0
cust_006713,RETURNING,198,7,6,1,0
cust_006714,LOYAL,1609,29,25,4,2
cust_006715,RETURNING,354,8,4,4,1
cust_006716,NEW,24,0,0,0,0
cust_006717,RETURNING,208,6,5,1,0
cust_006718,RETURNING,448,9,8,1,1
cust_006719,NEW,23,0,0,0,0
cust_006720,RETURNING,85,7,7,0,0
cust_006721,RETURNING,429,8,7,1,0
cust_006722,RETURNING,92,4,4,0,0
cust_006723,RETURNING,63,9,9,0,0
cust_006724,LOYAL,851,24,21,3,2
cust_006725,RETURNING,302,2,2,0,0
cust_006726,LOYAL,1179,20,18,2,0
cust_006727,RETURNING,425,9,9,0,0
cust_006728,NEW,39,1,1,0,0
cust_006729,RETURNING,483,5,4,1,0
cust_006730,RETURNING,330,4,2,2,1
cust_006731,RETURNING,116,8,6,2,0
cust_006732,LOYAL,1269,19,16,3,3
cust_006733,LOYAL,952,29,29,0,0
cust_006734,LOYAL,581,25,24,1,0
cust_006735,RETURNING,335,8,7,1,1
cust_006736,RETURNING,232,6,5,1,0
cust_006737,RETURNING,349,5,5,0,0
cust_006738,RETURNING,319,7,7,0,0
cust_006739,LOYAL,1556,22,21,1,0
cust_006740,LOYAL,1176,29,28,1,0
cust_006741,RETURNING,195,6,6,0,0
cust_006742,LOYAL,1561,32,32,0,0
cust_006743,LOYAL,525,26,25,1,0
cust_006744,RETURNING,251,2,2,0,0
cust_006745,LOYAL,1100,24,22,2,2
cust_006746,NEW,5,1,0,1,1
cust_006747,NEW,5,0,0,0,0
cust_006748,RETURNING,478,3,3,0,0
cust_006749,RETURNING,143,4,4,0,0
cust_006750,RETURNING,49,2,2,0,0
cust_006751,HIGH_VALUE,1298,36,30,6,2
cust_006752,RETURNING,280,2,2,0,0
cust_006753,RETURNING,416,5,5,0,0
cust_006754,RETURNING,329,6,6,0,0
cust_006755,NEW,7,0,0,0,0
cust_006756,LOYAL,1298,22,20,2,0
cust_006757,RETURNING,283,4,4,0,0
cust_006758,HIGH_VALUE,1733,47,44,3,0
cust_006759,LOYAL,660,25,21,4,2
cust_006760,NEW,51,1,1,0,0
cust_006761,NEW,2,2,1,1,0
cust_006762,NEW,55,2,1,1,1
cust_006763,HIGH_VALUE,1753,44,42,2,0
cust_006764,LOYAL,1267,22,20,2,1
cust_006765,RETURNING,409,5,4,1,0
cust_006766,RETURNING,101,8,7,1,0
cust_006767,LOYAL,444,22,16,6,3
cust_006768,RETURNING,378,6,6,0,0
cust_006769,LOYAL,1503,23,21,2,0
cust_006770,LOYAL,1127,25,25,0,0
cust_006771,RETURNING,311,5,3,2,1
cust_006772,RETURNING,369,5,5,0,0
cust_006773,RETURNING,483,6,5,1,0
cust_006774,RETURNING,410,7,7,0,0
cust_006775,HIGH_VALUE,2366,38,36,2,1
cust_006776,LOYAL,1249,33,27,6,5
cust_006777,LOYAL,1255,20,19,1,0
cust_006778,RETURNING,157,7,5,2,1
cust_006779,RETURNING,106,5,5,0,0
cust_006780,LOYAL,1276,27,22,5,2
cust_006781,RETURNING,368,4,3,1,1
cust_006782,NEW,16,1,1,0,0
cust_006783,RETURNING,314,4,4,0,0
cust_006784,RETURNING,343,6,4,2,0
cust_006785,LOYAL,1669,23,23,0,0
cust_006786,RETURNING,328,4,4,0,0
cust_006787,LOYAL,718,26,24,2,1
cust_006788,RETURNING,218,8,7,1,1
cust_006789,RETURNING,110,8,6,2,0
cust_006790,RETURNING,387,4,4,0,0
cust_006791,LOYAL,673,26,25,1,0
cust_006792,RETURNING,393,6,6,0,0
cust_006793,RETURNING,145,6,5,1,0
cust_006794,RETURNING,357,9,8,1,1
cust_006795,LOYAL,1202,23,23,0,0
cust_006796,LOYAL,1769,13,12,1,0
cust_006797,RETURNING,172,11,9,2,1
cust_006798,HIGH_VALUE,967,40,39,1,1
cust_006799,NEW,12,0,0,0,0
cust_006800,NEW,9,2,1,1,1
cust_006801,RETURNING,34,7,5,2,1
cust_006802,LOYAL,1022,24,19,5,2
cust_006803,RETURNING,216,8,6,2,0
cust_006804,RETURNING,410,6,4,2,0
cust_006805,RETURNING,57,8,8,0,0
cust_006806,RETURNING,437,7,7,0,0
cust_006807,RETURNING,325,10,9,1,1
cust_006808,HIGH_VALUE,2938,35,33,2,1
cust_006809,RETURNING,384,8,6,2,1
cust_006810,RETURNING,382,6,4,2,0
cust_006811,RETURNING,372,6,4,2,0
cust_006812,RETURNING,439,6,5,1,1
cust_006813,RETURNING,479,5,3,2,1
cust_006814,HIGH_VALUE,972,30,30,0,0
cust_006815,RETURNING,162,5,5,0,0
cust_006816,LOYAL,1147,29,25,4,2
cust_006817,NEW,43,0,0,0,0
cust_006818,LOYAL,946,20,19,1,1
cust_006819,RETURNING,355,4,4,0,0
cust_006820,HIGH_VALUE,1717,28,27,1,0
cust_006821,LOYAL,1014,25,22,3,1
cust_006822,NEW,43,0,0,0,0
cust_006823,LOYAL,299,20,18,2,1
cust_006824,RETURNING,121,4,4,0,0
cust_006825,RETURNING,56,6,5,1,0
cust_006826,RETURNING,278,5,4,1,0
cust_006827,LOYAL,1356,32,31,1,0
cust_006828,LOYAL,926,29,27,2,1
cust_006829,RETURNING,469,15,14,1,0
cust_006830,LOYAL,441,21,21,0,0
cust_006831,RETURNING,417,10,8,2,1
cust_006832,NEW,19,0,0,0,0
cust_006833,RETURNING,458,6,5,1,1
cust_006834,NEW,7,0,0,0,0
cust_006835,RETURNING,131,5,5,0,0
cust_006836,RETURNING,314,13,8,5,2
cust_006837,RETURNING,174,5,4,1,0
cust_006838,RETURNING,424,5,5,0,0
cust_006839,LOYAL,476,24,21,3,1
cust_006840,RETURNING,226,5,4,1,0
cust_006841,LOYAL,398,19,19,0,0
cust_006842,RETURNING,431,6,5,1,0
cust_006843,RETURNING,168,4,2,2,0
cust_006844,RETURNING,451,2,2,0,0
cust_006845,LOYAL,1608,23,22,1,0
cust_006846,RETURNING,353,5,5,0,0
cust_006847,RETURNING,279,4,4,0,0
cust_006848,LOYAL,349,18,13,5,2
cust_006849,LOYAL,1688,21,20,1,0
cust_006850,RETURNING,162,8,7,1,1
cust_006851,NEW,1,1,0,1,0
cust_006852,NEW,28,0,0,0,0
cust_006853,RETURNING,437,5,5,0,0
cust_006854,LOYAL,359,34,27,7,6
cust_006855,RETURNING,131,11,9,2,0
cust_006856,NEW,29,0,0,0,0
cust_006857,RETURNING,436,7,7,0,0
cust_006858,RETURNING,225,10,10,0,0
cust_006859,LOYAL,348,28,26,2,1
cust_006860,NEW,17,2,1,1,0
cust_006861,NEW,45,1,0,1,0
cust_006862,RETURNING,444,10,9,1,1
cust_006863,NEW,10,0,0,0,0
cust_006864,RETURNING,336,12,9,3,1
cust_006865,NEW,23,0,0,0,0
cust_006866,RETURNING,427,6,6,0,0
cust_006867,LOYAL,219,18,17,1,0
cust_006868,HIGH_VALUE,2003,38,36,2,0
cust_006869,HIGH_VALUE,2775,48,40,8,3
cust_006870,RETURNING,135,8,6,2,2
cust_006871,NEW,58,0,0,0,0
cust_006872,RETURNING,166,8,6,2,2
cust_006873,LOYAL,1457,24,21,3,3
cust_006874,NEW,6,1,1,0,0
cust_006875,RETURNING,295,2,2,0,0
cust_006876,RETURNING,87,13,9,4,2
cust_006877,RETURNING,383,7,6,1,1
cust_006878,LOYAL,1157,26,23,3,2
cust_006879,RETURNING,437,9,6,3,1
cust_006880,RETURNING,136,8,5,3,1
cust_006881,LOYAL,1531,14,13,1,0
cust_006882,NEW,44,0,0,0,0
cust_006883,NEW,33,0,0,0,0
cust_006884,RETURNING,31,11,9,2,2
cust_006885,RETURNING,102,7,6,1,1
cust_006886,RETURNING,255,8,8,0,0
cust_006887,NEW,51,1,1,0,0
cust_006888,HIGH_VALUE,764,30,24,6,4
cust_006889,RETURNING,143,8,7,1,1
cust_006890,RETURNING,434,6,6,0,0
cust_006891,RETURNING,48,6,4,2,1
cust_006892,HIGH_VALUE,1378,41,40,1,1
cust_006893,LOYAL,1055,25,21,4,3
cust_006894,HIGH_VALUE,640,41,41,0,0
cust_006895,RETURNING,175,9,8,1,0
cust_006896,RETURNING,36,7,6,1,0
cust_006897,LOYAL,638,23,23,0,0
cust_006898,RETURNING,497,8,8,0,0
cust_006899,RETURNING,494,5,5,0,0
cust_006900,HIGH_VALUE,2081,30,30,0,0
cust_006901,NEW,29,0,0,0,0
cust_006902,RETURNING,333,12,9,3,1
cust_006903,LOYAL,1692,24,24,0,0
cust_006904,LOYAL,207,30,29,1,0
cust_006905,HIGH_VALUE,1437,46,45,1,1
cust_006906,LOYAL,1194,18,16,2,1
cust_006907,NEW,37,2,2,0,0
cust_006908,LOYAL,727,18,16,2,1
cust_006909,RETURNING,74,9,9,0,0
cust_006910,RETURNING,403,8,6,2,1
cust_006911,RETURNING,52,9,8,1,1
cust_006912,LOYAL,840,20,19,1,0
cust_006913,RETURNING,492,10,10,0,0
cust_006914,LOYAL,1440,18,18,0,0
cust_006915,RETURNING,406,8,6,2,1
cust_006916,RETURNING,92,9,9,0,0
cust_006917,RETURNING,166,6,5,1,0
cust_006918,NEW,16,0,0,0,0
cust_006919,LOYAL,880,25,19,6,3
cust_006920,RETURNING,72,9,7,2,0
cust_006921,RETURNING,81,3,3,0,0
cust_006922,NEW,47,2,2,0,0
cust_006923,NEW,36,1,0,1,0
cust_006924,RETURNING,220,9,6,3,2
cust_006925,RETURNING,159,6,3,3,1
cust_006926,RETURNING,104,9,8,1,1
cust_006927,RETURNING,486,10,8,2,1
cust_006928,RETURNING,361,7,5,2,0
cust_006929,RETURNING,494,10,9,1,0
cust_006930,NEW,47,0,0,0,0
cust_006931,RETURNING,415,8,8,0,0
cust_006932,LOYAL,1711,26,20,6,3
cust_006933,RETURNING,277,8,8,0,0
cust_006934,RETURNING,253,6,5,1,0
cust_006935,RETURNING,265,4,2,2,0
cust_006936,HIGH_VALUE,2636,42,40,2,2
cust_006937,RETURNING,331,4,2,2,1
cust_006938,RETURNING,261,7,7,0,0
cust_006939,LOYAL,718,13,12,1,1
cust_006940,RETURNING,453,6,6,0,0
cust_006941,RETURNING,248,7,7,0,0
cust_006942,LOYAL,1434,21,20,1,0
cust_006943,NEW,17,0,0,0,0
cust_006944,LOYAL,1111,30,29,1,0
cust_006945,LOYAL,1374,23,22,1,0
cust_006946,RETURNING,422,7,5,2,1
cust_006947,RETURNING,351,6,5,1,0
cust_006948,NEW,59,1,0,1,1
cust_006949,HIGH_VALUE,1465,37,36,1,1
cust_006950,NEW,57,0,0,0,0
cust_006951,RETURNING,406,10,9,1,1
cust_006952,LOYAL,703,30,29,1,0
cust_006953,LOYAL,218,29,28,1,0
cust_006954,NEW,60,0,0,0,0
cust_006955,LOYAL,744,24,23,1,1
cust_006956,RETURNING,372,5,5,0,0
cust_006957,LOYAL,1394,18,17,1,0
cust_006958,NEW,22,1,0,1,0
cust_006959,NEW,26,0,0,0,0
cust_006960,RETURNING,356,2,1,1,1
cust_006961,NEW,46,1,0,1,0
cust_006962,RETURNING,31,4,4,0,0
cust_006963,NEW,30,1,1,0,0
cust_006964,LOYAL,289,29,27,2,2
cust_006965,LOYAL,682,24,21,3,1
cust_006966,LOYAL,1467,19,17,2,1
cust_006967,HIGH_VALUE,1252,42,40,2,1
cust_006968,LOYAL,301,25,23,2,1
cust_006969,RETURNING,485,6,6,0,0
cust_006970,RETURNING,390,7,5,2,1
cust_006971,LOYAL,582,13,13,0,0
cust_006972,LOYAL,1264,27,26,1,0
cust_006973,HIGH_VALUE,2294,40,35,5,2
cust_006974,LOYAL,1418,19,18,1,1
cust_006975,RETURNING,456,9,8,1,0
cust_006976,HIGH_VALUE,500,40,40,0,0
cust_006977,HIGH_VALUE,1266,33,32,1,0
cust_006978,LOYAL,1164,25,23,2,1
cust_006979,LOYAL,1371,31,30,1,0
cust_006980,RETURNING,281,10,10,0,0
cust_006981,HIGH_VALUE,2426,37,32,5,1
cust_006982,NEW,10,0,0,0,0
cust_006983,LOYAL,1586,26,26,0,0
cust_006984,NEW,7,0,0,0,0
cust_006985,RETURNING,347,8,8,0,0
cust_006986,NEW,44,2,1,1,0
cust_006987,RETURNING,163,6,6,0,0
cust_006988,RETURNING,210,3,2,1,1
cust_006989,HIGH_VALUE,2787,41,35,6,2
cust_006990,RETURNING,385,8,6,2,0
cust_006991,LOYAL,1482,28,24,4,3
cust_006992,RETURNING,260,10,9,1,0
cust_006993,NEW,51,2,2,0,0
cust_006994,LOYAL,983,24,21,3,0
cust_006995,LOYAL,896,33,30,3,1
cust_006996,RETURNING,378,9,9,0,0
cust_006997,LOYAL,1061,24,16,8,5
cust_006998,LOYAL,326,23,23,0,0
cust_006999,RETURNING,423,5,4,1,0
cust_007000,HIGH_VALUE,2900,45,40,5,4
cust_007001,LOYAL,553,20,17,3,0
cust_007002,LOYAL,447,26,23,3,1
cust_007003,RETURNING,31,6,6,0,0
cust_007004,NEW,19,1,0,1,0
cust_007005,RETURNING,372,4,4,0,0
cust_007006,LOYAL,1024,26,22,4,1
cust_007007,LOYAL,1358,22,21,1,0
cust_007008,RETURNING,260,9,9,0,0
cust_007009,RETURNING,464,7,4,3,1
cust_007010,RETURNING,140,8,7,1,0
cust_007011,RETURNING,96,6,6,0,0
cust_007012,HIGH_VALUE,2909,39,36,3,0
cust_007013,RETURNING,180,11,8,3,1
cust_007014,RETURNING,250,8,6,2,0
cust_007015,RETURNING,245,7,7,0,0
cust_007016,RETURNING,154,10,6,4,2
cust_007017,LOYAL,878,23,20,3,2
cust_007018,HIGH_VALUE,424,41,41,0,0
cust_007019,RETURNING,345,7,7,0,0
cust_007020,RETURNING,105,12,11,1,1
cust_007021,RETURNING,496,6,6,0,0
cust_007022,RETURNING,494,6,4,2,0
cust_007023,RETURNING,62,6,4,2,2
cust_007024,NEW,49,1,1,0,0
cust_007025,LOYAL,1724,20,16,4,2
cust_007026,RETURNING,111,8,7,1,0
cust_007027,RETURNING,392,13,12,1,1
cust_007028,NEW,29,0,0,0,0
cust_007029,LOYAL,313,31,23,8,2
cust_007030,NEW,31,0,0,0,0
cust_007031,RETURNING,363,5,0,5,1
cust_007032,LOYAL,320,19,18,1,1
cust_007033,RETURNING,391,6,6,0,0
cust_007034,HIGH_VALUE,2797,33,32,1,0
cust_007035,RETURNING,380,4,2,2,1
cust_007036,LOYAL,649,31,31,0,0
cust_007037,HIGH_VALUE,371,41,32,9,5
cust_007038,RETURNING,125,12,10,2,1
cust_007039,LOYAL,1784,16,15,1,1
cust_007040,RETURNING,392,8,6,2,1
cust_007041,LOYAL,1615,25,21,4,3
cust_007042,LOYAL,1015,23,18,5,1
cust_007043,LOYAL,1782,25,25,0,0
cust_007044,HIGH_VALUE,707,44,44,0,0
cust_007045,RETURNING,391,11,9,2,2
cust_007046,RETURNING,37,8,7,1,0
cust_007047,RETURNING,140,12,11,1,1
cust_007048,LOYAL,1563,25,25,0,0
cust_007049,LOYAL,348,25,23,2,0
cust_007050,RETURNING,236,4,3,1,0
cust_007051,RETURNING,37,6,6,0,0
cust_007052,RETURNING,356,13,13,0,0
cust_007053,LOYAL,804,28,23,5,1
cust_007054,HIGH_VALUE,2867,25,25,0,0
cust_007055,NEW,46,0,0,0,0
cust_007056,NEW,24,0,0,0,0
cust_007057,RETURNING,264,6,6,0,0
cust_007058,NEW,6,0,0,0,0
cust_007059,HIGH_VALUE,2217,31,29,2,0
cust_007060,RETURNING,149,7,6,1,0
cust_007061,RETURNING,119,4,2,2,0
cust_007062,RETURNING,399,3,3,0,0
cust_007063,RETURNING,246,8,8,0,0
cust_007064,HIGH_VALUE,2842,38,37,1,0
cust_007065,RETURNING,204,6,5,1,1
cust_007066,NEW,54,0,0,0,0
cust_007067,RETURNING,312,11,10,1,1
cust_007068,HIGH_VALUE,1288,40,40,0,0
cust_007069,HIGH_VALUE,1648,35,35,0,0
cust_007070,RETURNING,374,11,8,3,3
cust_007071,RETURNING,416,5,3,2,1
cust_007072,NEW,18,0,0,0,0
cust_007073,RETURNING,43,6,5,1,1
cust_007074,NEW,29,1,0,1,0
cust_007075,LOYAL,1625,17,14,3,2
cust_007076,HIGH_VALUE,2575,44,40,4,0
cust_007077,NEW,21,1,0,1,0
cust_007078,RETURNING,307,9,5,4,0
cust_007079,NEW,34,1,1,0,0
cust_007080,RETURNING,387,7,7,0,0
cust_007081,NEW,19,1,0,1,0
cust_007082,RETURNING,314,6,4,2,0
cust_007083,HIGH_VALUE,442,39,37,2,1
cust_007084,NEW,46,3,2,1,1
cust_007085,LOYAL,1455,23,20,3,2
cust_007086,NEW,59,1,1,0,0
cust_007087,RETURNING,98,5,5,0,0
cust_007088,RETURNING,45,4,3,1,0
cust_007089,HIGH_VALUE,2393,45,45,0,0
cust_007090,RETURNING,176,7,6,1,0
cust_007091,NEW,43,2,2,0,0
cust_007092,LOYAL,1290,22,20,2,2
cust_007093,LOYAL,839,19,17,2,1
cust_007094,LOYAL,981,21,21,0,0
cust_007095,NEW,47,0,0,0,0
cust_007096,RETURNING,215,10,8,2,2
cust_007097,LOYAL,915,25,23,2,1
cust_007098,RETURNING,489,4,1,3,2
cust_007099,RETURNING,363,9,8,1,1
cust_007100,RETURNING,385,6,6,0,0
cust_007101,RETURNING,248,9,6,3,0
cust_007102,HIGH_VALUE,2362,44,36,8,2
cust_007103,LOYAL,218,27,27,0,0
cust_007104,NEW,4,0,0,0,0
cust_007105,HIGH_VALUE,2093,39,36,3,0
cust_007106,RETURNING,90,8,7,1,1
cust_007107,RETURNING,329,11,8,3,0
cust_007108,RETURNING,319,5,2,3,1
cust_007109,LOYAL,592,23,18,5,2
cust_007110,RETURNING,54,8,7,1,1
cust_007111,RETURNING,136,6,5,1,1
cust_007112,LOYAL,1634,23,19,4,2
cust_007113,RETURNING,444,6,6,0,0
cust_007114,HIGH_VALUE,1287,38,33,5,4
cust_007115,RETURNING,487,7,6,1,1
cust_007116,RETURNING,480,13,13,0,0
cust_007117,LOYAL,807,18,17,1,1
cust_007118,RETURNING,201,10,10,0,0
cust_007119,RETURNING,151,1,1,0,0
cust_007120,RETURNING,260,6,6,0,0
cust_007121,LOYAL,847,26,19,7,5
cust_007122,LOYAL,206,30,27,3,1
cust_007123,LOYAL,1095,20,17,3,1
cust_007124,RETURNING,94,12,9,3,0
cust_007125,RETURNING,298,6,4,2,2
cust_007126,RETURNING,196,5,3,2,0
cust_007127,NEW,4,1,1,0,0
cust_007128,LOYAL,760,16,16,0,0
cust_007129,RETURNING,131,6,6,0,0
cust_007130,RETURNING,322,5,5,0,0
cust_007131,RETURNING,191,6,3,3,1
cust_007132,RETURNING,236,9,8,1,0
cust_007133,RETURNING,247,9,8,1,1
cust_007134,RETURNING,416,4,3,1,1
cust_007135,RETURNING,166,7,4,3,0
cust_007136,RETURNING,31,10,9,1,0
cust_007137,RETURNING,120,3,3,0,0
cust_007138,LOYAL,961,18,17,1,1
cust_007139,NEW,20,0,0,0,0
cust_007140,RETURNING,58,6,5,1,1
cust_007141,RETURNING,218,7,5,2,0
cust_007142,RETURNING,439,5,4,1,0
cust_007143,LOYAL,480,14,12,2,0
cust_007144,RETURNING,476,5,4,1,1
cust_007145,HIGH_VALUE,1427,41,34,7,1
cust_007146,LOYAL,860,22,20,2,0
cust_007147,RETURNING,394,8,8,0,0
cust_007148,RETURNING,39,3,3,0,0
cust_007149,RETURNING,226,10,10,0,0
cust_007150,RETURNING,277,3,3,0,0
cust_007151,RETURNING,248,7,6,1,0
cust_007152,RETURNING,420,10,9,1,1
cust_007153,RETURNING,492,3,3,0,0
cust_007154,RETURNING,286,3,2,1,0
cust_007155,LOYAL,1681,28,25,3,2
cust_007156,LOYAL,1124,31,30,1,1
cust_007157,HIGH_VALUE,597,33,29,4,1
cust_007158,RETURNING,251,3,3,0,0
cust_007159,RETURNING,140,13,11,2,0
cust_007160,HIGH_VALUE,1711,41,33,8,3
cust_007161,LOYAL,777,20,18,2,1
cust_007162,RETURNING,263,5,3,2,0
cust_007163,RETURNING,96,8,6,2,2
cust_007164,NEW,17,2,2,0,0
cust_007165,LOYAL,1575,32,26,6,3
cust_007166,RETURNING,333,8,6,2,1
cust_007167,RETURNING,327,10,10,0,0
cust_007168,RETURNING,213,7,6,1,0
cust_007169,RETURNING,342,8,5,3,2
cust_007170,RETURNING,120,3,2,1,0
cust_007171,LOYAL,1581,22,22,0,0
cust_007172,RETURNING,38,8,6,2,1
cust_007173,NEW,60,0,0,0,0
cust_007174,RETURNING,464,7,4,3,1
cust_007175,LOYAL,416,23,22,1,1
cust_007176,RETURNING,292,9,8,1,0
cust_007177,RETURNING,217,7,6,1,1
cust_007178,RETURNING,334,9,8,1,0
cust_007179,LOYAL,572,28,24,4,2
cust_007180,LOYAL,221,27,22,5,2
cust_007181,LOYAL,1255,25,22,3,1
cust_007182,NEW,14,2,0,2,1
cust_007183,LOYAL,393,24,22,2,1
cust_007184,LOYAL,1127,31,29,2,0
cust_007185,RETURNING,209,7,7,0,0
cust_007186,RETURNING,325,6,5,1,0
cust_007187,RETURNING,300,13,9,4,1
cust_007188,RETURNING,148,12,8,4,2
cust_007189,RETURNING,481,5,4,1,1
cust_007190,NEW,6,1,1,0,0
cust_007191,HIGH_VALUE,1632,34,34,0,0
cust_007192,RETURNING,126,2,2,0,0
cust_007193,RETURNING,348,7,6,1,0
cust_007194,RETURNING,462,8,7,1,0
cust_007195,RETURNING,371,3,2,1,0
cust_007196,RETURNING,270,10,8,2,0
cust_007197,RETURNING,329,3,3,0,0
cust_007198,RETURNING,140,6,6,0,0
cust_007199,HIGH_VALUE,1067,45,41,4,2
cust_007200,RETURNING,331,7,5,2,1
cust_007201,HIGH_VALUE,1236,49,41,8,3
cust_007202,LOYAL,1173,18,17,1,0
cust_007203,RETURNING,394,9,8,1,0
cust_007204,RETURNING,234,5,4,1,0
cust_007205,NEW,37,0,0,0,0
cust_007206,LOYAL,677,27,25,2,0
cust_007207,RETURNING,87,5,5,0,0
cust_007208,RETURNING,391,7,6,1,1
cust_007209,LOYAL,1634,20,19,1,0
cust_007210,RETURNING,361,7,6,1,0
cust_007211,LOYAL,1628,22,17,5,2
cust_007212,RETURNING,251,6,6,0,0
cust_007213,LOYAL,817,20,20,0,0
cust_007214,RETURNING,240,11,9,2,1
cust_007215,NEW,19,0,0,0,0
cust_007216,LOYAL,1585,19,17,2,1
cust_007217,NEW,7,1,1,0,0
cust_007218,HIGH_VALUE,384,47,47,0,0
cust_007219,RETURNING,225,7,7,0,0
cust_007220,RETURNING,301,7,6,1,1
cust_007221,RETURNING,199,9,8,1,0
cust_007222,LOYAL,629,22,22,0,0
cust_007223,RETURNING,359,13,8,5,0
cust_007224,LOYAL,847,20,17,3,1
cust_007225,NEW,29,1,1,0,0
cust_007226,LOYAL,252,22,21,1,0
cust_007227,RETURNING,467,4,3,1,0
cust_007228,LOYAL,1051,28,20,8,3
cust_007229,RETURNING,450,3,1,2,1
cust_007230,NEW,42,2,2,0,0
cust_007231,HIGH_VALUE,802,41,38,3,0
cust_007232,HIGH_VALUE,2600,48,42,6,3
cust_007233,RETURNING,107,6,5,1,0
cust_007234,HIGH_VALUE,2247,44,44,0,0
cust_007235,NEW,12,1,0,1,0
cust_007236,NEW,6,1,1,0,0
cust_007237,NEW,19,1,0,1,0
cust_007238,RETURNING,123,5,5,0,0
cust_007239,NEW,43,1,1,0,0
cust_007240,RETURNING,276,5,5,0,0
cust_007241,NEW,2,0,0,0,0
cust_007242,LOYAL,1168,22,20,2,0
cust_007243,LOYAL,1573,20,18,2,1
cust_007244,LOYAL,648,15,15,0,0
cust_007245,RETURNING,478,15,14,1,1
cust_007246,LOYAL,1284,17,17,0,0
cust_007247,RETURNING,74,9,6,3,2
cust_007248,LOYAL,1429,26,22,4,2
cust_007249,RETURNING,485,5,5,0,0
cust_007250,RETURNING,140,5,4,1,0
cust_007251,NEW,8,0,0,0,0
cust_007252,LOYAL,1669,27,25,2,1
cust_007253,HIGH_VALUE,2746,42,35,7,4
cust_007254,LOYAL,571,17,16,1,0
cust_007255,HIGH_VALUE,1358,33,33,0,0
cust_007256,HIGH_VALUE,2898,32,31,1,0
cust_007257,RETURNING,158,3,2,1,1
cust_007258,LOYAL,258,32,24,8,4
cust_007259,RETURNING,137,8,6,2,1
cust_007260,RETURNING,429,10,7,3,2
cust_007261,NEW,56,0,0,0,0
cust_007262,HIGH_VALUE,2587,40,40,0,0
cust_007263,LOYAL,841,21,17,4,2
cust_007264,RETURNING,240,3,2,1,0
cust_007265,RETURNING,393,6,6,0,0
cust_007266,RETURNING,480,5,5,0,0
cust_007267,LOYAL,269,28,26,2,1
cust_007268,LOYAL,419,19,15,4,1
cust_007269,RETURNING,271,5,4,1,0
cust_007270,RETURNING,497,4,4,0,0
cust_007271,RETURNING,497,7,6,1,0
cust_007272,RETURNING,389,8,7,1,1
cust_007273,RETURNING,107,7,5,2,0
cust_007274,NEW,17,1,1,0,0
cust_007275,NEW,49,1,1,0,0
cust_007276,RETURNING,137,9,8,1,1
cust_007277,LOYAL,922,24,20,4,3
cust_007278,RETURNING,104,9,9,0,0
cust_007279,RETURNING,431,8,3,5,1
cust_007280,LOYAL,1621,30,28,2,2
cust_007281,HIGH_VALUE,740,40,31,9,1
cust_007282,RETURNING,174,7,7,0,0
cust_007283,NEW,17,1,1,0,0
cust_007284,LOYAL,429,16,15,1,0
cust_007285,RETURNING,346,8,6,2,0
cust_007286,LOYAL,187,22,20,2,1
cust_007287,RETURNING,297,14,10,4,3
cust_007288,NEW,5,0,0,0,0
cust_007289,RETURNING,385,7,4,3,0
cust_007290,LOYAL,205,29,24,5,2
cust_007291,RETURNING,162,1,1,0,0
cust_007292,RETURNING,60,3,2,1,0
cust_007293,RETURNING,246,7,5,2,0
cust_007294,LOYAL,1038,29,24,5,2
cust_007295,NEW,53,0,0,0,0
cust_007296,LOYAL,1687,28,26,2,1
cust_007297,LOYAL,1072,19,19,0,0
cust_007298,RETURNING,408,8,8,0,0
cust_007299,HIGH_VALUE,696,33,33,0,0
cust_007300,LOYAL,1629,21,21,0,0
cust_007301,RETURNING,224,10,6,4,2
cust_007302,NEW,60,2,1,1,1
cust_007303,RETURNING,234,5,4,1,1
cust_007304,RETURNING,410,8,6,2,1
cust_007305,RETURNING,496,7,7,0,0
cust_007306,LOYAL,460,32,28,4,1
cust_007307,LOYAL,1586,19,18,1,0
cust_007308,RETURNING,56,4,3,1,1
cust_007309,RETURNING,219,7,3,4,4
cust_007310,NEW,7,1,1,0,0
cust_007311,RETURNING,353,8,6,2,0
cust_007312,NEW,45,2,1,1,0
cust_007313,HIGH_VALUE,2282,34,32,2,0
cust_007314,LOYAL,1085,21,20,1,0
cust_007315,RETURNING,487,6,6,0,0
cust_007316,LOYAL,556,28,27,1,0
cust_007317,RETURNING,411,9,8,1,1
cust_007318,LOYAL,835,26,21,5,2
cust_007319,RETURNING,217,11,11,0,0
cust_007320,RETURNING,185,5,4,1,1
cust_007321,RETURNING,266,12,10,2,1
cust_007322,NEW,55,2,2,0,0
cust_007323,RETURNING,320,5,4,1,0
cust_007324,RETURNING,99,8,7,1,1
cust_007325,LOYAL,1495,18,17,1,1
cust_007326,LOYAL,1570,26,25,1,0
cust_007327,NEW,58,0,0,0,0
cust_007328,RETURNING,162,11,10,1,1
cust_007329,LOYAL,1487,19,19,0,0
cust_007330,NEW,56,3,1,2,0
cust_007331,RETURNING,402,11,10,1,0
cust_007332,LOYAL,1748,21,19,2,2
cust_007333,RETURNING,347,9,8,1,0
cust_007334,LOYAL,259,25,25,0,0
cust_007335,RETURNING,155,5,3,2,0
cust_007336,RETURNING,301,5,2,3,1
cust_007337,NEW,59,0,0,0,0
cust_007338,NEW,23,2,1,1,0
cust_007339,NEW,11,1,0,1,1
cust_007340,LOYAL,1559,27,27,0,0
cust_007341,LOYAL,408,17,17,0,0
cust_007342,LOYAL,980,17,17,0,0
cust_007343,RETURNING,269,8,7,1,0
cust_007344,RETURNING,256,2,2,0,0
cust_007345,LOYAL,1299,24,24,0,0
cust_007346,LOYAL,528,18,18,0,0
cust_007347,NEW,0,2,2,0,0
cust_007348,LOYAL,1272,21,17,4,2
cust_007349,NEW,52,0,0,0,0
cust_007350,NEW,48,1,0,1,0
cust_007351,LOYAL,292,18,18,0,0
cust_007352,RETURNING,246,4,3,1,0
cust_007353,RETURNING,296,9,6,3,2
cust_007354,RETURNING,471,5,4,1,0
cust_007355,HIGH_VALUE,2384,43,38,5,1
cust_007356,NEW,31,2,2,0,0
cust_007357,LOYAL,406,36,36,0,0
cust_007358,RETURNING,377,7,5,2,0
cust_007359,NEW,43,1,1,0,0
cust_007360,RETURNING,363,6,5,1,1
cust_007361,RETURNING,446,5,4,1,0
cust_007362,RETURNING,351,5,4,1,1
cust_007363,RETURNING,110,1,1,0,0
cust_007364,RETURNING,342,11,4,7,2
cust_007365,RETURNING,238,4,3,1,1
cust_007366,LOYAL,346,20,19,1,0
cust_007367,LOYAL,867,25,23,2,1
cust_007368,RETURNING,379,5,5,0,0
cust_007369,RETURNING,294,7,7,0,0
cust_007370,RETURNING,265,10,6,4,1
cust_007371,RETURNING,395,4,4,0,0
cust_007372,NEW,10,0,0,0,0
cust_007373,RETURNING,486,8,7,1,1
cust_007374,NEW,11,1,0,1,1
cust_007375,RETURNING,164,7,5,2,0
cust_007376,HIGH_VALUE,2641,45,44,1,0
cust_007377,RETURNING,224,4,4,0,0
cust_007378,RETURNING,459,14,11,3,1
cust_007379,RETURNING,222,10,7,3,1
cust_007380,LOYAL,500,16,15,1,1
cust_007381,RETURNING,69,3,1,2,2
cust_007382,RETURNING,215,4,4,0,0
cust_007383,LOYAL,1225,27,27,0,0
cust_007384,NEW,6,2,1,1,0
cust_007385,RETURNING,93,7,5,2,0
cust_007386,RETURNING,327,9,7,2,1
cust_007387,LOYAL,1041,22,22,0,0
cust_007388,HIGH_VALUE,2382,38,36,2,0
cust_007389,LOYAL,958,19,16,3,1
cust_007390,RETURNING,463,10,6,4,2
cust_007391,NEW,21,0,0,0,0
cust_007392,RETURNING,294,10,7,3,1
cust_007393,LOYAL,1003,28,25,3,1
cust_007394,HIGH_VALUE,1300,43,34,9,6
cust_007395,LOYAL,1383,21,19,2,2
cust_007396,RETURNING,63,5,5,0,0
cust_007397,LOYAL,1196,16,16,0,0
cust_007398,LOYAL,1201,25,25,0,0
cust_007399,LOYAL,628,26,26,0,0
cust_007400,LOYAL,595,18,17,1,0
cust_007401,RETURNING,91,5,4,1,0
cust_007402,RETURNING,488,6,6,0,0
cust_007403,RETURNING,139,9,9,0,0
cust_007404,NEW,28,1,1,0,0
cust_007405,LOYAL,377,29,26,3,1
cust_007406,HIGH_VALUE,2469,41,40,1,1
cust_007407,LOYAL,360,24,20,4,2
cust_007408,RETURNING,344,8,6,2,1
cust_007409,NEW,31,2,2,0,0
cust_007410,RETURNING,300,6,5,1,0
cust_007411,LOYAL,1371,26,23,3,0
cust_007412,RETURNING,336,11,8,3,1
cust_007413,HIGH_VALUE,469,40,39,1,0
cust_007414,RETURNING,248,12,10,2,2
cust_007415,RETURNING,353,9,8,1,0
cust_007416,LOYAL,1316,32,29,3,1
cust_007417,RETURNING,436,2,2,0,0
cust_007418,HIGH_VALUE,758,42,38,4,1
cust_007419,RETURNING,181,8,6,2,1
cust_007420,NEW,13,0,0,0,0
cust_007421,NEW,7,0,0,0,0
cust_007422,LOYAL,380,25,22,3,1
cust_007423,RETURNING,150,7,6,1,1
cust_007424,LOYAL,940,23,23,0,0
cust_007425,LOYAL,1742,21,21,0,0
cust_007426,RETURNING,263,4,4,0,0
cust_007427,LOYAL,283,20,19,1,0
cust_007428,HIGH_VALUE,2599,32,31,1,0
cust_007429,NEW,33,0,0,0,0
cust_007430,LOYAL,1100,31,27,4,1
cust_007431,RETURNING,267,6,5,1,0
cust_007432,RETURNING,141,7,7,0,0
cust_007433,RETURNING,225,5,4,1,0
cust_007434,LOYAL,707,22,21,1,1
cust_007435,NEW,29,3,2,1,1
cust_007436,RETURNING,144,9,6,3,0
cust_007437,LOYAL,1549,30,30,0,0
cust_007438,NEW,49,1,1,0,0
cust_007439,LOYAL,1307,25,23,2,2
cust_007440,HIGH_VALUE,850,39,38,1,0
cust_007441,NEW,37,0,0,0,0
cust_007442,NEW,32,1,0,1,1
cust_007443,HIGH_VALUE,2508,33,30,3,1
cust_007444,RETURNING,115,6,6,0,0
cust_007445,NEW,6,1,1,0,0
cust_007446,HIGH_VALUE,1608,51,48,3,1
cust_007447,LOYAL,518,26,23,3,1
cust_007448,RETURNING,484,7,6,1,1
cust_007449,RETURNING,488,5,5,0,0
cust_007450,LOYAL,598,35,34,1,1
cust_007451,RETURNING,65,7,5,2,1
cust_007452,RETURNING,154,9,8,1,1
cust_007453,LOYAL,1442,24,20,4,2
cust_007454,RETURNING,30,5,5,0,0
cust_007455,RETURNING,210,12,10,2,1
cust_007456,RETURNING,33,6,5,1,0
cust_007457,RETURNING,300,13,9,4,2
cust_007458,RETURNING,159,2,1,1,1
cust_007459,RETURNING,371,8,6,2,1
cust_007460,RETURNING,278,7,7,0,0
cust_007461,LOYAL,570,21,20,1,0
cust_007462,RETURNING,258,7,7,0,0
cust_007463,NEW,23,2,2,0,0
cust_007464,RETURNING,464,8,7,1,1
cust_007465,RETURNING,175,3,3,0,0
cust_007466,LOYAL,537,25,25,0,0
cust_007467,RETURNING,398,7,6,1,1
cust_007468,RETURNING,465,9,8,1,1
cust_007469,LOYAL,1005,22,18,4,2
cust_007470,NEW,35,0,0,0,0
cust_007471,NEW,57,0,0,0,0
cust_007472,LOYAL,1711,15,12,3,1
cust_007473,RETURNING,397,10,6,4,3
cust_007474,LOYAL,873,19,19,0,0
cust_007475,LOYAL,1453,28,23,5,5
cust_007476,HIGH_VALUE,2420,47,47,0,0
cust_007477,NEW,24,2,2,0,0
cust_007478,LOYAL,539,26,24,2,2
cust_007479,LOYAL,889,22,20,2,2
cust_007480,RETURNING,424,9,4,5,2
cust_007481,HIGH_VALUE,1466,31,24,7,2
cust_007482,RETURNING,350,6,5,1,0
cust_007483,LOYAL,601,21,20,1,0
cust_007484,RETURNING,183,5,4,1,1
cust_007485,RETURNING,451,9,7,2,0
cust_007486,NEW,41,0,0,0,0
cust_007487,LOYAL,1073,30,30,0,0
cust_007488,RETURNING,136,2,2,0,0
cust_007489,NEW,14,3,2,1,0
cust_007490,NEW,30,0,0,0,0
cust_007491,LOYAL,960,31,29,2,0
cust_007492,NEW,15,0,0,0,0
cust_007493,RETURNING,364,5,4,1,1
cust_007494,LOYAL,320,21,20,1,0
cust_007495,RETURNING,349,9,6,3,0
cust_007496,RETURNING,278,3,3,0,0
cust_007497,RETURNING,357,7,7,0,0
cust_007498,HIGH_VALUE,1626,34,32,2,1
cust_007499,LOYAL,353,27,27,0,0
cust_007500,RETURNING,383,5,4,1,0
cust_007501,RETURNING,93,4,2,2,0
cust_007502,RETURNING,456,3,3,0,0
cust_007503,HIGH_VALUE,660,40,39,1,1
cust_007504,RETURNING,415,6,6,0,0
cust_007505,RETURNING,76,10,8,2,1
cust_007506,LOYAL,1548,26,25,1,0
cust_007507,NEW,46,2,2,0,0
cust_007508,RETURNING,197,10,9,1,1
cust_007509,NEW,6,0,0,0,0
cust_007510,RETURNING,341,9,9,0,0
cust_007511,RETURNING,473,4,2,2,1
cust_007512,HIGH_VALUE,1433,32,30,2,1
cust_007513,RETURNING,139,7,7,0,0
cust_007514,NEW,41,1,1,0,0
cust_007515,LOYAL,588,29,28,1,1
cust_007516,LOYAL,1243,25,21,4,4
cust_007517,LOYAL,1614,20,20,0,0
cust_007518,LOYAL,855,23,22,1,1
cust_007519,RETURNING,447,7,7,0,0
cust_007520,RETURNING,168,8,6,2,2
cust_007521,NEW,36,0,0,0,0
cust_007522,RETURNING,71,9,8,1,1
cust_007523,HIGH_VALUE,1704,40,39,1,1
cust_007524,LOYAL,1639,18,14,4,0
cust_007525,RETURNING,256,5,5,0,0
cust_007526,NEW,8,1,1,0,0
cust_007527,HIGH_VALUE,1230,39,39,0,0
cust_007528,NEW,30,2,1,1,0
cust_007529,RETURNING,487,7,6,1,0
cust_007530,RETURNING,205,10,8,2,1
cust_007531,NEW,14,2,2,0,0
cust_007532,RETURNING,349,9,8,1,1
cust_007533,HIGH_VALUE,1247,43,40,3,2
cust_007534,RETURNING,319,13,10,3,2
cust_007535,RETURNING,46,6,6,0,0
cust_007536,LOYAL,191,24,24,0,0
cust_007537,RETURNING,330,9,8,1,0
cust_007538,LOYAL,1409,21,18,3,0
cust_007539,LOYAL,1772,22,18,4,1
cust_007540,RETURNING,118,8,8,0,0
cust_007541,RETURNING,434,7,5,2,0
cust_007542,LOYAL,541,24,23,1,1
cust_007543,LOYAL,1211,24,20,4,0
cust_007544,LOYAL,1260,27,25,2,1
cust_007545,NEW,0,0,0,0,0
cust_007546,LOYAL,905,19,18,1,1
cust_007547,LOYAL,1266,23,22,1,0
cust_007548,RETURNING,190,2,2,0,0
cust_007549,LOYAL,1158,28,25,3,2
cust_007550,RETURNING,330,5,5,0,0
cust_007551,RETURNING,202,4,4,0,0
cust_007552,LOYAL,275,20,19,1,1
cust_007553,RETURNING,289,5,4,1,1
cust_007554,RETURNING,209,7,7,0,0
cust_007555,RETURNING,111,7,6,1,0
cust_007556,LOYAL,788,31,27,4,2
cust_007557,RETURNING,347,5,4,1,0
cust_007558,LOYAL,245,31,18,13,7
cust_007559,LOYAL,1054,27,23,4,1
cust_007560,RETURNING,274,5,3,2,0
cust_007561,HIGH_VALUE,797,39,38,1,1
cust_007562,LOYAL,1490,27,25,2,0
cust_007563,RETURNING,492,3,3,0,0
cust_007564,HIGH_VALUE,2855,47,44,3,0
cust_007565,RETURNING,78,9,9,0,0
cust_007566,NEW,36,0,0,0,0
cust_007567,RETURNING,356,7,5,2,1
cust_007568,RETURNING,142,9,7,2,0
cust_007569,NEW,54,0,0,0,0
cust_007570,RETURNING,47,3,3,0,0
cust_007571,RETURNING,291,13,13,0,0
cust_007572,RETURNING,491,6,6,0,0
cust_007573,NEW,16,0,0,0,0
cust_007574,LOYAL,686,31,28,3,0
cust_007575,RETURNING,54,8,8,0,0
cust_007576,NEW,26,0,0,0,0
cust_007577,RETURNING,350,6,4,2,1
cust_007578,RETURNING,219,6,6,0,0
cust_007579,RETURNING,42,7,7,0,0
cust_007580,RETURNING,136,3,2,1,0
cust_007581,NEW,45,2,2,0,0
cust_007582,LOYAL,529,23,23,0,0
cust_007583,RETURNING,411,4,3,1,0
cust_007584,NEW,12,1,1,0,0
cust_007585,LOYAL,931,27,27,0,0
cust_007586,LOYAL,1612,25,21,4,3
cust_007587,RETURNING,203,3,2,1,0
cust_007588,RETURNING,127,9,8,1,0
cust_007589,RETURNING,483,6,6,0,0
cust_007590,RETURNING,194,7,5,2,1
cust_007591,NEW,18,0,0,0,0
cust_007592,RETURNING,468,4,2,2,1
cust_007593,HIGH_VALUE,2582,43,39,4,3
cust_007594,LOYAL,1400,26,25,1,0
cust_007595,RETURNING,105,7,6,1,0
cust_007596,RETURNING,168,8,7,1,1
cust_007597,LOYAL,638,26,24,2,0
cust_007598,RETURNING,257,4,4,0,0
cust_007599,NEW,35,1,1,0,0
cust_007600,NEW,56,2,1,1,0
cust_007601,LOYAL,773,26,24,2,2
cust_007602,RETURNING,345,9,8,1,0
cust_007603,NEW,49,0,0,0,0
cust_007604,NEW,51,1,1,0,0
cust_007605,RETURNING,333,8,6,2,1
cust_007606,RETURNING,341,7,6,1,0
cust_007607,LOYAL,839,33,28,5,3
cust_007608,NEW,56,0,0,0,0
cust_007609,LOYAL,1312,17,14,3,0
cust_007610,HIGH_VALUE,658,46,43,3,3
cust_007611,RETURNING,116,8,7,1,1
cust_007612,RETURNING,115,14,12,2,1
cust_007613,LOYAL,1481,24,24,0,0
cust_007614,RETURNING,252,3,2,1,1
cust_007615,NEW,53,0,0,0,0
cust_007616,RETURNING,373,8,8,0,0
cust_007617,LOYAL,537,27,26,1,0
cust_007618,RETURNING,261,6,3,3,0
cust_007619,LOYAL,1670,20,20,0,0
cust_007620,RETURNING,177,7,6,1,0
cust_007621,RETURNING,118,5,5,0,0
cust_007622,NEW,60,1,0,1,1
cust_007623,RETURNING,92,6,5,1,0
cust_007624,NEW,41,0,0,0,0
cust_007625,RETURNING,174,7,3,4,3
cust_007626,RETURNING,483,11,11,0,0
cust_007627,RETURNING,401,8,6,2,1
cust_007628,RETURNING,195,7,5,2,1
cust_007629,NEW,20,1,0,1,1
cust_007630,RETURNING,367,9,8,1,1
cust_007631,HIGH_VALUE,423,44,31,13,5
cust_007632,NEW,43,2,2,0,0
cust_007633,RETURNING,63,3,3,0,0
cust_007634,RETURNING,66,2,2,0,0
cust_007635,RETURNING,329,9,7,2,1
cust_007636,LOYAL,957,23,20,3,1
cust_007637,RETURNING,420,4,4,0,0
cust_007638,RETURNING,43,5,5,0,0
cust_007639,RETURNING,117,3,3,0,0
cust_007640,RETURNING,402,3,3,0,0
cust_007641,HIGH_VALUE,1269,36,36,0,0
cust_007642,HIGH_VALUE,934,35,33,2,0
cust_007643,NEW,30,1,1,0,0
cust_007644,RETURNING,53,6,5,1,0
cust_007645,RETURNING,443,13,11,2,1
cust_007646,RETURNING,265,7,5,2,0
cust_007647,RETURNING,264,7,5,2,1
cust_007648,RETURNING,482,10,9,1,0
cust_007649,RETURNING,146,7,5,2,1
cust_007650,RETURNING,164,9,9,0,0
cust_007651,RETURNING,353,4,4,0,0
cust_007652,HIGH_VALUE,2005,30,21,9,7
cust_007653,LOYAL,698,25,25,0,0
cust_007654,NEW,24,1,1,0,0
cust_007655,RETURNING,56,8,8,0,0
cust_007656,RETURNING,33,9,7,2,1
cust_007657,LOYAL,1555,24,23,1,0
cust_007658,RETURNING,279,4,3,1,0
cust_007659,LOYAL,1768,21,19,2,2
cust_007660,NEW,18,0,0,0,0
cust_007661,RETURNING,348,7,6,1,1
cust_007662,HIGH_VALUE,2533,43,40,3,1
cust_007663,RETURNING,139,9,8,1,1
cust_007664,NEW,18,0,0,0,0
cust_007665,LOYAL,328,27,21,6,1
cust_007666,LOYAL,559,22,18,4,1
cust_007667,LOYAL,1611,25,25,0,0
cust_007668,LOYAL,524,29,25,4,4
cust_007669,LOYAL,330,33,29,4,4
cust_007670,NEW,10,2,2,0,0
cust_007671,RETURNING,425,9,8,1,0
cust_007672,LOYAL,859,25,22,3,1
cust_007673,LOYAL,668,26,19,7,5
cust_007674,RETURNING,345,5,4,1,1
cust_007675,NEW,47,0,0,0,0
cust_007676,LOYAL,1573,21,19,2,0
cust_007677,RETURNING,357,5,3,2,1
cust_007678,NEW,24,0,0,0,0
cust_007679,LOYAL,1315,30,24,6,5
cust_007680,RETURNING,195,5,5,0,0
cust_007681,RETURNING,319,9,5,4,0
cust_007682,NEW,33,0,0,0,0
cust_007683,NEW,10,1,0,1,0
cust_007684,LOYAL,196,17,16,1,0
cust_007685,RETURNING,477,10,8,2,1
cust_007686,NEW,38,1,0,1,0
cust_007687,RETURNING,349,8,8,0,0
cust_007688,NEW,48,0,0,0,0
cust_007689,NEW,48,0,0,0,0
cust_007690,RETURNING,211,9,9,0,0
cust_007691,RETURNING,481,10,7,3,1
cust_007692,RETURNING,82,8,7,1,0
cust_007693,RETURNING,344,8,7,1,1
cust_007694,RETURNING,421,6,4,2,2
cust_007695,RETURNING,117,6,5,1,0
cust_007696,NEW,1,1,1,0,0
cust_007697,NEW,47,1,1,0,0
cust_007698,NEW,49,1,1,0,0
cust_007699,RETURNING,113,4,3,1,0
cust_007700,LOYAL,596,19,19,0,0
cust_007701,NEW,39,0,0,0,0
cust_007702,LOYAL,1035,17,13,4,0
cust_007703,LOYAL,835,21,20,1,0
cust_007704,NEW,5,0,0,0,0
cust_007705,NEW,39,1,1,0,0
cust_007706,RETURNING,43,7,6,1,1
cust_007707,NEW,15,0,0,0,0
cust_007708,RETURNING,204,7,6,1,0
cust_007709,NEW,59,2,2,0,0
cust_007710,LOYAL,1180,29,23,6,4
cust_007711,RETURNING,181,10,9,1,0
cust_007712,LOYAL,1744,27,24,3,2
cust_007713,LOYAL,955,23,21,2,2
cust_007714,RETURNING,328,8,7,1,0
cust_007715,LOYAL,850,18,17,1,1
cust_007716,HIGH_VALUE,1405,38,36,2,0
cust_007717,RETURNING,185,7,6,1,1
cust_007718,NEW,39,2,1,1,0
cust_007719,RETURNING,133,7,6,1,0
cust_007720,RETURNING,476,4,4,0,0
cust_007721,RETURNING,411,6,6,0,0
cust_007722,RETURNING,289,5,5,0,0
cust_007723,RETURNING,114,7,6,1,1
cust_007724,LOYAL,1574,27,25,2,1
cust_007725,RETURNING,291,7,6,1,0
cust_007726,RETURNING,413,5,5,0,0
cust_007727,RETURNING,42,5,5,0,0
cust_007728,LOYAL,198,18,17,1,1
cust_007729,RETURNING,171,8,8,0,0
cust_007730,NEW,3,1,1,0,0
cust_007731,LOYAL,1418,22,19,3,0
cust_007732,NEW,40,2,1,1,1
cust_007733,LOYAL,583,26,21,5,3
cust_007734,RETURNING,104,4,4,0,0
cust_007735,RETURNING,240,8,7,1,0
cust_007736,LOYAL,1538,29,26,3,2
cust_007737,LOYAL,374,20,16,4,1
cust_007738,LOYAL,1223,22,19,3,3
cust_007739,RETURNING,48,6,5,1,1
cust_007740,LOYAL,771,24,15,9,3
cust_007741,RETURNING,481,5,4,1,0
cust_007742,LOYAL,1345,16,15,1,0
cust_007743,LOYAL,1695,26,23,3,2
cust_007744,NEW,37,0,0,0,0
cust_007745,RETURNING,60,4,3,1,1
cust_007746,RETURNING,141,7,5,2,0
cust_007747,NEW,28,0,0,0,0
cust_007748,RETURNING,66,3,2,1,1
cust_007749,RETURNING,364,7,5,2,0
cust_007750,RETURNING,276,9,7,2,1
cust_007751,NEW,36,0,0,0,0
cust_007752,RETURNING,124,10,8,2,0
cust_007753,LOYAL,330,35,32,3,2
cust_007754,RETURNING,60,12,12,0,0
cust_007755,RETURNING,369,3,2,1,0
cust_007756,LOYAL,1200,31,29,2,1
cust_007757,HIGH_VALUE,1457,31,29,2,2
cust_007758,RETURNING,184,10,8,2,0
cust_007759,NEW,49,0,0,0,0
cust_007760,NEW,9,1,1,0,0
cust_007761,HIGH_VALUE,2966,53,52,1,1
cust_007762,LOYAL,1055,31,31,0,0
cust_007763,LOYAL,328,20,16,4,3
cust_007764,LOYAL,247,22,18,4,1
cust_007765,NEW,40,0,0,0,0
cust_007766,RETURNING,327,11,8,3,2
cust_007767,LOYAL,1050,21,21,0,0
cust_007768,LOYAL,1315,26,23,3,0
cust_007769,RETURNING,266,7,5,2,0
cust_007770,RETURNING,188,6,5,1,0
cust_007771,NEW,23,2,2,0,0
cust_007772,HIGH_VALUE,1858,35,33,2,1
cust_007773,RETURNING,236,9,9,0,0
cust_007774,LOYAL,183,27,25,2,0
cust_007775,RETURNING,133,6,6,0,0
cust_007776,RETURNING,84,8,8,0,0
cust_007777,RETURNING,222,11,10,1,1
cust_007778,RETURNING,263,8,8,0,0
cust_007779,LOYAL,496,15,13,2,0
cust_007780,LOYAL,1617,29,26,3,2
cust_007781,LOYAL,216,18,17,1,0
cust_007782,RETURNING,135,11,9,2,1
cust_007783,LOYAL,1480,20,20,0,0
cust_007784,RETURNING,107,5,3,2,0
cust_007785,RETURNING,256,7,7,0,0
cust_007786,RETURNING,407,11,8,3,0
cust_007787,RETURNING,78,9,8,1,1
cust_007788,NEW,16,1,1,0,0
cust_007789,RETURNING,252,3,2,1,1
cust_007790,NEW,12,0,0,0,0
cust_007791,RETURNING,447,6,6,0,0
cust_007792,NEW,26,0,0,0,0
cust_007793,RETURNING,207,12,11,1,1
cust_007794,LOYAL,1337,23,19,4,4
cust_007795,RETURNING,323,2,2,0,0
cust_007796,NEW,27,0,0,0,0
cust_007797,LOYAL,929,23,20,3,1
cust_007798,LOYAL,231,20,18,2,0
cust_007799,LOYAL,325,24,18,6,2
cust_007800,LOYAL,301,15,13,2,1
cust_007801,HIGH_VALUE,473,36,31,5,2
cust_007802,RETURNING,198,8,6,2,2
cust_007803,HIGH_VALUE,1327,37,37,0,0
cust_007804,HIGH_VALUE,1524,40,36,4,2
cust_007805,RETURNING,166,7,7,0,0
cust_007806,LOYAL,386,22,19,3,2
cust_007807,LOYAL,1655,20,18,2,1
cust_007808,LOYAL,318,27,25,2,0
cust_007809,LOYAL,1552,36,35,1,0
cust_007810,RETURNING,61,7,6,1,0
cust_007811,RETURNING,424,5,4,1,1
cust_007812,RETURNING,456,5,5,0,0
cust_007813,LOYAL,1445,37,34,3,2
cust_007814,LOYAL,736,20,17,3,1
cust_007815,LOYAL,855,22,22,0,0
cust_007816,LOYAL,1513,28,27,1,0
cust_007817,HIGH_VALUE,580,34,32,2,1
cust_007818,NEW,6,0,0,0,0
cust_007819,HIGH_VALUE,637,44,40,4,1
cust_007820,NEW,10,0,0,0,0
cust_007821,RETURNING,143,4,3,1,0
cust_007822,NEW,42,1,1,0,0
cust_007823,RETURNING,80,7,6,1,1
cust_007824,RETURNING,400,8,7,1,0
cust_007825,NEW,23,2,2,0,0
cust_007826,RETURNING,332,8,6,2,1
cust_007827,LOYAL,1055,34,33,1,0
cust_007828,NEW,44,3,3,0,0
cust_007829,LOYAL,1788,23,21,2,1
cust_007830,NEW,60,0,0,0,0
cust_007831,NEW,35,0,0,0,0
cust_007832,NEW,58,0,0,0,0
cust_007833,RETURNING,220,8,6,2,1
cust_007834,LOYAL,1310,23,19,4,2
cust_007835,RETURNING,228,6,4,2,1
cust_007836,LOYAL,956,26,25,1,0
cust_007837,RETURNING,425,7,3,4,2
cust_007838,LOYAL,299,26,24,2,0
cust_007839,HIGH_VALUE,1438,41,41,0,0
cust_007840,RETURNING,54,9,5,4,1
cust_007841,NEW,49,0,0,0,0
cust_007842,NEW,6,0,0,0,0
cust_007843,RETURNING,419,3,3,0,0
cust_007844,RETURNING,356,1,1,0,0
cust_007845,RETURNING,283,6,6,0,0
cust_007846,LOYAL,1245,24,21,3,1
cust_007847,HIGH_VALUE,760,24,18,6,3
cust_007848,RETURNING,263,11,11,0,0
cust_007849,RETURNING,373,6,3,3,1
cust_007850,RETURNING,188,7,6,1,1
cust_007851,RETURNING,392,6,6,0,0
cust_007852,LOYAL,299,19,17,2,0
cust_007853,RETURNING,254,6,6,0,0
cust_007854,NEW,34,1,1,0,0
cust_007855,RETURNING,454,8,8,0,0
cust_007856,NEW,51,1,1,0,0
cust_007857,RETURNING,147,11,10,1,1
cust_007858,RETURNING,51,11,11,0,0
cust_007859,RETURNING,431,4,3,1,1
cust_007860,RETURNING,30,9,7,2,1
cust_007861,LOYAL,212,31,29,2,1
cust_007862,NEW,35,3,2,1,0
cust_007863,LOYAL,424,24,23,1,1
cust_007864,NEW,13,0,0,0,0
cust_007865,RETURNING,231,4,2,2,1
cust_007866,LOYAL,816,22,19,3,2
cust_007867,LOYAL,532,29,19,10,3
cust_007868,NEW,57,3,1,2,1
cust_007869,RETURNING,269,5,4,1,1
cust_007870,LOYAL,457,19,19,0,0
cust_007871,HIGH_VALUE,811,39,36,3,2
cust_007872,RETURNING,222,3,2,1,0
cust_007873,NEW,19,0,0,0,0
cust_007874,RETURNING,301,5,5,0,0
cust_007875,NEW,2,0,0,0,0
cust_007876,NEW,13,0,0,0,0
cust_007877,RETURNING,45,12,9,3,0
cust_007878,LOYAL,1450,23,22,1,1
cust_007879,NEW,18,0,0,0,0
cust_007880,LOYAL,1288,24,24,0,0
cust_007881,LOYAL,1326,24,22,2,2
cust_007882,LOYAL,869,25,23,2,1
cust_007883,RETURNING,250,8,7,1,0
cust_007884,RETURNING,427,4,2,2,2
cust_007885,NEW,31,0,0,0,0
cust_007886,RETURNING,444,3,3,0,0
cust_007887,RETURNING,87,4,2,2,1
cust_007888,RETURNING,291,7,6,1,0
cust_007889,NEW,49,1,1,0,0
cust_007890,RETURNING,310,3,2,1,0
cust_007891,LOYAL,844,17,13,4,3
cust_007892,LOYAL,1574,16,14,2,2
cust_007893,RETURNING,46,7,3,4,1
cust_007894,HIGH_VALUE,840,34,30,4,1
cust_007895,RETURNING,328,8,8,0,0
cust_007896,RETURNING,199,7,7,0,0
cust_007897,LOYAL,1267,21,17,4,2
cust_007898,RETURNING,459,11,9,2,0
cust_007899,RETURNING,72,5,4,1,0
cust_007900,RETURNING,276,6,5,1,0
cust_007901,RETURNING,176,5,5,0,0
cust_007902,RETURNING,54,8,7,1,1
cust_007903,RETURNING,206,5,3,2,0
cust_007904,RETURNING,221,9,9,0,0
cust_007905,RETURNING,244,2,2,0,0
cust_007906,RETURNING,105,7,7,0,0
cust_007907,RETURNING,372,11,8,3,1
cust_007908,LOYAL,1315,38,31,7,5
cust_007909,LOYAL,1093,34,34,0,0
cust_007910,RETURNING,286,6,5,1,0
cust_007911,LOYAL,828,20,17,3,2
cust_007912,NEW,23,0,0,0,0
cust_007913,RETURNING,171,6,5,1,0
cust_007914,RETURNING,261,6,6,0,0
cust_007915,RETURNING,279,5,4,1,0
cust_007916,LOYAL,1622,29,24,5,3
cust_007917,HIGH_VALUE,1943,32,32,0,0
cust_007918,RETURNING,239,4,4,0,0
cust_007919,RETURNING,167,5,5,0,0
cust_007920,RETURNING,43,6,3,3,2
cust_007921,RETURNING,173,2,2,0,0
cust_007922,NEW,59,1,1,0,0
cust_007923,HIGH_VALUE,467,33,28,5,2
cust_007924,LOYAL,1223,24,22,2,0
cust_007925,HIGH_VALUE,1381,47,44,3,1
cust_007926,RETURNING,89,12,12,0,0
cust_007927,NEW,0,0,0,0,0
cust_007928,RETURNING,461,4,3,1,0
cust_007929,HIGH_VALUE,682,29,24,5,2
cust_007930,NEW,9,1,1,0,0
cust_007931,NEW,60,1,1,0,0
cust_007932,NEW,2,2,1,1,1
cust_007933,LOYAL,469,30,29,1,0
cust_007934,LOYAL,218,25,20,5,2
cust_007935,LOYAL,813,25,22,3,2
cust_007936,NEW,55,0,0,0,0
cust_007937,LOYAL,1215,20,20,0,0
cust_007938,RETURNING,40,6,5,1,0
cust_007939,NEW,51,1,1,0,0
cust_007940,RETURNING,461,9,8,1,0
cust_007941,RETURNING,330,6,6,0,0
cust_007942,RETURNING,348,5,3,2,0
cust_007943,HIGH_VALUE,654,29,29,0,0
cust_007944,RETURNING,397,3,3,0,0
cust_007945,RETURNING,468,6,3,3,1
cust_007946,LOYAL,1020,25,23,2,0
cust_007947,RETURNING,132,4,3,1,0
cust_007948,NEW,35,0,0,0,0
cust_007949,RETURNING,32,8,7,1,0
cust_007950,RETURNING,451,5,4,1,1
cust_007951,RETURNING,34,9,5,4,1
cust_007952,LOYAL,1295,30,28,2,1
cust_007953,RETURNING,49,5,5,0,0
cust_007954,RETURNING,119,6,5,1,1
cust_007955,NEW,36,0,0,0,0
cust_007956,RETURNING,216,7,6,1,0
cust_007957,RETURNING,67,7,5,2,1
cust_007958,LOYAL,1520,33,27,6,4
cust_007959,RETURNING,499,7,6,1,0
cust_007960,LOYAL,956,27,24,3,1
cust_007961,RETURNING,373,10,6,4,0
cust_007962,LOYAL,663,28,27,1,1
cust_007963,NEW,42,0,0,0,0
cust_007964,RETURNING,405,6,6,0,0
cust_007965,NEW,1,1,0,1,0
cust_007966,NEW,41,0,0,0,0
cust_007967,LOYAL,1691,22,18,4,2
cust_007968,LOYAL,377,29,29,0,0
cust_007969,RETURNING,93,9,7,2,1
cust_007970,RETURNING,215,9,8,1,1
cust_007971,RETURNING,333,9,7,2,1
cust_007972,RETURNING,32,13,11,2,2
cust_007973,LOYAL,683,24,21,3,1
cust_007974,RETURNING,428,7,6,1,0
cust_007975,LOYAL,1130,28,25,3,0
cust_007976,RETURNING,240,11,9,2,1
cust_007977,HIGH_VALUE,906,38,36,2,1
cust_007978,NEW,34,0,0,0,0
cust_007979,RETURNING,474,3,3,0,0
cust_007980,LOYAL,1348,16,13,3,2
cust_007981,RETURNING,288,11,11,0,0
cust_007982,NEW,7,0,0,0,0
cust_007983,RETURNING,164,8,8,0,0
cust_007984,RETURNING,153,10,10,0,0
cust_007985,HIGH_VALUE,2518,38,37,1,1
cust_007986,LOYAL,406,24,24,0,0
cust_007987,RETURNING,300,5,5,0,0
cust_007988,HIGH_VALUE,1454,31,30,1,0
cust_007989,RETURNING,48,2,2,0,0
cust_007990,LOYAL,1614,25,23,2,1
cust_007991,RETURNING,314,6,6,0,0
cust_007992,RETURNING,409,5,2,3,1
cust_007993,NEW,45,0,0,0,0
cust_007994,NEW,28,1,1,0,0
cust_007995,LOYAL,873,16,14,2,1
cust_007996,NEW,38,1,1,0,0
cust_007997,RETURNING,203,4,4,0,0
cust_007998,LOYAL,1010,20,20,0,0
cust_007999,NEW,19,2,0,2,2
cust_008000,RETURNING,134,7,7,0,0
cust_008001,LOYAL,733,28,28,0,0
cust_008002,LOYAL,358,24,20,4,2
cust_008003,RETURNING,427,4,4,0,0
cust_008004,HIGH_VALUE,632,36,32,4,0
cust_008005,LOYAL,205,27,26,1,0
cust_008006,RETURNING,370,8,8,0,0
cust_008007,RETURNING,446,6,5,1,0
cust_008008,LOYAL,1115,20,18,2,0
cust_008009,LOYAL,1717,42,37,5,1
cust_008010,RETURNING,260,5,4,1,0
cust_008011,HIGH_VALUE,1964,34,34,0,0
cust_008012,LOYAL,1243,22,15,7,2
cust_008013,RETURNING,346,6,6,0,0
cust_008014,LOYAL,1663,29,25,4,1
cust_008015,RETURNING,44,7,7,0,0
cust_008016,LOYAL,436,17,16,1,0
cust_008017,LOYAL,1280,23,23,0,0
cust_008018,NEW,21,0,0,0,0
cust_008019,NEW,17,1,0,1,0
cust_008020,RETURNING,397,6,6,0,0
cust_008021,LOYAL,480,25,24,1,1
cust_008022,RETURNING,253,4,4,0,0
cust_008023,LOYAL,684,20,18,2,1
cust_008024,RETURNING,362,3,2,1,0
cust_008025,RETURNING,420,7,6,1,0
cust_008026,LOYAL,1137,19,18,1,0
cust_008027,RETURNING,404,8,8,0,0
cust_008028,RETURNING,242,5,4,1,0
cust_008029,NEW,43,1,1,0,0
cust_008030,NEW,0,1,1,0,0
cust_008031,NEW,0,1,0,1,0
cust_008032,RETURNING,126,9,8,1,0
cust_008033,RETURNING,463,11,9,2,1
cust_008034,RETURNING,381,8,6,2,1
cust_008035,NEW,8,1,0,1,0
cust_008036,RETURNING,332,10,9,1,0
cust_008037,RETURNING,195,10,9,1,0
cust_008038,HIGH_VALUE,617,42,42,0,0
cust_008039,RETURNING,114,13,13,0,0
cust_008040,NEW,45,1,0,1,0
cust_008041,RETURNING,80,13,9,4,1
cust_008042,LOYAL,836,18,16,2,2
cust_008043,LOYAL,642,26,26,0,0
cust_008044,LOYAL,1433,21,15,6,4
cust_008045,LOYAL,286,28,26,2,2
cust_008046,RETURNING,106,11,7,4,3
cust_008047,HIGH_VALUE,1526,34,34,0,0
cust_008048,NEW,21,0,0,0,0
cust_008049,LOYAL,1638,26,26,0,0
cust_008050,LOYAL,897,25,19,6,4
cust_008051,LOYAL,1771,20,19,1,0
cust_008052,RETURNING,484,10,8,2,1
cust_008053,LOYAL,1359,25,25,0,0
cust_008054,RETURNING,330,7,5,2,0
cust_008055,RETURNING,313,4,4,0,0
cust_008056,RETURNING,61,7,5,2,1
cust_008057,RETURNING,100,3,3,0,0
cust_008058,LOYAL,840,29,29,0,0
cust_008059,RETURNING,356,6,6,0,0
cust_008060,RETURNING,134,5,5,0,0
cust_008061,RETURNING,234,9,7,2,2
cust_008062,LOYAL,1314,21,21,0,0
cust_008063,LOYAL,1235,16,14,2,1
cust_008064,LOYAL,1178,30,26,4,2
cust_008065,NEW,35,1,1,0,0
cust_008066,LOYAL,812,29,26,3,2
cust_008067,LOYAL,407,23,21,2,1
cust_008068,NEW,42,0,0,0,0
cust_008069,RETURNING,108,7,5,2,1
cust_008070,RETURNING,456,4,4,0,0
cust_008071,RETURNING,171,10,9,1,0
cust_008072,NEW,5,0,0,0,0
cust_008073,RETURNING,288,7,7,0,0
cust_008074,NEW,52,0,0,0,0
cust_008075,NEW,6,0,0,0,0
cust_008076,RETURNING,409,7,6,1,0
cust_008077,LOYAL,392,24,18,6,4
cust_008078,RETURNING,206,7,6,1,1
cust_008079,RETURNING,406,4,3,1,0
cust_008080,LOYAL,557,12,12,0,0
cust_008081,RETURNING,481,10,6,4,1
cust_008082,NEW,17,1,0,1,0
cust_008083,RETURNING,251,9,7,2,1
cust_008084,RETURNING,393,5,5,0,0
cust_008085,RETURNING,363,4,3,1,1
cust_008086,RETURNING,435,8,7,1,1
cust_008087,RETURNING,247,12,6,6,1
cust_008088,RETURNING,221,9,9,0,0
cust_008089,HIGH_VALUE,2971,25,24,1,0
cust_008090,RETURNING,305,8,6,2,1
cust_008091,RETURNING,319,7,6,1,0
cust_008092,RETURNING,242,6,5,1,0
cust_008093,LOYAL,1428,19,15,4,2
cust_008094,LOYAL,429,25,19,6,4
cust_008095,LOYAL,1785,27,26,1,0
cust_008096,RETURNING,90,4,3,1,1
cust_008097,RETURNING,340,8,8,0,0
cust_008098,LOYAL,399,23,21,2,2
cust_008099,RETURNING,181,8,7,1,1
cust_008100,HIGH_VALUE,2205,45,45,0,0
cust_008101,RETURNING,73,6,6,0,0
cust_008102,RETURNING,304,8,7,1,1
cust_008103,RETURNING,231,9,7,2,2
cust_008104,RETURNING,433,4,3,1,0
cust_008105,LOYAL,1512,25,22,3,2
cust_008106,NEW,34,0,0,0,0
cust_008107,RETURNING,128,8,6,2,1
cust_008108,RETURNING,123,11,9,2,0
cust_008109,LOYAL,748,25,19,6,2
cust_008110,RETURNING,321,6,5,1,0
cust_008111,HIGH_VALUE,1978,45,43,2,0
cust_008112,LOYAL,562,29,25,4,1
cust_008113,RETURNING,70,6,4,2,2
cust_008114,LOYAL,1486,28,25,3,1
cust_008115,HIGH_VALUE,2647,37,36,1,0
cust_008116,RETURNING,49,6,5,1,0
cust_008117,RETURNING,153,6,6,0,0
cust_008118,RETURNING,326,10,8,2,2
cust_008119,RETURNING,499,12,9,3,0
cust_008120,NEW,60,1,1,0,0
cust_008121,LOYAL,1491,23,20,3,0
cust_008122,RETURNING,473,7,7,0,0
cust_008123,RETURNING,237,5,5,0,0
cust_008124,NEW,1,2,1,1,0
cust_008125,LOYAL,1324,14,14,0,0
cust_008126,RETURNING,218,6,5,1,1
cust_008127,RETURNING,377,11,6,5,3
cust_008128,RETURNING,106,4,3,1,1
cust_008129,NEW,41,0,0,0,0
cust_008130,RETURNING,493,10,9,1,0
cust_008131,HIGH_VALUE,2022,48,47,1,0
cust_008132,RETURNING,430,7,7,0,0
cust_008133,LOYAL,1615,27,26,1,1
cust_008134,NEW,48,2,1,1,0
cust_008135,LOYAL,620,26,25,1,1
cust_008136,RETURNING,263,5,5,0,0
cust_008137,RETURNING,215,7,6,1,0
cust_008138,RETURNING,128,5,5,0,0
cust_008139,NEW,0,0,0,0,0
cust_008140,RETURNING,299,6,5,1,1
cust_008141,RETURNING,267,4,3,1,0
cust_008142,RETURNING,205,4,2,2,1
cust_008143,HIGH_VALUE,2104,29,27,2,2
cust_008144,RETURNING,193,6,3,3,2
cust_008145,LOYAL,442,22,20,2,2
cust_008146,RETURNING,68,7,5,2,0
cust_008147,NEW,20,1,1,0,0
cust_008148,RETURNING,64,5,3,2,1
cust_008149,RETURNING,427,12,9,3,1
cust_008150,RETURNING,208,6,5,1,0
cust_008151,LOYAL,418,26,22,4,1
cust_008152,LOYAL,1295,36,35,1,1
cust_008153,RETURNING,378,6,6,0,0
cust_008154,RETURNING,370,5,4,1,1
cust_008155,RETURNING,288,5,3,2,0
cust_008156,RETURNING,388,9,8,1,0
cust_008157,NEW,34,0,0,0,0
cust_008158,NEW,41,1,1,0,0
cust_008159,RETURNING,286,7,5,2,0
cust_008160,NEW,5,2,1,1,0
cust_008161,LOYAL,562,22,20,2,2
cust_008162,NEW,56,1,1,0,0
cust_008163,NEW,7,0,0,0,0
cust_008164,LOYAL,460,26,25,1,0
cust_008165,HIGH_VALUE,1582,37,36,1,0
cust_008166,RETURNING,215,9,9,0,0
cust_008167,RETURNING,264,3,3,0,0
cust_008168,LOYAL,1405,20,17,3,1
cust_008169,NEW,6,3,3,0,0
cust_008170,RETURNING,432,3,3,0,0
cust_008171,NEW,48,0,0,0,0
cust_008172,RETURNING,425,15,10,5,4
cust_008173,HIGH_VALUE,946,33,32,1,1
cust_008174,LOYAL,812,29,22,7,4
cust_008175,HIGH_VALUE,627,35,35,0,0
cust_008176,LOYAL,1747,25,22,3,3
cust_008177,RETURNING,475,7,6,1,1
cust_008178,LOYAL,679,27,23,4,2
cust_008179,RETURNING,497,11,11,0,0
cust_008180,RETURNING,102,6,4,2,1
cust_008181,RETURNING,163,5,5,0,0
cust_008182,RETURNING,335,10,4,6,1
cust_008183,RETURNING,262,3,3,0,0
cust_008184,RETURNING,388,2,2,0,0
cust_008185,NEW,47,1,1,0,0
cust_008186,RETURNING,394,6,5,1,0
cust_008187,RETURNING,171,12,12,0,0
cust_008188,RETURNING,100,4,3,1,0
cust_008189,RETURNING,297,4,1,3,0
cust_008190,NEW,30,1,0,1,1
cust_008191,HIGH_VALUE,977,47,46,1,0
cust_008192,RETURNING,41,4,2,2,1
cust_008193,RETURNING,223,6,6,0,0
cust_008194,NEW,0,0,0,0,0
cust_008195,LOYAL,1440,23,20,3,2
cust_008196,RETURNING,68,5,3,2,1
cust_008197,RETURNING,468,7,3,4,2
cust_008198,RETURNING,56,8,7,1,1
cust_008199,LOYAL,1083,28,26,2,1
cust_008200,HIGH_VALUE,1882,39,31,8,3
cust_008201,RETURNING,82,8,8,0,0
cust_008202,NEW,44,2,1,1,1
cust_008203,NEW,38,0,0,0,0
cust_008204,NEW,3,2,0,2,1
cust_008205,LOYAL,1107,20,15,5,3
cust_008206,HIGH_VALUE,1923,37,37,0,0
cust_008207,HIGH_VALUE,551,40,39,1,0
cust_008208,LOYAL,1606,26,23,3,1
cust_008209,NEW,31,0,0,0,0
cust_008210,HIGH_VALUE,2990,37,36,1,0
cust_008211,RETURNING,283,6,5,1,0
cust_008212,RETURNING,442,11,10,1,1
cust_008213,LOYAL,1172,33,33,0,0
cust_008214,NEW,2,0,0,0,0
cust_008215,LOYAL,1204,24,24,0,0
cust_008216,HIGH_VALUE,2440,36,36,0,0
cust_008217,LOYAL,1497,22,17,5,2
cust_008218,LOYAL,1638,23,21,2,0
cust_008219,RETURNING,50,8,8,0,0
cust_008220,NEW,21,3,2,1,0
cust_008221,LOYAL,1571,22,22,0,0
cust_008222,RETURNING,197,6,5,1,1
cust_008223,LOYAL,1032,22,16,6,3
cust_008224,NEW,35,0,0,0,0
cust_008225,RETURNING,110,4,2,2,0
cust_008226,RETURNING,372,9,6,3,1
cust_008227,LOYAL,1001,26,23,3,2
cust_008228,LOYAL,818,32,32,0,0
cust_008229,HIGH_VALUE,742,40,39,1,0
cust_008230,RETURNING,143,6,6,0,0
cust_008231,RETURNING,318,10,7,3,2
cust_008232,NEW,20,0,0,0,0
cust_008233,RETURNING,476,7,6,1,1
cust_008234,RETURNING,225,10,9,1,0
cust_008235,RETURNING,382,8,5,3,2
cust_008236,RETURNING,156,3,2,1,0
cust_008237,RETURNING,422,12,8,4,0
cust_008238,RETURNING,166,7,6,1,0
cust_008239,LOYAL,857,31,30,1,0
cust_008240,RETURNING,407,6,4,2,1
cust_008241,RETURNING,466,13,10,3,1
cust_008242,LOYAL,1045,23,23,0,0
cust_008243,LOYAL,415,17,16,1,1
cust_008244,LOYAL,910,30,29,1,1
cust_008245,RETURNING,221,8,7,1,1
cust_008246,RETURNING,353,10,5,5,2
cust_008247,LOYAL,532,27,25,2,1
cust_008248,RETURNING,275,2,2,0,0
cust_008249,RETURNING,177,11,8,3,2
cust_008250,HIGH_VALUE,1225,41,34,7,4
cust_008251,NEW,16,1,0,1,1
cust_008252,LOYAL,744,22,18,4,4
cust_008253,LOYAL,473,22,19,3,2
cust_008254,NEW,11,1,1,0,0
cust_008255,LOYAL,699,26,22,4,1
cust_008256,RETURNING,96,5,5,0,0
cust_008257,LOYAL,344,29,29,0,0
cust_008258,LOYAL,899,20,18,2,2
cust_008259,LOYAL,1223,20,19,1,1
cust_008260,NEW,53,0,0,0,0
cust_008261,LOYAL,1437,23,18,5,2
cust_008262,LOYAL,1569,28,27,1,1
cust_008263,RETURNING,192,7,7,0,0
cust_008264,RETURNING,242,5,5,0,0
cust_008265,NEW,7,0,0,0,0
cust_008266,LOYAL,672,25,21,4,3
cust_008267,NEW,49,1,1,0,0
cust_008268,RETURNING,419,10,10,0,0
cust_008269,LOYAL,911,19,19,0,0
cust_008270,HIGH_VALUE,2471,37,37,0,0
cust_008271,HIGH_VALUE,2590,38,34,4,2
cust_008272,RETURNING,210,7,6,1,0
cust_008273,NEW,2,0,0,0,0
cust_008274,RETURNING,388,8,7,1,0
cust_008275,NEW,18,0,0,0,0
cust_008276,LOYAL,774,30,28,2,0
cust_008277,RETURNING,363,8,8,0,0
cust_008278,RETURNING,234,12,10,2,0
cust_008279,NEW,49,2,1,1,0
cust_008280,RETURNING,135,8,6,2,0
cust_008281,LOYAL,923,22,21,1,0
cust_008282,LOYAL,1359,25,20,5,2
cust_008283,NEW,36,3,3,0,0
cust_008284,NEW,38,0,0,0,0
cust_008285,RETURNING,53,2,2,0,0
cust_008286,NEW,22,1,1,0,0
cust_008287,HIGH_VALUE,1837,29,27,2,0
cust_008288,RETURNING,396,14,12,2,1
cust_008289,NEW,0,1,1,0,0
cust_008290,LOYAL,911,22,19,3,1
cust_008291,RETURNING,424,7,5,2,1
cust_008292,RETURNING,37,11,8,3,2
cust_008293,RETURNING,296,9,6,3,2
cust_008294,NEW,55,0,0,0,0
cust_008295,RETURNING,339,5,4,1,1
cust_008296,LOYAL,1645,20,16,4,1
cust_008297,LOYAL,1629,26,19,7,3
cust_008298,RETURNING,159,4,3,1,0
cust_008299,RETURNING,277,7,7,0,0
cust_008300,RETURNING,157,4,4,0,0
cust_008301,RETURNING,248,6,5,1,0
cust_008302,RETURNING,213,1,1,0,0
cust_008303,RETURNING,356,5,4,1,1
cust_008304,NEW,26,0,0,0,0
cust_008305,HIGH_VALUE,1102,44,42,2,2
cust_008306,LOYAL,1009,27,23,4,3
cust_008307,RETURNING,130,4,4,0,0
cust_008308,LOYAL,305,23,21,2,1
cust_008309,NEW,54,1,1,0,0
cust_008310,LOYAL,452,27,27,0,0
cust_008311,RETURNING,59,7,6,1,1
cust_008312,NEW,7,1,1,0,0
cust_008313,LOYAL,1601,29,28,1,0
cust_008314,RETURNING,353,7,7,0,0
cust_008315,RETURNING,363,5,4,1,1
cust_008316,RETURNING,30,7,6,1,1
cust_008317,NEW,35,2,0,2,1
cust_008318,NEW,9,2,2,0,0
cust_008319,RETURNING,111,8,7,1,0
cust_008320,RETURNING,189,12,9,3,2
cust_008321,NEW,30,3,0,3,1
cust_008322,RETURNING,301,5,5,0,0
cust_008323,RETURNING,189,7,6,1,1
cust_008324,RETURNING,388,7,5,2,1
cust_008325,LOYAL,499,24,23,1,0
cust_008326,RETURNING,270,2,2,0,0
cust_008327,RETURNING,32,4,2,2,0
cust_008328,RETURNING,334,7,6,1,0
cust_008329,RETURNING,114,10,7,3,2
cust_008330,NEW,21,1,1,0,0
cust_008331,NEW,32,1,0,1,0
cust_008332,LOYAL,499,31,26,5,3
cust_008333,RETURNING,207,10,9,1,0
cust_008334,RETURNING,194,4,4,0,0
cust_008335,RETURNING,195,9,5,4,1
cust_008336,RETURNING,466,10,10,0,0
cust_008337,LOYAL,660,25,23,2,0
cust_008338,LOYAL,1007,26,26,0,0
cust_008339,NEW,46,2,2,0,0
cust_008340,LOYAL,241,10,7,3,2
cust_008341,RETURNING,91,9,9,0,0
cust_008342,RETURNING,138,8,6,2,0
cust_008343,LOYAL,1256,18,17,1,0
cust_008344,LOYAL,235,18,16,2,1
cust_008345,RETURNING,246,5,4,1,1
cust_008346,HIGH_VALUE,567,47,42,5,3
cust_008347,RETURNING,386,4,4,0,0
cust_008348,RETURNING,358,4,3,1,0
cust_008349,NEW,10,0,0,0,0
cust_008350,RETURNING,164,8,8,0,0
cust_008351,RETURNING,169,6,3,3,1
cust_008352,RETURNING,92,7,6,1,0
cust_008353,RETURNING,343,7,5,2,0
cust_008354,LOYAL,190,23,22,1,1
cust_008355,RETURNING,288,7,6,1,0
cust_008356,LOYAL,639,24,24,0,0
cust_008357,LOYAL,1699,24,21,3,2
cust_008358,LOYAL,1183,28,26,2,1
cust_008359,LOYAL,539,9,8,1,1
cust_008360,LOYAL,640,17,14,3,0
cust_008361,NEW,12,1,1,0,0
cust_008362,LOYAL,257,21,20,1,0
cust_008363,HIGH_VALUE,1379,34,34,0,0
cust_008364,RETURNING,166,4,3,1,0
cust_008365,RETURNING,423,7,6,1,0
cust_008366,HIGH_VALUE,1185,24,23,1,1
cust_008367,NEW,37,1,0,1,0
cust_008368,RETURNING,182,7,7,0,0
cust_008369,NEW,16,1,0,1,0
cust_008370,RETURNING,64,8,7,1,1
cust_008371,RETURNING,397,9,7,2,1
cust_008372,RETURNING,177,12,8,4,1
cust_008373,LOYAL,1731,25,21,4,3
cust_008374,RETURNING,133,6,5,1,1
cust_008375,RETURNING,343,12,10,2,1
cust_008376,LOYAL,1129,19,19,0,0
cust_008377,LOYAL,301,29,24,5,2
cust_008378,RETURNING,140,7,7,0,0
cust_008379,NEW,2,0,0,0,0
cust_008380,RETURNING,246,6,6,0,0
cust_008381,LOYAL,673,30,30,0,0
cust_008382,RETURNING,346,9,6,3,2
cust_008383,RETURNING,63,4,4,0,0
cust_008384,LOYAL,1213,27,25,2,1
cust_008385,LOYAL,1027,23,20,3,1
cust_008386,RETURNING,280,6,5,1,1
cust_008387,LOYAL,1130,22,18,4,2
cust_008388,LOYAL,1466,31,29,2,1
cust_008389,LOYAL,334,24,22,2,0
cust_008390,LOYAL,424,20,18,2,1
cust_008391,LOYAL,446,19,15,4,2
cust_008392,RETURNING,257,8,7,1,0
cust_008393,RETURNING,60,6,3,3,2
cust_008394,LOYAL,731,29,27,2,2
cust_008395,RETURNING,107,9,7,2,1
cust_008396,RETURNING,476,3,3,0,0
cust_008397,NEW,49,2,2,0,0
cust_008398,LOYAL,1193,26,22,4,3
cust_008399,RETURNING,85,10,4,6,3
cust_008400,RETURNING,222,8,8,0,0
cust_008401,RETURNING,41,9,8,1,1
cust_008402,RETURNING,318,9,7,2,1
cust_008403,HIGH_VALUE,2177,35,32,3,2
cust_008404,LOYAL,685,26,25,1,0
cust_008405,RETURNING,40,7,6,1,0
cust_008406,RETURNING,172,7,6,1,1
cust_008407,LOYAL,1688,20,16,4,3
cust_008408,RETURNING,235,4,3,1,1
cust_008409,HIGH_VALUE,1563,26,24,2,1
cust_008410,NEW,30,0,0,0,0
cust_008411,NEW,41,0,0,0,0
cust_008412,RETURNING,171,4,3,1,0
cust_008413,RETURNING,141,7,5,2,1
cust_008414,RETURNING,448,2,1,1,0
cust_008415,LOYAL,1536,21,20,1,1
cust_008416,NEW,5,0,0,0,0
cust_008417,RETURNING,343,3,3,0,0
cust_008418,LOYAL,1635,17,17,0,0
cust_008419,LOYAL,553,15,13,2,1
cust_008420,RETURNING,87,6,5,1,1
cust_008421,RETURNING,455,12,8,4,2
cust_008422,RETURNING,480,6,6,0,0
cust_008423,RETURNING,168,9,9,0,0
cust_008424,LOYAL,187,20,19,1,1
cust_008425,RETURNING,231,3,3,0,0
cust_008426,RETURNING,393,5,5,0,0
cust_008427,LOYAL,378,16,15,1,0
cust_008428,RETURNING,48,3,3,0,0
cust_008429,NEW,48,3,3,0,0
cust_008430,RETURNING,140,3,2,1,1
cust_008431,HIGH_VALUE,905,41,35,6,1
cust_008432,LOYAL,728,31,25,6,2
cust_008433,RETURNING,451,7,5,2,0
cust_008434,LOYAL,764,28,28,0,0
cust_008435,RETURNING,450,8,5,3,0
cust_008436,RETURNING,462,7,5,2,1
cust_008437,RETURNING,372,7,6,1,0
cust_008438,RETURNING,112,7,5,2,2
cust_008439,RETURNING,63,4,3,1,1
cust_008440,HIGH_VALUE,1420,45,41,4,1
cust_008441,RETURNING,328,4,4,0,0
cust_008442,LOYAL,1224,24,23,1,1
cust_008443,LOYAL,830,24,22,2,2
cust_008444,RETURNING,478,8,5,3,0
cust_008445,NEW,40,1,0,1,1
cust_008446,RETURNING,213,10,9,1,0
cust_008447,NEW,45,0,0,0,0
cust_008448,RETURNING,394,6,5,1,0
cust_008449,HIGH_VALUE,2316,37,33,4,3
cust_008450,LOYAL,473,18,16,2,2
cust_008451,NEW,42,0,0,0,0
cust_008452,RETURNING,418,6,4,2,2
cust_008453,NEW,6,0,0,0,0
cust_008454,HIGH_VALUE,2555,44,43,1,0
cust_008455,RETURNING,407,7,7,0,0
cust_008456,RETURNING,452,3,1,2,0
cust_008457,RETURNING,261,11,9,2,0
cust_008458,RETURNING,330,4,3,1,1
cust_008459,RETURNING,122,8,6,2,0
cust_008460,LOYAL,324,19,16,3,2
cust_008461,NEW,12,1,0,1,1
cust_008462,NEW,36,0,0,0,0
cust_008463,NEW,25,3,3,0,0
cust_008464,RETURNING,375,6,5,1,1
cust_008465,HIGH_VALUE,2830,38,38,0,0
cust_008466,RETURNING,371,7,5,2,2
cust_008467,LOYAL,667,21,15,6,2
cust_008468,RETURNING,156,11,11,0,0
cust_008469,LOYAL,1625,26,25,1,1
cust_008470,HIGH_VALUE,1226,40,32,8,1
cust_008471,RETURNING,42,6,4,2,0
cust_008472,HIGH_VALUE,648,46,41,5,1
cust_008473,RETURNING,62,10,8,2,1
cust_008474,LOYAL,748,20,17,3,1
cust_008475,RETURNING,149,7,7,0,0
cust_008476,RETURNING,200,8,7,1,0
cust_008477,RETURNING,367,6,5,1,0
cust_008478,HIGH_VALUE,2314,49,45,4,3
cust_008479,LOYAL,352,26,24,2,1
cust_008480,RETURNING,178,1,0,1,0
cust_008481,HIGH_VALUE,2711,36,32,4,2
cust_008482,LOYAL,960,25,17,8,2
cust_008483,RETURNING,276,11,11,0,0
cust_008484,NEW,60,1,1,0,0
cust_008485,NEW,44,1,1,0,0
cust_008486,NEW,12,0,0,0,0
cust_008487,NEW,12,0,0,0,0
cust_008488,HIGH_VALUE,564,42,42,0,0
cust_008489,RETURNING,497,2,0,2,1
cust_008490,LOYAL,1248,18,16,2,2
cust_008491,RETURNING,132,6,4,2,1
cust_008492,RETURNING,201,6,4,2,1
cust_008493,RETURNING,191,6,6,0,0
cust_008494,RETURNING,440,12,6,6,0
cust_008495,RETURNING,254,7,5,2,1
cust_008496,RETURNING,441,7,6,1,0
cust_008497,RETURNING,354,6,6,0,0
cust_008498,LOYAL,256,26,26,0,0
cust_008499,NEW,37,1,1,0,0
cust_008500,RETURNING,411,7,6,1,1
cust_008501,RETURNING,265,9,6,3,0
cust_008502,RETURNING,350,7,7,0,0
cust_008503,LOYAL,794,25,19,6,2
cust_008504,NEW,7,0,0,0,0
cust_008505,HIGH_VALUE,1038,46,44,2,0
cust_008506,LOYAL,1230,24,24,0,0
cust_008507,RETURNING,429,7,7,0,0
cust_008508,RETURNING,129,5,3,2,2
cust_008509,NEW,49,0,0,0,0
cust_008510,LOYAL,1426,27,24,3,1
cust_008511,RETURNING,231,13,11,2,1
cust_008512,NEW,0,1,1,0,0
cust_008513,RETURNING,149,12,11,1,1
cust_008514,NEW,17,0,0,0,0
cust_008515,RETURNING,454,4,4,0,0
cust_008516,RETURNING,239,4,4,0,0
cust_008517,NEW,22,0,0,0,0
cust_008518,LOYAL,1618,21,17,4,1
cust_008519,RETURNING,465,7,4,3,1
cust_008520,RETURNING,36,8,6,2,0
cust_008521,RETURNING,371,6,6,0,0
cust_008522,HIGH_VALUE,2590,43,39,4,3
cust_008523,RETURNING,473,11,9,2,1
cust_008524,LOYAL,284,30,30,0,0
cust_008525,RETURNING,68,5,4,1,0
cust_008526,LOYAL,1652,27,27,0,0
cust_008527,RETURNING,427,3,3,0,0
cust_008528,LOYAL,582,18,17,1,1
cust_008529,NEW,28,1,0,1,0
cust_008530,HIGH_VALUE,1358,47,46,1,1
cust_008531,HIGH_VALUE,1135,34,29,5,1
cust_008532,RETURNING,436,4,4,0,0
cust_008533,RETURNING,89,9,7,2,2
cust_008534,RETURNING,380,9,7,2,1
cust_008535,RETURNING,114,9,7,2,0
cust_008536,LOYAL,890,29,25,4,3
cust_008537,LOYAL,204,27,23,4,0
cust_008538,RETURNING,141,12,11,1,0
cust_008539,NEW,10,0,0,0,0
cust_008540,LOYAL,420,34,29,5,2
cust_008541,NEW,25,0,0,0,0
cust_008542,RETURNING,225,6,4,2,1
cust_008543,NEW,4,1,1,0,0
cust_008544,NEW,59,1,0,1,0
cust_008545,NEW,53,1,1,0,0
cust_008546,RETURNING,384,5,3,2,1
cust_008547,RETURNING,163,7,5,2,0
cust_008548,RETURNING,111,6,4,2,1
cust_008549,LOYAL,693,19,14,5,2
cust_008550,LOYAL,1340,21,21,0,0
cust_008551,NEW,58,0,0,0,0
cust_008552,NEW,34,1,0,1,0
cust_008553,RETURNING,54,8,6,2,0
cust_008554,RETURNING,104,15,15,0,0
cust_008555,RETURNING,328,12,10,2,0
cust_008556,RETURNING,143,12,12,0,0
cust_008557,LOYAL,960,12,10,2,1
cust_008558,NEW,32,3,2,1,1
cust_008559,RETURNING,407,6,4,2,1
cust_008560,NEW,38,0,0,0,0
cust_008561,RETURNING,237,6,4,2,1
cust_008562,RETURNING,348,11,7,4,1
cust_008563,LOYAL,1257,22,18,4,2
cust_008564,NEW,60,2,1,1,1
cust_008565,RETURNING,219,11,9,2,2
cust_008566,NEW,12,2,2,0,0
cust_008567,LOYAL,457,21,19,2,2
cust_008568,NEW,0,1,1,0,0
cust_008569,NEW,12,2,2,0,0
cust_008570,LOYAL,231,14,10,4,1
cust_008571,NEW,1,1,1,0,0
cust_008572,RETURNING,214,3,3,0,0
cust_008573,LOYAL,1203,20,19,1,1
cust_008574,LOYAL,646,20,15,5,3
cust_008575,LOYAL,1308,24,22,2,1
cust_008576,RETURNING,251,7,5,2,0
cust_008577,RETURNING,169,10,7,3,2
cust_008578,LOYAL,1515,20,17,3,2
cust_008579,NEW,7,1,0,1,1
cust_008580,LOYAL,220,14,9,5,2
cust_008581,NEW,50,0,0,0,0
cust_008582,LOYAL,215,24,17,7,2
cust_008583,RETURNING,115,3,2,1,1
cust_008584,RETURNING,149,9,9,0,0
cust_008585,RETURNING,286,9,7,2,2
cust_008586,RETURNING,79,3,3,0,0
cust_008587,RETURNING,274,7,7,0,0
cust_008588,LOYAL,202,18,16,2,0
cust_008589,RETURNING,436,14,11,3,2
cust_008590,RETURNING,394,5,2,3,1
cust_008591,RETURNING,52,7,4,3,0
cust_008592,LOYAL,1205,30,28,2,1
cust_008593,RETURNING,128,5,4,1,1
cust_008594,RETURNING,304,7,6,1,1
cust_008595,HIGH_VALUE,477,45,40,5,4
cust_008596,RETURNING,485,7,7,0,0
cust_008597,RETURNING,113,7,7,0,0
cust_008598,HIGH_VALUE,2442,27,23,4,3
cust_008599,RETURNING,484,8,8,0,0
cust_008600,HIGH_VALUE,1421,44,44,0,0
cust_008601,LOYAL,874,23,20,3,2
cust_008602,RETURNING,368,8,5,3,1
cust_008603,RETURNING,80,10,10,0,0
cust_008604,NEW,11,0,0,0,0
cust_008605,RETURNING,480,7,6,1,1
cust_008606,NEW,55,0,0,0,0
cust_008607,NEW,0,3,2,1,1
cust_008608,RETURNING,432,9,9,0,0
cust_008609,LOYAL,571,32,27,5,1
cust_008610,NEW,54,1,1,0,0
cust_008611,LOYAL,1569,26,21,5,4
cust_008612,HIGH_VALUE,2183,39,38,1,0
cust_008613,LOYAL,615,20,17,3,2
cust_008614,LOYAL,954,32,27,5,3
cust_008615,LOYAL,1295,18,17,1,1
cust_008616,RETURNING,89,3,3,0,0
cust_008617,RETURNING,95,6,6,0,0
cust_008618,HIGH_VALUE,1014,47,46,1,0
cust_008619,LOYAL,203,32,31,1,1
cust_008620,LOYAL,1566,21,20,1,1
cust_008621,HIGH_VALUE,2893,41,40,1,0
cust_008622,RETURNING,149,5,3,2,1
cust_008623,RETURNING,49,7,7,0,0
cust_008624,RETURNING,48,10,9,1,1
cust_008625,NEW,43,0,0,0,0
cust_008626,RETURNING,305,5,4,1,0
cust_008627,LOYAL,922,26,23,3,2
cust_008628,RETURNING,218,6,6,0,0
cust_008629,RETURNING,385,8,6,2,1
cust_008630,LOYAL,883,28,24,4,0
cust_008631,NEW,11,2,2,0,0
cust_008632,LOYAL,1533,36,27,9,3
cust_008633,NEW,60,1,0,1,0
cust_008634,LOYAL,1545,27,25,2,1
cust_008635,RETURNING,132,7,6,1,1
cust_008636,RETURNING,102,8,7,1,1
cust_008637,RETURNING,420,8,6,2,1
cust_008638,RETURNING,442,3,2,1,1
cust_008639,RETURNING,293,5,4,1,1
cust_008640,LOYAL,774,30,26,4,1
cust_008641,LOYAL,1354,22,18,4,1
cust_008642,NEW,19,2,2,0,0
cust_008643,LOYAL,895,29,29,0,0
cust_008644,LOYAL,985,28,27,1,1
cust_008645,LOYAL,477,31,31,0,0
cust_008646,RETURNING,278,6,4,2,0
cust_008647,NEW,34,1,1,0,0
cust_008648,HIGH_VALUE,1783,42,36,6,3
cust_008649,RETURNING,159,6,4,2,1
cust_008650,RETURNING,199,7,4,3,0
cust_008651,LOYAL,1483,28,27,1,0
cust_008652,RETURNING,419,14,12,2,0
cust_008653,LOYAL,319,25,22,3,0
cust_008654,NEW,38,0,0,0,0
cust_008655,LOYAL,272,27,22,5,2
cust_008656,HIGH_VALUE,964,30,30,0,0
cust_008657,HIGH_VALUE,1509,35,32,3,0
cust_008658,LOYAL,375,27,26,1,0
cust_008659,LOYAL,708,29,24,5,3
cust_008660,RETURNING,362,7,7,0,0
cust_008661,HIGH_VALUE,832,38,38,0,0
cust_008662,LOYAL,1641,28,21,7,4
cust_008663,RETURNING,114,8,6,2,0
cust_008664,RETURNING,379,8,5,3,1
cust_008665,NEW,11,0,0,0,0
cust_008666,RETURNING,370,12,11,1,1
cust_008667,LOYAL,716,27,23,4,1
cust_008668,RETURNING,36,6,5,1,0
cust_008669,RETURNING,348,6,6,0,0
cust_008670,RETURNING,450,8,4,4,2
cust_008671,NEW,7,1,1,0,0
cust_008672,HIGH_VALUE,2724,48,41,7,3
cust_008673,RETURNING,225,5,3,2,0
cust_008674,NEW,27,0,0,0,0
cust_008675,NEW,26,0,0,0,0
cust_008676,LOYAL,669,21,20,1,0
cust_008677,LOYAL,1409,21,20,1,1
cust_008678,NEW,0,2,1,1,0
cust_008679,NEW,29,0,0,0,0
cust_008680,RETURNING,355,10,7,3,1
cust_008681,RETURNING,189,3,1,2,2
cust_008682,LOYAL,452,27,24,3,0
cust_008683,NEW,23,1,1,0,0
cust_008684,RETURNING,117,4,4,0,0
cust_008685,RETURNING,100,3,3,0,0
cust_008686,RETURNING,35,2,2,0,0
cust_008687,RETURNING,204,7,6,1,1
cust_008688,NEW,37,0,0,0,0
cust_008689,RETURNING,216,6,6,0,0
cust_008690,NEW,60,0,0,0,0
cust_008691,NEW,55,1,1,0,0
cust_008692,HIGH_VALUE,751,52,48,4,1
cust_008693,RETURNING,484,12,11,1,0
cust_008694,RETURNING,304,5,5,0,0
cust_008695,NEW,14,1,1,0,0
cust_008696,LOYAL,1362,21,19,2,1
cust_008697,LOYAL,937,22,21,1,1
cust_008698,LOYAL,1621,27,24,3,1
cust_008699,RETURNING,238,8,7,1,0
cust_008700,LOYAL,1257,29,24,5,3
cust_008701,RETURNING,424,6,4,2,1
cust_008702,LOYAL,1383,18,17,1,0
cust_008703,LOYAL,954,21,16,5,2
cust_008704,NEW,12,0,0,0,0
cust_008705,RETURNING,135,8,4,4,1
cust_008706,RETURNING,464,3,3,0,0
cust_008707,NEW,32,0,0,0,0
cust_008708,LOYAL,1321,24,24,0,0
cust_008709,NEW,6,3,1,2,1
cust_008710,LOYAL,296,27,26,1,1
cust_008711,HIGH_VALUE,1515,44,38,6,2
cust_008712,RETURNING,484,7,7,0,0
cust_008713,RETURNING,342,3,1,2,0
cust_008714,RETURNING,243,8,6,2,0
cust_008715,LOYAL,1278,25,22,3,1
cust_008716,RETURNING,457,7,6,1,1
cust_008717,RETURNING,56,7,7,0,0
cust_008718,RETURNING,50,5,5,0,0
cust_008719,HIGH_VALUE,2571,41,40,1,1
cust_008720,RETURNING,80,7,6,1,0
cust_008721,RETURNING,146,4,2,2,0
cust_008722,HIGH_VALUE,1673,39,37,2,0
cust_008723,NEW,58,0,0,0,0
cust_008724,NEW,45,0,0,0,0
cust_008725,RETURNING,240,9,5,4,1
cust_008726,NEW,30,2,2,0,0
cust_008727,RETURNING,58,7,7,0,0
cust_008728,RETURNING,283,8,7,1,0
cust_008729,RETURNING,171,6,6,0,0
cust_008730,RETURNING,283,6,3,3,1
cust_008731,RETURNING,58,4,3,1,1
cust_008732,RETURNING,440,8,7,1,1
cust_008733,RETURNING,370,12,9,3,0
cust_008734,LOYAL,1097,30,29,1,0
cust_008735,LOYAL,1224,28,28,0,0
cust_008736,LOYAL,1677,31,31,0,0
cust_008737,LOYAL,1163,28,22,6,3
cust_008738,LOYAL,750,22,18,4,2
cust_008739,NEW,58,0,0,0,0
cust_008740,HIGH_VALUE,1451,41,39,2,0
cust_008741,LOYAL,1381,13,13,0,0
cust_008742,RETURNING,420,10,9,1,0
cust_008743,NEW,52,2,1,1,0
cust_008744,RETURNING,175,8,8,0,0
cust_008745,RETURNING,356,5,4,1,1
cust_008746,LOYAL,712,22,18,4,2
cust_008747,RETURNING,260,8,8,0,0
cust_008748,NEW,9,1,1,0,0
cust_008749,RETURNING,387,7,5,2,1
cust_008750,LOYAL,1604,25,25,0,0
cust_008751,NEW,8,1,0,1,0
cust_008752,LOYAL,889,22,22,0,0
cust_008753,RETURNING,277,8,6,2,0
cust_008754,RETURNING,181,6,6,0,0
cust_008755,RETURNING,349,6,5,1,1
cust_008756,RETURNING,229,12,12,0,0
cust_008757,RETURNING,476,9,8,1,1
cust_008758,LOYAL,481,24,23,1,1
cust_008759,NEW,19,0,0,0,0
cust_008760,RETURNING,227,9,8,1,0
cust_008761,LOYAL,1478,16,16,0,0
cust_008762,LOYAL,1787,26,26,0,0
cust_008763,RETURNING,384,5,4,1,0
cust_008764,LOYAL,1751,22,21,1,0
cust_008765,NEW,50,0,0,0,0
cust_008766,NEW,1,0,0,0,0
cust_008767,RETURNING,244,5,5,0,0
cust_008768,LOYAL,1616,18,14,4,3
cust_008769,LOYAL,1205,20,19,1,0
cust_008770,RETURNING,283,2,2,0,0
cust_008771,RETURNING,318,3,3,0,0
cust_008772,LOYAL,1721,29,27,2,0
cust_008773,RETURNING,83,6,6,0,0
cust_008774,RETURNING,322,11,8,3,1
cust_008775,RETURNING,317,11,10,1,0
cust_008776,RETURNING,209,7,4,3,3
cust_008777,RETURNING,326,10,7,3,1
cust_008778,RETURNING,213,5,5,0,0
cust_008779,LOYAL,420,17,16,1,0
cust_008780,RETURNING,194,11,10,1,0
cust_008781,NEW,20,1,0,1,0
cust_008782,NEW,46,1,1,0,0
cust_008783,NEW,2,0,0,0,0
cust_008784,RETURNING,38,9,9,0,0
cust_008785,RETURNING,351,4,4,0,0
cust_008786,NEW,14,0,0,0,0
cust_008787,RETURNING,364,4,2,2,1
cust_008788,NEW,17,1,1,0,0
cust_008789,RETURNING,295,6,5,1,0
cust_008790,NEW,37,1,1,0,0
cust_008791,RETURNING,394,9,7,2,2
cust_008792,LOYAL,1527,22,16,6,2
cust_008793,LOYAL,845,20,13,7,2
cust_008794,RETURNING,212,5,4,1,0
cust_008795,LOYAL,1661,24,22,2,1
cust_008796,LOYAL,912,30,25,5,1
cust_008797,NEW,56,0,0,0,0
cust_008798,RETURNING,455,5,5,0,0
cust_008799,LOYAL,479,24,24,0,0
cust_008800,RETURNING,428,9,5,4,3
cust_008801,RETURNING,397,12,11,1,0
cust_008802,RETURNING,272,4,4,0,0
cust_008803,NEW,34,1,1,0,0
cust_008804,HIGH_VALUE,2134,34,32,2,1
cust_008805,NEW,37,1,1,0,0
cust_008806,NEW,14,1,1,0,0
cust_008807,NEW,32,1,1,0,0
cust_008808,RETURNING,395,2,2,0,0
cust_008809,LOYAL,500,20,20,0,0
cust_008810,LOYAL,1151,22,19,3,1
cust_008811,LOYAL,236,22,22,0,0
cust_008812,RETURNING,51,8,7,1,0
cust_008813,RETURNING,477,4,2,2,1
cust_008814,RETURNING,284,8,8,0,0
cust_008815,NEW,25,0,0,0,0
cust_008816,LOYAL,590,25,25,0,0
cust_008817,RETURNING,192,6,5,1,0
cust_008818,RETURNING,373,9,8,1,0
cust_008819,RETURNING,106,6,4,2,1
cust_008820,LOYAL,475,25,25,0,0
cust_008821,RETURNING,316,4,4,0,0
cust_008822,LOYAL,819,20,19,1,1
cust_008823,LOYAL,1121,31,30,1,0
cust_008824,LOYAL,978,25,25,0,0
cust_008825,NEW,45,0,0,0,0
cust_008826,NEW,1,2,2,0,0
cust_008827,RETURNING,323,1,0,1,1
cust_008828,LOYAL,1640,36,35,1,0
cust_008829,HIGH_VALUE,2509,31,30,1,1
cust_008830,RETURNING,146,4,4,0,0
cust_008831,RETURNING,358,7,6,1,0
cust_008832,RETURNING,88,6,6,0,0
cust_008833,RETURNING,145,8,8,0,0
cust_008834,RETURNING,40,7,7,0,0
cust_008835,RETURNING,55,9,7,2,1
cust_008836,LOYAL,1726,28,27,1,0
cust_008837,RETURNING,340,8,4,4,1
cust_008838,RETURNING,77,5,4,1,1
cust_008839,NEW,30,1,0,1,0
cust_008840,RETURNING,395,8,7,1,0
cust_008841,LOYAL,1285,20,20,0,0
cust_008842,RETURNING,63,6,6,0,0
cust_008843,NEW,52,2,2,0,0
cust_008844,NEW,10,3,2,1,0
cust_008845,NEW,40,1,0,1,0
cust_008846,RETURNING,284,8,8,0,0
cust_008847,RETURNING,295,7,5,2,1
cust_008848,RETURNING,357,4,4,0,0
cust_008849,RETURNING,462,2,2,0,0
cust_008850,NEW,51,0,0,0,0
cust_008851,RETURNING,59,5,5,0,0
cust_008852,NEW,30,1,1,0,0
cust_008853,LOYAL,1100,22,20,2,2
cust_008854,NEW,26,0,0,0,0
cust_008855,RETURNING,443,7,6,1,1
cust_008856,NEW,8,0,0,0,0
cust_008857,LOYAL,857,23,20,3,1
cust_008858,NEW,53,0,0,0,0
cust_008859,LOYAL,1335,25,19,6,1
cust_008860,NEW,3,0,0,0,0
cust_008861,LOYAL,407,23,20,3,0
cust_008862,RETURNING,158,10,9,1,0
cust_008863,RETURNING,139,6,6,0,0
cust_008864,RETURNING,492,9,7,2,0
cust_008865,RETURNING,41,8,8,0,0
cust_008866,LOYAL,443,28,25,3,1
cust_008867,LOYAL,252,22,17,5,4
cust_008868,NEW,48,0,0,0,0
cust_008869,RETURNING,393,4,4,0,0
cust_008870,RETURNING,199,2,2,0,0
cust_008871,NEW,20,0,0,0,0
cust_008872,RETURNING,173,3,2,1,0
cust_008873,RETURNING,450,3,3,0,0
cust_008874,RETURNING,228,8,5,3,1
cust_008875,LOYAL,285,19,19,0,0
cust_008876,LOYAL,1037,19,15,4,3
cust_008877,LOYAL,850,23,23,0,0
cust_008878,NEW,21,1,1,0,0
cust_008879,LOYAL,499,24,22,2,0
cust_008880,RETURNING,358,9,6,3,1
cust_008881,RETURNING,57,6,4,2,1
cust_008882,NEW,1,0,0,0,0
cust_008883,LOYAL,981,27,22,5,3
cust_008884,RETURNING,51,8,6,2,1
cust_008885,LOYAL,516,20,19,1,0
cust_008886,RETURNING,402,8,4,4,3
cust_008887,LOYAL,1388,31,31,0,0
cust_008888,LOYAL,906,22,17,5,3
cust_008889,LOYAL,751,22,22,0,0
cust_008890,RETURNING,178,5,4,1,1
cust_008891,RETURNING,424,3,3,0,0
cust_008892,LOYAL,1010,20,18,2,1
cust_008893,RETURNING,479,6,5,1,0
cust_008894,RETURNING,367,12,10,2,1
cust_008895,LOYAL,1534,26,25,1,1
cust_008896,RETURNING,107,8,7,1,0
cust_008897,LOYAL,571,25,23,2,1
cust_008898,RETURNING,455,6,5,1,1
cust_008899,LOYAL,1102,15,12,3,2
cust_008900,NEW,49,0,0,0,0
cust_008901,RETURNING,379,5,4,1,0
cust_008902,LOYAL,1785,23,23,0,0
cust_008903,RETURNING,455,7,7,0,0
cust_008904,RETURNING,164,6,6,0,0
cust_008905,RETURNING,452,12,11,1,1
cust_008906,RETURNING,371,3,3,0,0
cust_008907,RETURNING,247,4,2,2,0
cust_008908,NEW,38,0,0,0,0
cust_008909,LOYAL,955,21,19,2,1
cust_008910,RETURNING,424,6,5,1,0
cust_008911,RETURNING,460,9,7,2,1
cust_008912,RETURNING,247,6,4,2,0
cust_008913,NEW,36,0,0,0,0
cust_008914,NEW,22,1,1,0,0
cust_008915,HIGH_VALUE,1778,39,35,4,2
cust_008916,LOYAL,1488,28,27,1,0
cust_008917,NEW,21,1,1,0,0
cust_008918,LOYAL,569,21,16,5,2
cust_008919,RETURNING,128,4,4,0,0
cust_008920,NEW,58,1,1,0,0
cust_008921,LOYAL,1344,25,21,4,2
cust_008922,RETURNING,152,10,10,0,0
cust_008923,RETURNING,345,9,6,3,0
cust_008924,LOYAL,381,23,20,3,2
cust_008925,RETURNING,68,5,3,2,0
cust_008926,RETURNING,465,12,12,0,0
cust_008927,RETURNING,110,7,5,2,1
cust_008928,LOYAL,930,19,15,4,4
cust_008929,LOYAL,448,24,23,1,1
cust_008930,LOYAL,974,26,19,7,2
cust_008931,RETURNING,334,6,5,1,0
cust_008932,LOYAL,696,27,21,6,4
cust_008933,RETURNING,70,9,6,3,0
cust_008934,RETURNING,124,9,9,0,0
cust_008935,NEW,59,0,0,0,0
cust_008936,LOYAL,493,35,34,1,1
cust_008937,RETURNING,135,9,8,1,0
cust_008938,RETURNING,424,9,5,4,1
cust_008939,RETURNING,111,6,6,0,0
cust_008940,NEW,24,0,0,0,0
cust_008941,HIGH_VALUE,2628,30,27,3,2
cust_008942,LOYAL,1789,26,22,4,2
cust_008943,RETURNING,254,4,4,0,0
cust_008944,LOYAL,1454,16,16,0,0
cust_008945,RETURNING,410,5,5,0,0
cust_008946,LOYAL,1555,20,18,2,0
cust_008947,NEW,38,2,2,0,0
cust_008948,RETURNING,244,11,9,2,1
cust_008949,RETURNING,293,6,5,1,1
cust_008950,RETURNING,279,5,5,0,0
cust_008951,RETURNING,387,12,9,3,0
cust_008952,NEW,33,0,0,0,0
cust_008953,HIGH_VALUE,1759,33,32,1,1
cust_008954,NEW,15,1,1,0,0
cust_008955,NEW,55,1,0,1,1
cust_008956,RETURNING,303,6,6,0,0
cust_008957,RETURNING,85,10,8,2,0
cust_008958,NEW,45,1,1,0,0
cust_008959,RETURNING,286,7,5,2,0
cust_008960,LOYAL,1146,35,31,4,2
cust_008961,NEW,58,2,2,0,0
cust_008962,HIGH_VALUE,806,40,35,5,4
cust_008963,RETURNING,322,7,4,3,3
cust_008964,RETURNING,103,9,9,0,0
cust_008965,NEW,14,0,0,0,0
cust_008966,LOYAL,1796,19,16,3,0
cust_008967,LOYAL,683,21,19,2,1
cust_008968,NEW,31,1,1,0,0
cust_008969,NEW,28,0,0,0,0
cust_008970,RETURNING,58,10,10,0,0
cust_008971,NEW,16,0,0,0,0
cust_008972,HIGH_VALUE,1038,30,28,2,2
cust_008973,RETURNING,491,8,6,2,1
cust_008974,RETURNING,180,7,6,1,1
cust_008975,HIGH_VALUE,1291,48,44,4,1
cust_008976,LOYAL,416,15,15,0,0
cust_008977,LOYAL,264,20,17,3,1
cust_008978,RETURNING,352,7,6,1,0
cust_008979,RETURNING,490,6,5,1,0
cust_008980,RETURNING,202,7,6,1,0
cust_008981,RETURNING,276,9,9,0,0
cust_008982,RETURNING,293,2,2,0,0
cust_008983,NEW,2,0,0,0,0
cust_008984,RETURNING,32,5,4,1,0
cust_008985,RETURNING,404,7,7,0,0
cust_008986,RETURNING,211,17,16,1,0
cust_008987,NEW,37,2,2,0,0
cust_008988,RETURNING,475,5,4,1,1
cust_008989,RETURNING,145,3,3,0,0
cust_008990,LOYAL,1213,22,18,4,2
cust_008991,LOYAL,1218,23,23,0,0
cust_008992,RETURNING,378,11,8,3,1
cust_008993,NEW,0,1,1,0,0
cust_008994,RETURNING,173,9,8,1,0
cust_008995,NEW,12,0,0,0,0
cust_008996,RETURNING,259,7,7,0,0
cust_008997,HIGH_VALUE,1897,48,47,1,0
cust_008998,RETURNING,427,6,5,1,0
cust_008999,RETURNING,32,13,9,4,2
cust_009000,LOYAL,452,26,24,2,1
cust_009001,RETURNING,127,6,6,0,0
cust_009002,NEW,12,1,0,1,0
cust_009003,NEW,25,0,0,0,0
cust_009004,HIGH_VALUE,533,42,42,0,0
cust_009005,NEW,38,0,0,0,0
cust_009006,RETURNING,64,6,6,0,0
cust_009007,LOYAL,1350,18,18,0,0
cust_009008,RETURNING,86,10,7,3,2
cust_009009,LOYAL,1616,26,25,1,0
cust_009010,NEW,16,1,1,0,0
cust_009011,RETURNING,381,8,6,2,2
cust_009012,RETURNING,199,8,7,1,0
cust_009013,HIGH_VALUE,2950,44,36,8,4
cust_009014,RETURNING,41,6,6,0,0
cust_009015,NEW,18,0,0,0,0
cust_009016,LOYAL,396,33,31,2,0
cust_009017,NEW,50,0,0,0,0
cust_009018,LOYAL,1712,22,18,4,2
cust_009019,RETURNING,152,6,5,1,1
cust_009020,RETURNING,310,6,6,0,0
cust_009021,LOYAL,1140,27,25,2,2
cust_009022,LOYAL,1425,24,22,2,0
cust_009023,NEW,48,2,1,1,0
cust_009024,HIGH_VALUE,2837,28,23,5,3
cust_009025,HIGH_VALUE,1673,43,42,1,0
cust_009026,LOYAL,699,22,21,1,0
cust_009027,RETURNING,306,10,8,2,2
cust_009028,RETURNING,491,10,9,1,1
cust_009029,RETURNING,263,8,8,0,0
cust_009030,NEW,24,3,3,0,0
cust_009031,RETURNING,254,5,5,0,0
cust_009032,RETURNING,441,5,4,1,1
cust_009033,RETURNING,174,8,6,2,0
cust_009034,RETURNING,209,7,6,1,0
cust_009035,RETURNING,203,10,9,1,0
cust_009036,RETURNING,323,7,6,1,0
cust_009037,RETURNING,359,7,6,1,0
cust_009038,HIGH_VALUE,2229,27,23,4,0
cust_009039,LOYAL,1692,23,22,1,1
cust_009040,NEW,41,0,0,0,0
cust_009041,NEW,0,0,0,0,0
cust_009042,LOYAL,315,15,15,0,0
cust_009043,RETURNING,323,4,4,0,0
cust_009044,LOYAL,931,23,23,0,0
cust_009045,NEW,33,0,0,0,0
cust_009046,NEW,14,0,0,0,0
cust_009047,RETURNING,317,5,5,0,0
cust_009048,LOYAL,1658,26,25,1,1
cust_009049,HIGH_VALUE,2956,26,26,0,0
cust_009050,LOYAL,560,22,19,3,0
cust_009051,RETURNING,73,6,5,1,0
cust_009052,LOYAL,1335,20,20,0,0
cust_009053,NEW,41,1,1,0,0
cust_009054,RETURNING,30,6,5,1,0
cust_009055,LOYAL,499,23,23,0,0
cust_009056,RETURNING,445,6,5,1,0
cust_009057,HIGH_VALUE,1042,37,33,4,1
cust_009058,RETURNING,373,8,6,2,2
cust_009059,NEW,52,0,0,0,0
cust_009060,RETURNING,481,6,5,1,0
cust_009061,LOYAL,1519,27,27,0,0
cust_009062,RETURNING,167,6,4,2,1
cust_009063,LOYAL,777,34,33,1,1
cust_009064,NEW,18,0,0,0,0
cust_009065,LOYAL,1724,24,19,5,2
cust_009066,RETURNING,407,2,2,0,0
cust_009067,NEW,13,1,1,0,0
cust_009068,LOYAL,1788,15,14,1,1
cust_009069,LOYAL,1358,21,19,2,1
cust_009070,RETURNING,355,6,6,0,0
cust_009071,RETURNING,127,8,7,1,0
cust_009072,NEW,11,0,0,0,0
cust_009073,HIGH_VALUE,748,35,31,4,2
cust_009074,RETURNING,350,8,7,1,0
cust_009075,LOYAL,1108,13,13,0,0
cust_009076,LOYAL,357,19,18,1,0
cust_009077,LOYAL,927,22,21,1,0
cust_009078,NEW,9,1,1,0,0
cust_009079,RETURNING,266,8,6,2,0
cust_009080,LOYAL,1560,28,25,3,1
cust_009081,NEW,27,0,0,0,0
cust_009082,NEW,8,0,0,0,0
cust_009083,RETURNING,329,8,8,0,0
cust_009084,LOYAL,385,23,23,0,0
cust_009085,LOYAL,895,22,20,2,2
cust_009086,NEW,24,0,0,0,0
cust_009087,HIGH_VALUE,1086,49,38,11,4
cust_009088,NEW,6,1,0,1,0
cust_009089,RETURNING,170,6,3,3,2
cust_009090,HIGH_VALUE,1094,40,36,4,1
cust_009091,LOYAL,1133,13,10,3,2
cust_009092,HIGH_VALUE,2787,36,36,0,0
cust_009093,LOYAL,583,24,23,1,1
cust_009094,RETURNING,173,5,5,0,0
cust_009095,RETURNING,63,11,11,0,0
cust_009096,RETURNING,58,6,5,1,1
cust_009097,HIGH_VALUE,1942,38,38,0,0
cust_009098,LOYAL,1724,24,20,4,1
cust_009099,RETURNING,482,7,7,0,0
cust_009100,RETURNING,167,9,8,1,0
cust_009101,RETURNING,131,6,5,1,1
cust_009102,RETURNING,415,8,4,4,2
cust_009103,LOYAL,1446,26,25,1,1
cust_009104,NEW,53,3,2,1,0
cust_009105,RETURNING,68,6,6,0,0
cust_009106,HIGH_VALUE,651,45,41,4,1
cust_009107,RETURNING,275,5,5,0,0
cust_009108,RETURNING,439,5,5,0,0
cust_009109,RETURNING,212,9,6,3,2
cust_009110,NEW,22,3,2,1,1
cust_009111,RETURNING,206,7,4,3,2
cust_009112,NEW,15,1,1,0,0
cust_009113,NEW,3,0,0,0,0
cust_009114,NEW,30,0,0,0,0
cust_009115,RETURNING,374,7,6,1,0
cust_009116,NEW,8,0,0,0,0
cust_009117,HIGH_VALUE,2620,30,30,0,0
cust_009118,NEW,41,0,0,0,0
cust_009119,RETURNING,249,1,0,1,0
cust_009120,LOYAL,944,12,11,1,1
cust_009121,NEW,7,2,2,0,0
cust_009122,RETURNING,427,8,6,2,0
cust_009123,LOYAL,1576,19,19,0,0
cust_009124,RETURNING,389,9,9,0,0
cust_009125,RETURNING,437,6,5,1,0
cust_009126,LOYAL,915,21,20,1,0
cust_009127,LOYAL,515,22,16,6,3
cust_009128,RETURNING,52,5,5,0,0
cust_009129,NEW,1,0,0,0,0
cust_009130,NEW,32,0,0,0,0
cust_009131,LOYAL,805,21,20,1,0
cust_009132,RETURNING,251,6,6,0,0
cust_009133,NEW,50,1,0,1,0
cust_009134,RETURNING,76,5,4,1,1
cust_009135,LOYAL,578,25,25,0,0
cust_009136,NEW,37,2,2,0,0
cust_009137,NEW,15,2,2,0,0
cust_009138,RETURNING,266,8,8,0,0
cust_009139,LOYAL,849,20,20,0,0
cust_009140,RETURNING,36,5,3,2,1
cust_009141,LOYAL,853,22,21,1,0
cust_009142,NEW,59,0,0,0,0
cust_009143,RETURNING,208,3,2,1,1
cust_009144,RETURNING,188,3,3,0,0
cust_009145,RETURNING,250,10,9,1,0
cust_009146,RETURNING,248,5,5,0,0
cust_009147,LOYAL,252,16,16,0,0
cust_009148,RETURNING,30,8,7,1,0
cust_009149,LOYAL,1583,26,21,5,3
cust_009150,NEW,60,1,0,1,0
cust_009151,RETURNING,391,7,3,4,3
cust_009152,RETURNING,123,5,5,0,0
cust_009153,RETURNING,69,6,4,2,0
cust_009154,NEW,4,0,0,0,0
cust_009155,HIGH_VALUE,2098,36,34,2,1
cust_009156,LOYAL,1077,23,22,1,1
cust_009157,LOYAL,180,24,24,0,0
cust_009158,LOYAL,671,35,31,4,1
cust_009159,NEW,34,0,0,0,0
cust_009160,RETURNING,323,6,5,1,0
cust_009161,RETURNING,83,6,6,0,0
cust_009162,LOYAL,932,30,30,0,0
cust_009163,RETURNING,191,7,7,0,0
cust_009164,RETURNING,44,4,2,2,0
cust_009165,LOYAL,1790,31,26,5,5
cust_009166,NEW,33,0,0,0,0
cust_009167,LOYAL,1784,22,20,2,0
cust_009168,RETURNING,414,4,4,0,0
cust_009169,LOYAL,1256,21,20,1,1
cust_009170,LOYAL,1188,23,22,1,1
cust_009171,RETURNING,482,4,4,0,0
cust_009172,RETURNING,280,6,6,0,0
cust_009173,NEW,50,0,0,0,0
cust_009174,NEW,57,1,1,0,0
cust_009175,NEW,6,2,2,0,0
cust_009176,RETURNING,430,7,5,2,1
cust_009177,RETURNING,156,11,6,5,2
cust_009178,RETURNING,236,8,8,0,0
cust_009179,RETURNING,62,10,9,1,1
cust_009180,HIGH_VALUE,1718,39,33,6,2
cust_009181,NEW,39,0,0,0,0
cust_009182,RETURNING,337,4,4,0,0
cust_009183,RETURNING,196,4,4,0,0
cust_009184,NEW,10,1,1,0,0
cust_009185,LOYAL,484,26,23,3,2
cust_009186,NEW,6,0,0,0,0
cust_009187,LOYAL,1011,26,22,4,2
cust_009188,RETURNING,310,6,4,2,1
cust_009189,LOYAL,1059,26,24,2,1
cust_009190,RETURNING,91,7,7,0,0
cust_009191,LOYAL,338,29,28,1,0
cust_009192,RETURNING,226,7,5,2,0
cust_009193,RETURNING,130,8,7,1,0
cust_009194,LOYAL,180,26,23,3,3
cust_009195,RETURNING,353,5,2,3,1
cust_009196,RETURNING,345,10,7,3,0
cust_009197,RETURNING,474,7,6,1,1
cust_009198,RETURNING,389,10,6,4,0
cust_009199,RETURNING,229,3,3,0,0
cust_009200,NEW,2,0,0,0,0
cust_009201,RETURNING,463,6,5,1,0
cust_009202,NEW,32,2,1,1,1
cust_009203,RETURNING,110,9,9,0,0
cust_009204,LOYAL,734,31,29,2,1
cust_009205,RETURNING,449,2,1,1,1
cust_009206,LOYAL,966,29,24,5,3
cust_009207,NEW,17,0,0,0,0
cust_009208,NEW,21,0,0,0,0
cust_009209,LOYAL,1787,33,31,2,0
cust_009210,LOYAL,1234,21,20,1,0
cust_009211,LOYAL,1557,22,19,3,2
cust_009212,LOYAL,416,22,21,1,0
cust_009213,LOYAL,1640,28,25,3,2
cust_009214,LOYAL,477,22,20,2,1
cust_009215,LOYAL,488,26,25,1,1
cust_009216,LOYAL,1553,27,23,4,1
cust_009217,NEW,3,1,1,0,0
cust_009218,NEW,12,2,1,1,1
cust_009219,RETURNING,149,4,2,2,1
cust_009220,RETURNING,126,5,5,0,0
cust_009221,LOYAL,1516,16,16,0,0
cust_009222,RETURNING,104,7,4,3,2
cust_009223,RETURNING,260,11,11,0,0
cust_009224,LOYAL,1434,35,35,0,0
cust_009225,RETURNING,209,4,4,0,0
cust_009226,LOYAL,1377,23,21,2,0
cust_009227,NEW,5,2,2,0,0
cust_009228,RETURNING,226,7,6,1,0
cust_009229,RETURNING,243,5,4,1,0
cust_009230,RETURNING,448,6,4,2,2
cust_009231,NEW,39,0,0,0,0
cust_009232,RETURNING,36,4,4,0,0
cust_009233,RETURNING,406,4,3,1,0
cust_009234,RETURNING,67,12,11,1,1
cust_009235,LOYAL,866,22,22,0,0
cust_009236,NEW,58,3,3,0,0
cust_009237,RETURNING,426,7,7,0,0
cust_009238,NEW,48,2,0,2,1
cust_009239,HIGH_VALUE,2397,37,37,0,0
cust_009240,LOYAL,575,20,20,0,0
cust_009241,HIGH_VALUE,2366,36,28,8,2
cust_009242,LOYAL,795,31,29,2,0
cust_009243,RETURNING,334,6,6,0,0
cust_009244,LOYAL,1251,28,27,1,0
cust_009245,RETURNING,348,8,7,1,0
cust_009246,LOYAL,1271,28,25,3,3
cust_009247,RETURNING,71,8,6,2,1
cust_009248,RETURNING,155,7,7,0,0
cust_009249,LOYAL,1338,25,24,1,0
cust_009250,LOYAL,883,27,25,2,2
cust_009251,HIGH_VALUE,724,31,30,1,0
cust_009252,NEW,11,0,0,0,0
cust_009253,RETURNING,250,2,2,0,0
cust_009254,RETURNING,361,10,10,0,0
cust_009255,RETURNING,476,5,4,1,0
cust_009256,RETURNING,304,4,4,0,0
cust_009257,RETURNING,40,5,4,1,0
cust_009258,LOYAL,595,15,15,0,0
cust_009259,RETURNING,469,5,5,0,0
cust_009260,LOYAL,692,29,29,0,0
cust_009261,LOYAL,863,32,30,2,0
cust_009262,RETURNING,491,8,8,0,0
cust_009263,RETURNING,479,8,8,0,0
cust_009264,RETURNING,484,6,6,0,0
cust_009265,NEW,2,0,0,0,0
cust_009266,LOYAL,1129,20,13,7,4
cust_009267,RETURNING,101,10,10,0,0
cust_009268,NEW,9,1,0,1,0
cust_009269,HIGH_VALUE,1505,30,29,1,1
cust_009270,LOYAL,1794,21,21,0,0
cust_009271,LOYAL,965,24,22,2,1
cust_009272,RETURNING,149,9,9,0,0
cust_009273,HIGH_VALUE,2907,42,42,0,0
cust_009274,RETURNING,490,5,5,0,0
cust_009275,RETURNING,419,7,5,2,0
cust_009276,LOYAL,338,24,24,0,0
cust_009277,LOYAL,1362,15,15,0,0
cust_009278,RETURNING,154,8,8,0,0
cust_009279,NEW,3,1,0,1,0
cust_009280,RETURNING,33,9,8,1,1
cust_009281,LOYAL,197,27,26,1,0
cust_009282,LOYAL,1584,29,28,1,0
cust_009283,RETURNING,340,6,6,0,0
cust_009284,NEW,5,0,0,0,0
cust_009285,LOYAL,1151,27,22,5,3
cust_009286,LOYAL,553,25,25,0,0
cust_009287,RETURNING,256,7,7,0,0
cust_009288,RETURNING,336,5,5,0,0
cust_009289,HIGH_VALUE,2897,29,26,3,2
cust_009290,RETURNING,61,6,5,1,0
cust_009291,RETURNING,41,9,8,1,1
cust_009292,RETURNING,366,6,5,1,0
cust_009293,RETURNING,330,8,6,2,2
cust_009294,LOYAL,945,21,20,1,1
cust_009295,RETURNING,381,8,7,1,1
cust_009296,RETURNING,253,2,2,0,0
cust_009297,NEW,13,0,0,0,0
cust_009298,LOYAL,1476,24,23,1,0
cust_009299,NEW,45,0,0,0,0
cust_009300,NEW,21,1,1,0,0
cust_009301,RETURNING,369,5,5,0,0
cust_009302,RETURNING,382,8,7,1,0
cust_009303,HIGH_VALUE,1082,38,38,0,0
cust_009304,LOYAL,299,21,20,1,1
cust_009305,LOYAL,326,16,16,0,0
cust_009306,RETURNING,233,7,5,2,1
cust_009307,RETURNING,417,6,2,4,3
cust_009308,HIGH_VALUE,855,36,34,2,1
cust_009309,RETURNING,343,12,11,1,0
cust_009310,LOYAL,1403,29,26,3,3
cust_009311,RETURNING,33,3,2,1,0
cust_009312,RETURNING,341,3,2,1,0
cust_009313,RETURNING,31,7,6,1,0
cust_009314,RETURNING,361,5,4,1,1
cust_009315,NEW,16,1,1,0,0
cust_009316,RETURNING,316,5,4,1,1
cust_009317,RETURNING,317,5,5,0,0
cust_009318,RETURNING,171,10,9,1,1
cust_009319,LOYAL,644,31,31,0,0
cust_009320,RETURNING,134,10,9,1,1
cust_009321,LOYAL,1294,27,25,2,0
cust_009322,RETURNING,72,6,5,1,1
cust_009323,NEW,27,0,0,0,0
cust_009324,RETURNING,361,6,6,0,0
cust_009325,HIGH_VALUE,567,37,34,3,2
cust_009326,RETURNING,487,4,3,1,0
cust_009327,LOYAL,479,25,22,3,2
cust_009328,RETURNING,277,6,5,1,1
cust_009329,LOYAL,995,22,21,1,1
cust_009330,LOYAL,1050,28,24,4,3
cust_009331,HIGH_VALUE,1276,48,45,3,0
cust_009332,NEW,51,0,0,0,0
cust_009333,HIGH_VALUE,456,40,39,1,1
cust_009334,RETURNING,106,8,5,3,2
cust_009335,LOYAL,321,23,22,1,0
cust_009336,RETURNING,120,9,8,1,0
cust_009337,RETURNING,129,7,5,2,0
cust_009338,RETURNING,128,8,7,1,1
cust_009339,LOYAL,670,32,27,5,4
cust_009340,RETURNING,469,3,3,0,0
cust_009341,RETURNING,293,7,6,1,0
cust_009342,RETURNING,37,7,6,1,0
cust_009343,LOYAL,331,25,23,2,2
cust_009344,RETURNING,284,4,4,0,0
cust_009345,LOYAL,1333,11,8,3,3
cust_009346,RETURNING,207,2,2,0,0
cust_009347,RETURNING,231,8,6,2,1
cust_009348,LOYAL,866,32,28,4,3
cust_009349,LOYAL,1677,19,17,2,2
cust_009350,LOYAL,418,35,32,3,0
cust_009351,RETURNING,306,7,6,1,0
cust_009352,RETURNING,482,4,4,0,0
cust_009353,LOYAL,1117,21,15,6,3
cust_009354,NEW,14,0,0,0,0
cust_009355,RETURNING,281,3,3,0,0
cust_009356,LOYAL,1058,22,18,4,1
cust_009357,RETURNING,486,7,4,3,1
cust_009358,RETURNING,307,10,9,1,1
cust_009359,HIGH_VALUE,2443,34,32,2,2
cust_009360,RETURNING,225,7,7,0,0
cust_009361,NEW,21,0,0,0,0
cust_009362,NEW,1,1,0,1,0
cust_009363,RETURNING,286,7,6,1,1
cust_009364,LOYAL,208,24,24,0,0
cust_009365,LOYAL,383,28,25,3,3
cust_009366,RETURNING,95,9,9,0,0
cust_009367,RETURNING,481,6,4,2,1
cust_009368,RETURNING,361,9,8,1,0
cust_009369,NEW,36,1,0,1,0
cust_009370,LOYAL,1025,23,21,2,1
cust_009371,RETURNING,301,6,4,2,1
cust_009372,NEW,21,1,1,0,0
cust_009373,LOYAL,849,21,19,2,1
cust_009374,LOYAL,1474,19,17,2,1
cust_009375,RETURNING,149,11,8,3,1
cust_009376,RETURNING,337,8,5,3,1
cust_009377,RETURNING,277,14,13,1,0
cust_009378,NEW,29,0,0,0,0
cust_009379,RETURNING,408,9,8,1,0
cust_009380,LOYAL,1539,25,23,2,0
cust_009381,HIGH_VALUE,1828,42,41,1,1
cust_009382,RETURNING,148,7,6,1,1
cust_009383,RETURNING,124,8,6,2,2
cust_009384,RETURNING,300,8,5,3,3
cust_009385,RETURNING,489,9,9,0,0
cust_009386,NEW,1,1,1,0,0
cust_009387,RETURNING,83,6,6,0,0
cust_009388,LOYAL,1270,21,15,6,3
cust_009389,LOYAL,1677,24,22,2,0
cust_009390,LOYAL,1085,30,29,1,1
cust_009391,NEW,30,3,3,0,0
cust_009392,RETURNING,128,7,6,1,1
cust_009393,RETURNING,423,5,3,2,0
cust_009394,RETURNING,107,10,10,0,0
cust_009395,RETURNING,293,3,2,1,1
cust_009396,LOYAL,844,11,9,2,2
cust_009397,LOYAL,1302,20,17,3,1
cust_009398,RETURNING,360,4,4,0,0
cust_009399,RETURNING,185,10,8,2,1
cust_009400,RETURNING,390,8,7,1,0
cust_009401,NEW,53,0,0,0,0
cust_009402,NEW,28,2,2,0,0
cust_009403,RETURNING,280,6,6,0,0
cust_009404,RETURNING,320,7,7,0,0
cust_009405,HIGH_VALUE,2328,38,31,7,4
cust_009406,RETURNING,469,5,4,1,1
cust_009407,NEW,16,1,0,1,0
cust_009408,NEW,37,0,0,0,0
cust_009409,LOYAL,1800,22,19,3,2
cust_009410,NEW,41,0,0,0,0
cust_009411,RETURNING,221,6,5,1,0
cust_009412,RETURNING,110,13,12,1,0
cust_009413,RETURNING,468,9,9,0,0
cust_009414,RETURNING,452,10,8,2,0
cust_009415,RETURNING,420,10,6,4,0
cust_009416,NEW,13,0,0,0,0
cust_009417,LOYAL,1306,28,23,5,3
cust_009418,RETURNING,261,3,2,1,0
cust_009419,RETURNING,158,9,7,2,0
cust_009420,NEW,42,0,0,0,0
cust_009421,RETURNING,107,11,11,0,0
cust_009422,RETURNING,482,8,7,1,0
cust_009423,RETURNING,107,4,3,1,0
cust_009424,RETURNING,171,8,8,0,0
cust_009425,HIGH_VALUE,2114,35,34,1,0
cust_009426,RETURNING,275,4,3,1,0
cust_009427,LOYAL,741,31,28,3,3
cust_009428,LOYAL,826,12,12,0,0
cust_009429,RETURNING,213,4,4,0,0
cust_009430,RETURNING,124,7,6,1,0
cust_009431,RETURNING,40,4,4,0,0
cust_009432,HIGH_VALUE,2162,45,42,3,2
cust_009433,RETURNING,491,6,5,1,0
cust_009434,RETURNING,59,3,2,1,0
cust_009435,NEW,38,1,1,0,0
cust_009436,LOYAL,1245,24,24,0,0
cust_009437,NEW,0,0,0,0,0
cust_009438,NEW,27,0,0,0,0
cust_009439,RETURNING,450,8,7,1,0
cust_009440,RETURNING,185,9,9,0,0
cust_009441,LOYAL,1398,26,22,4,3
cust_009442,LOYAL,610,24,18,6,2
cust_009443,RETURNING,92,10,9,1,0
cust_009444,RETURNING,406,8,8,0,0
cust_009445,LOYAL,1653,20,19,1,0
cust_009446,RETURNING,248,7,7,0,0
cust_009447,NEW,21,1,1,0,0
cust_009448,RETURNING,220,4,3,1,0
cust_009449,RETURNING,419,6,5,1,0
cust_009450,HIGH_VALUE,2334,39,36,3,1
cust_009451,LOYAL,211,27,23,4,1
cust_009452,NEW,7,1,1,0,0
cust_009453,LOYAL,935,19,17,2,1
cust_009454,RETURNING,172,3,1,2,0
cust_009455,LOYAL,1168,24,22,2,0
cust_009456,RETURNING,61,5,5,0,0
cust_009457,RETURNING,80,12,12,0,0
cust_009458,RETURNING,81,7,4,3,0
cust_009459,RETURNING,477,4,4,0,0
cust_009460,RETURNING,433,8,4,4,1
cust_009461,RETURNING,307,9,7,2,1
cust_009462,LOYAL,1171,34,32,2,1
cust_009463,LOYAL,1464,32,32,0,0
cust_009464,RETURNING,253,6,6,0,0
cust_009465,NEW,34,0,0,0,0
cust_009466,RETURNING,99,9,8,1,0
cust_009467,RETURNING,98,5,5,0,0
cust_009468,RETURNING,277,10,5,5,1
cust_009469,LOYAL,921,22,22,0,0
cust_009470,HIGH_VALUE,1245,34,32,2,0
cust_009471,NEW,31,1,1,0,0
cust_009472,LOYAL,1742,15,14,1,0
cust_009473,RETURNING,84,3,1,2,1
cust_009474,RETURNING,68,5,3,2,1
cust_009475,RETURNING,238,7,7,0,0
cust_009476,NEW,32,1,1,0,0
cust_009477,NEW,19,0,0,0,0
cust_009478,HIGH_VALUE,1961,35,33,2,0
cust_009479,RETURNING,480,11,10,1,0
cust_009480,RETURNING,490,10,5,5,3
cust_009481,RETURNING,85,4,4,0,0
cust_009482,HIGH_VALUE,1334,43,43,0,0
cust_009483,RETURNING,233,8,5,3,2
cust_009484,LOYAL,1116,22,19,3,2
cust_009485,LOYAL,1392,18,15,3,1
cust_009486,RETURNING,245,5,5,0,0
cust_009487,LOYAL,1220,16,16,0,0
cust_009488,LOYAL,688,39,34,5,4
cust_009489,LOYAL,1692,27,26,1,1
cust_009490,RETURNING,436,2,1,1,0
cust_009491,NEW,30,1,1,0,0
cust_009492,NEW,22,1,1,0,0
cust_009493,RETURNING,206,6,4,2,1
cust_009494,LOYAL,390,23,19,4,2
cust_009495,LOYAL,1591,28,22,6,2
cust_009496,RETURNING,155,9,9,0,0
cust_009497,NEW,2,1,1,0,0
cust_009498,NEW,1,0,0,0,0
cust_009499,LOYAL,1655,20,20,0,0
cust_009500,RETURNING,290,7,7,0,0
cust_009501,LOYAL,537,26,26,0,0
cust_009502,NEW,31,0,0,0,0
cust_009503,RETURNING,414,9,8,1,0
cust_009504,LOYAL,1134,24,21,3,2
cust_009505,NEW,36,2,1,1,1
cust_009506,NEW,25,0,0,0,0
cust_009507,RETURNING,401,4,4,0,0
cust_009508,RETURNING,143,7,5,2,0
cust_009509,HIGH_VALUE,2538,42,41,1,1
cust_009510,LOYAL,1346,33,29,4,3
cust_009511,LOYAL,1139,25,25,0,0
cust_009512,NEW,23,1,1,0,0
cust_009513,RETURNING,349,8,7,1,0
cust_009514,LOYAL,1405,28,28,0,0
cust_009515,RETURNING,43,7,7,0,0
cust_009516,HIGH_VALUE,595,28,28,0,0
cust_009517,RETURNING,263,12,9,3,1
cust_009518,NEW,33,0,0,0,0
cust_009519,RETURNING,410,6,6,0,0
cust_009520,LOYAL,1489,29,25,4,2
cust_009521,NEW,43,0,0,0,0
cust_009522,RETURNING,117,5,4,1,0
cust_009523,LOYAL,567,24,22,2,1
cust_009524,NEW,39,1,1,0,0
cust_009525,RETURNING,449,5,5,0,0
cust_009526,LOYAL,1186,30,26,4,2
cust_009527,LOYAL,1726,22,21,1,1
cust_009528,RETURNING,65,8,8,0,0
cust_009529,HIGH_VALUE,929,35,34,1,0
cust_009530,LOYAL,959,23,20,3,3
cust_009531,RETURNING,103,10,9,1,1
cust_009532,NEW,35,0,0,0,0
cust_009533,LOYAL,945,22,21,1,1
cust_009534,RETURNING,331,5,4,1,1
cust_009535,LOYAL,256,23,22,1,1
cust_009536,RETURNING,122,8,6,2,1
cust_009537,RETURNING,155,3,3,0,0
cust_009538,RETURNING,207,3,1,2,1
cust_009539,RETURNING,491,5,3,2,1
cust_009540,LOYAL,1328,28,25,3,1
cust_009541,RETURNING,44,7,6,1,1
cust_009542,LOYAL,755,23,22,1,0
cust_009543,NEW,49,2,1,1,1
cust_009544,LOYAL,1574,22,17,5,3
cust_009545,LOYAL,1353,25,19,6,2
cust_009546,RETURNING,499,9,9,0,0
cust_009547,NEW,41,1,1,0,0
cust_009548,LOYAL,1447,20,16,4,2
cust_009549,LOYAL,757,30,27,3,3
cust_009550,RETURNING,340,6,5,1,0
cust_009551,RETURNING,287,2,1,1,1
cust_009552,LOYAL,1438,29,27,2,2
cust_009553,RETURNING,160,13,11,2,0
cust_009554,RETURNING,484,6,5,1,1
cust_009555,RETURNING,155,8,7,1,1
cust_009556,NEW,50,3,2,1,0
cust_009557,LOYAL,1609,26,23,3,2
cust_009558,RETURNING,61,4,4,0,0
cust_009559,HIGH_VALUE,1729,42,41,1,0
cust_009560,RETURNING,414,4,3,1,0
cust_009561,RETURNING,102,2,2,0,0
cust_009562,RETURNING,31,11,10,1,0
cust_009563,RETURNING,279,8,6,2,0
cust_009564,LOYAL,977,19,18,1,1
cust_009565,LOYAL,780,25,24,1,1
cust_009566,LOYAL,1310,20,20,0,0
cust_009567,RETURNING,125,3,1,2,1
cust_009568,RETURNING,194,6,5,1,0
cust_009569,NEW,39,0,0,0,0
cust_009570,LOYAL,1759,25,16,9,5
cust_009571,RETURNING,413,8,5,3,2
cust_009572,RETURNING,287,4,4,0,0
cust_009573,RETURNING,220,8,6,2,0
cust_009574,RETURNING,293,15,13,2,2
cust_009575,LOYAL,895,14,14,0,0
cust_009576,RETURNING,104,6,6,0,0
cust_009577,HIGH_VALUE,1316,42,38,4,1
cust_009578,NEW,46,1,1,0,0
cust_009579,RETURNING,154,9,5,4,1
cust_009580,NEW,35,0,0,0,0
cust_009581,LOYAL,1182,16,13,3,1
cust_009582,RETURNING,40,7,7,0,0
cust_009583,RETURNING,197,7,5,2,1
cust_009584,LOYAL,1024,20,19,1,1
cust_009585,RETURNING,425,9,9,0,0
cust_009586,RETURNING,273,3,3,0,0
cust_009587,RETURNING,151,7,5,2,1
cust_009588,NEW,10,0,0,0,0
cust_009589,LOYAL,1116,30,27,3,2
cust_009590,LOYAL,639,20,17,3,3
cust_009591,LOYAL,1466,25,23,2,2
cust_009592,LOYAL,532,24,22,2,1
cust_009593,LOYAL,1026,16,13,3,1
cust_009594,RETURNING,209,10,8,2,2
cust_009595,NEW,7,0,0,0,0
cust_009596,RETURNING,67,5,5,0,0
cust_009597,HIGH_VALUE,1466,44,39,5,2
cust_009598,HIGH_VALUE,382,42,38,4,2
cust_009599,LOYAL,1082,22,20,2,1
cust_009600,RETURNING,91,7,5,2,1
cust_009601,RETURNING,131,8,8,0,0
cust_009602,LOYAL,645,16,16,0,0
cust_009603,NEW,36,0,0,0,0
cust_009604,RETURNING,36,5,5,0,0
cust_009605,RETURNING,188,10,7,3,2
cust_009606,RETURNING,201,9,5,4,3
cust_009607,LOYAL,810,29,26,3,2
cust_009608,HIGH_VALUE,2162,29,27,2,0
cust_009609,LOYAL,1725,23,23,0,0
cust_009610,RETURNING,44,8,7,1,0
cust_009611,RETURNING,80,12,10,2,0
cust_009612,LOYAL,1401,27,24,3,2
cust_009613,RETURNING,340,5,5,0,0
cust_009614,RETURNING,152,5,4,1,0
cust_009615,LOYAL,1729,25,21,4,3
cust_009616,RETURNING,284,5,5,0,0
cust_009617,NEW,48,0,0,0,0
cust_009618,LOYAL,1494,20,17,3,0
cust_009619,RETURNING,171,9,7,2,1
cust_009620,NEW,40,1,1,0,0
cust_009621,RETURNING,309,5,5,0,0
cust_009622,HIGH_VALUE,2590,47,45,2,2
cust_009623,RETURNING,329,1,0,1,0
cust_009624,RETURNING,188,4,4,0,0
cust_009625,NEW,28,1,1,0,0
cust_009626,HIGH_VALUE,1259,35,35,0,0
cust_009627,LOYAL,941,25,23,2,1
cust_009628,RETURNING,460,10,8,2,1
cust_009629,RETURNING,130,10,7,3,0
cust_009630,LOYAL,192,29,29,0,0
cust_009631,LOYAL,488,39,36,3,1
cust_009632,LOYAL,719,28,28,0,0
cust_009633,HIGH_VALUE,1362,37,36,1,1
cust_009634,RETURNING,237,4,4,0,0
cust_009635,RETURNING,410,5,5,0,0
cust_009636,RETURNING,205,5,5,0,0
cust_009637,LOYAL,1394,26,22,4,2
cust_009638,RETURNING,51,2,1,1,0
cust_009639,RETURNING,69,7,7,0,0
cust_009640,LOYAL,282,33,28,5,3
cust_009641,RETURNING,144,8,7,1,0
cust_009642,LOYAL,1704,26,21,5,1
cust_009643,NEW,19,0,0,0,0
cust_009644,RETURNING,143,5,4,1,1
cust_009645,RETURNING,198,4,4,0,0
cust_009646,LOYAL,718,20,16,4,1
cust_009647,LOYAL,647,26,20,6,3
cust_009648,RETURNING,287,8,6,2,0
cust_009649,RETURNING,51,5,5,0,0
cust_009650,NEW,50,0,0,0,0
cust_009651,LOYAL,1226,25,25,0,0
cust_009652,HIGH_VALUE,2382,36,32,4,3
cust_009653,LOYAL,546,29,27,2,1
cust_009654,RETURNING,399,5,3,2,0
cust_009655,RETURNING,57,9,8,1,0
cust_009656,RETURNING,312,3,3,0,0
cust_009657,NEW,34,0,0,0,0
cust_009658,NEW,43,3,2,1,0
cust_009659,NEW,11,0,0,0,0
cust_009660,RETURNING,388,8,6,2,1
cust_009661,LOYAL,322,32,27,5,2
cust_009662,RETURNING,257,9,9,0,0
cust_009663,LOYAL,1471,26,24,2,1
cust_009664,HIGH_VALUE,2678,47,44,3,2
cust_009665,RETURNING,386,2,2,0,0
cust_009666,RETURNING,448,9,8,1,1
cust_009667,LOYAL,1054,29,26,3,3
cust_009668,NEW,45,2,1,1,0
cust_009669,RETURNING,233,9,8,1,0
cust_009670,RETURNING,312,6,5,1,1
cust_009671,LOYAL,780,18,15,3,1
cust_009672,LOYAL,813,19,17,2,1
cust_009673,LOYAL,808,34,34,0,0
cust_009674,LOYAL,696,20,19,1,0
cust_009675,RETURNING,303,3,3,0,0
cust_009676,LOYAL,219,20,17,3,1
cust_009677,LOYAL,1597,24,20,4,1
cust_009678,RETURNING,163,7,7,0,0
cust_009679,HIGH_VALUE,2770,37,37,0,0
cust_009680,LOYAL,455,28,27,1,1
cust_009681,RETURNING,414,3,2,1,1
cust_009682,NEW,38,2,2,0,0
cust_009683,RETURNING,272,12,11,1,0
cust_009684,LOYAL,648,17,17,0,0
cust_009685,NEW,43,2,2,0,0
cust_009686,RETURNING,234,8,7,1,1
cust_009687,RETURNING,176,6,6,0,0
cust_009688,LOYAL,509,19,18,1,1
cust_009689,LOYAL,1233,26,26,0,0
cust_009690,LOYAL,1508,30,27,3,2
cust_009691,RETURNING,370,5,3,2,1
cust_009692,NEW,44,1,1,0,0
cust_009693,LOYAL,505,23,22,1,0
cust_009694,RETURNING,249,4,3,1,1
cust_009695,RETURNING,229,8,4,4,3
cust_009696,HIGH_VALUE,489,40,36,4,0
cust_009697,RETURNING,348,8,7,1,0
cust_009698,RETURNING,496,10,9,1,1
cust_009699,LOYAL,1318,15,15,0,0
cust_009700,LOYAL,208,17,17,0,0
cust_009701,RETURNING,305,8,7,1,1
cust_009702,RETURNING,216,4,3,1,0
cust_009703,NEW,10,1,1,0,0
cust_009704,RETURNING,433,5,5,0,0
cust_009705,RETURNING,328,5,3,2,0
cust_009706,RETURNING,324,5,5,0,0
cust_009707,LOYAL,760,21,18,3,1
cust_009708,NEW,55,0,0,0,0
cust_009709,RETURNING,354,4,4,0,0
cust_009710,NEW,36,0,0,0,0
cust_009711,RETURNING,383,10,9,1,0
cust_009712,NEW,17,1,1,0,0
cust_009713,NEW,0,0,0,0,0
cust_009714,HIGH_VALUE,2979,38,35,3,2
cust_009715,HIGH_VALUE,2420,46,46,0,0
cust_009716,LOYAL,1600,20,18,2,1
cust_009717,RETURNING,449,5,4,1,0
cust_009718,LOYAL,1776,15,13,2,1
cust_009719,LOYAL,1028,19,14,5,0
cust_009720,RETURNING,276,11,9,2,1
cust_009721,NEW,43,2,0,2,0
cust_009722,LOYAL,1425,26,22,4,2
cust_009723,HIGH_VALUE,2939,25,25,0,0
cust_009724,RETURNING,498,9,7,2,1
cust_009725,RETURNING,388,5,5,0,0
cust_009726,RETURNING,127,6,6,0,0
cust_009727,RETURNING,315,6,5,1,1
cust_009728,LOYAL,1658,23,18,5,2
cust_009729,RETURNING,207,4,4,0,0
cust_009730,HIGH_VALUE,1596,37,37,0,0
cust_009731,LOYAL,833,25,22,3,3
cust_009732,NEW,4,1,0,1,0
cust_009733,LOYAL,782,26,24,2,1
cust_009734,LOYAL,1285,34,33,1,0
cust_009735,RETURNING,381,5,5,0,0
cust_009736,RETURNING,322,4,4,0,0
cust_009737,LOYAL,1687,32,32,0,0
cust_009738,RETURNING,497,9,9,0,0
cust_009739,NEW,36,0,0,0,0
cust_009740,RETURNING,198,4,2,2,1
cust_009741,RETURNING,150,12,8,4,2
cust_009742,LOYAL,188,14,14,0,0
cust_009743,NEW,55,1,0,1,0
cust_009744,RETURNING,92,6,5,1,0
cust_009745,RETURNING,448,7,5,2,1
cust_009746,LOYAL,432,21,21,0,0
cust_009747,RETURNING,324,6,2,4,0
cust_009748,LOYAL,731,16,11,5,2
cust_009749,LOYAL,1048,28,22,6,3
cust_009750,RETURNING,243,6,5,1,0
cust_009751,LOYAL,1571,25,24,1,0
cust_009752,RETURNING,317,7,6,1,0
cust_009753,LOYAL,324,15,15,0,0
cust_009754,RETURNING,198,5,5,0,0
cust_009755,RETURNING,78,8,8,0,0
cust_009756,RETURNING,366,7,6,1,1
cust_009757,RETURNING,322,6,6,0,0
cust_009758,LOYAL,1579,24,22,2,2
cust_009759,LOYAL,475,14,13,1,0
cust_009760,NEW,8,0,0,0,0
cust_009761,RETURNING,99,4,1,3,1
cust_009762,RETURNING,117,5,4,1,0
cust_009763,RETURNING,175,5,5,0,0
cust_009764,NEW,58,1,0,1,0
cust_009765,RETURNING,415,5,4,1,0
cust_009766,LOYAL,1387,26,23,3,1
cust_009767,RETURNING,423,10,10,0,0
cust_009768,LOYAL,864,21,20,1,1
cust_009769,RETURNING,214,1,0,1,0
cust_009770,RETURNING,269,7,5,2,2
cust_009771,RETURNING,96,8,7,1,1
cust_009772,RETURNING,489,5,2,3,1
cust_009773,RETURNING,172,7,7,0,0
cust_009774,HIGH_VALUE,2610,28,28,0,0
cust_009775,LOYAL,1242,24,23,1,0
cust_009776,LOYAL,1234,26,24,2,1
cust_009777,NEW,10,0,0,0,0
cust_009778,NEW,26,0,0,0,0
cust_009779,NEW,49,0,0,0,0
cust_009780,HIGH_VALUE,879,45,41,4,3
cust_009781,LOYAL,476,22,19,3,1
cust_009782,RETURNING,123,6,4,2,1
cust_009783,HIGH_VALUE,1284,41,36,5,3
cust_009784,NEW,59,1,1,0,0
cust_009785,RETURNING,72,6,6,0,0
cust_009786,RETURNING,448,11,11,0,0
cust_009787,RETURNING,470,9,7,2,1
cust_009788,HIGH_VALUE,2213,37,36,1,1
cust_009789,LOYAL,1630,24,24,0,0
cust_009790,NEW,0,4,4,0,0
cust_009791,RETURNING,387,7,7,0,0
cust_009792,RETURNING,387,3,3,0,0
cust_009793,NEW,45,1,0,1,0
cust_009794,RETURNING,423,6,6,0,0
cust_009795,RETURNING,499,4,3,1,0
cust_009796,RETURNING,207,8,7,1,0
cust_009797,RETURNING,307,8,8,0,0
cust_009798,RETURNING,440,9,7,2,1
cust_009799,HIGH_VALUE,2792,31,30,1,0
cust_009800,RETURNING,495,4,3,1,1
cust_009801,RETURNING,172,8,7,1,0
cust_009802,RETURNING,485,9,6,3,0
cust_009803,LOYAL,1394,24,20,4,3
cust_009804,NEW,15,2,2,0,0
cust_009805,NEW,3,1,0,1,0
cust_009806,LOYAL,448,37,37,0,0
cust_009807,LOYAL,469,12,10,2,2
cust_009808,RETURNING,136,6,5,1,0
cust_009809,RETURNING,346,8,5,3,1
cust_009810,HIGH_VALUE,1282,45,44,1,1
cust_009811,NEW,50,0,0,0,0
cust_009812,RETURNING,160,5,4,1,0
cust_009813,RETURNING,345,4,3,1,0
cust_009814,RETURNING,236,7,5,2,1
cust_009815,RETURNING,463,10,8,2,1
cust_009816,LOYAL,1075,30,21,9,5
cust_009817,RETURNING,274,7,5,2,0
cust_009818,RETURNING,263,9,7,2,1
cust_009819,RETURNING,447,3,3,0,0
cust_009820,LOYAL,263,18,16,2,2
cust_009821,NEW,4,1,1,0,0
cust_009822,RETURNING,411,5,5,0,0
cust_009823,LOYAL,645,22,19,3,1
cust_009824,RETURNING,267,7,4,3,2
cust_009825,NEW,41,2,2,0,0
cust_009826,RETURNING,227,8,5,3,2
cust_009827,LOYAL,1641,26,26,0,0
cust_009828,NEW,58,0,0,0,0
cust_009829,LOYAL,1368,31,27,4,3
cust_009830,LOYAL,1105,20,19,1,0
cust_009831,RETURNING,251,7,7,0,0
cust_009832,RETURNING,397,8,7,1,1
cust_009833,LOYAL,898,30,27,3,1
cust_009834,RETURNING,455,1,0,1,1
cust_009835,LOYAL,390,21,16,5,2
cust_009836,LOYAL,1070,24,22,2,1
cust_009837,NEW,46,0,0,0,0
cust_009838,LOYAL,1533,19,19,0,0
cust_009839,RETURNING,187,5,5,0,0
cust_009840,RETURNING,422,9,7,2,1
cust_009841,RETURNING,63,13,11,2,1
cust_009842,RETURNING,278,6,5,1,0
cust_009843,LOYAL,691,23,19,4,2
cust_009844,LOYAL,1500,20,18,2,0
cust_009845,RETURNING,484,3,2,1,0
cust_009846,RETURNING,347,6,6,0,0
cust_009847,LOYAL,597,19,17,2,1
cust_009848,LOYAL,341,18,18,0,0
cust_009849,RETURNING,44,13,12,1,1
cust_009850,RETURNING,258,5,3,2,1
cust_009851,LOYAL,252,15,13,2,2
cust_009852,RETURNING,356,5,4,1,1
cust_009853,RETURNING,281,6,5,1,0
cust_009854,RETURNING,175,10,6,4,1
cust_009855,RETURNING,433,4,2,2,0
cust_009856,NEW,23,0,0,0,0
cust_009857,NEW,37,0,0,0,0
cust_009858,LOYAL,584,22,22,0,0
cust_009859,HIGH_VALUE,2430,25,24,1,1
cust_009860,RETURNING,305,11,9,2,1
cust_009861,NEW,13,1,1,0,0
cust_009862,LOYAL,518,27,26,1,0
cust_009863,RETURNING,396,4,4,0,0
cust_009864,HIGH_VALUE,2674,37,36,1,0
cust_009865,RETURNING,493,12,8,4,1
cust_009866,RETURNING,143,7,6,1,0
cust_009867,RETURNING,34,5,5,0,0
cust_009868,RETURNING,294,10,9,1,1
cust_009869,LOYAL,872,32,24,8,1
cust_009870,NEW,50,3,1,2,0
cust_009871,LOYAL,583,16,12,4,2
cust_009872,LOYAL,1498,22,18,4,0
cust_009873,LOYAL,1085,24,20,4,2
cust_009874,LOYAL,196,22,19,3,1
cust_009875,RETURNING,351,3,2,1,0
cust_009876,RETURNING,42,3,3,0,0
cust_009877,LOYAL,1551,33,30,3,1
cust_009878,RETURNING,317,7,7,0,0
cust_009879,NEW,33,1,1,0,0
cust_009880,RETURNING,46,6,6,0,0
cust_009881,RETURNING,188,10,10,0,0
cust_009882,LOYAL,283,21,18,3,0
cust_009883,RETURNING,258,19,14,5,2
cust_009884,LOYAL,223,16,15,1,0
cust_009885,HIGH_VALUE,1742,26,26,0,0
cust_009886,RETURNING,484,6,5,1,0
cust_009887,LOYAL,637,19,17,2,2
cust_009888,NEW,60,0,0,0,0
cust_009889,NEW,6,0,0,0,0
cust_009890,NEW,13,0,0,0,0
cust_009891,RETURNING,470,5,3,2,2
cust_009892,RETURNING,223,3,3,0,0
cust_009893,RETURNING,211,10,8,2,0
cust_009894,RETURNING,297,8,7,1,0
cust_009895,NEW,45,1,1,0,0
cust_009896,LOYAL,216,26,25,1,0
cust_009897,NEW,25,0,0,0,0
cust_009898,LOYAL,1637,22,16,6,4
cust_009899,LOYAL,978,23,21,2,0
cust_009900,LOYAL,595,28,19,9,3
cust_009901,RETURNING,143,6,5,1,1
cust_009902,RETURNING,263,5,4,1,0
cust_009903,RETURNING,277,2,2,0,0
cust_009904,HIGH_VALUE,408,35,29,6,5
cust_009905,HIGH_VALUE,2875,38,37,1,0
cust_009906,RETURNING,414,10,9,1,0
cust_009907,RETURNING,292,6,5,1,0
cust_009908,LOYAL,811,30,28,2,2
cust_009909,NEW,60,0,0,0,0
cust_009910,RETURNING,356,7,7,0,0
cust_009911,RETURNING,232,5,4,1,0
cust_009912,LOYAL,987,24,24,0,0
cust_009913,RETURNING,139,13,9,4,1
cust_009914,RETURNING,296,6,3,3,1
cust_009915,RETURNING,125,10,6,4,1
cust_009916,RETURNING,329,6,6,0,0
cust_009917,LOYAL,496,21,20,1,0
cust_009918,LOYAL,824,34,31,3,2
cust_009919,RETURNING,254,4,1,3,1
cust_009920,RETURNING,469,6,6,0,0
cust_009921,LOYAL,280,19,17,2,0
cust_009922,LOYAL,1108,23,21,2,1
cust_009923,RETURNING,241,11,9,2,1
cust_009924,RETURNING,314,6,6,0,0
cust_009925,NEW,27,1,0,1,0
cust_009926,LOYAL,1489,25,23,2,0
cust_009927,RETURNING,45,7,6,1,1
cust_009928,RETURNING,431,7,6,1,0
cust_009929,LOYAL,1679,26,24,2,1
cust_009930,RETURNING,83,7,5,2,0
cust_009931,LOYAL,279,19,18,1,1
cust_009932,RETURNING,446,13,8,5,0
cust_009933,RETURNING,484,10,8,2,0
cust_009934,HIGH_VALUE,953,35,33,2,1
cust_009935,HIGH_VALUE,2894,39,37,2,1
cust_009936,HIGH_VALUE,917,25,22,3,2
cust_009937,LOYAL,1726,25,23,2,1
cust_009938,RETURNING,436,4,2,2,0
cust_009939,RETURNING,362,7,7,0,0
cust_009940,RETURNING,151,2,2,0,0
cust_009941,HIGH_VALUE,1403,36,30,6,4
cust_009942,RETURNING,318,13,8,5,1
cust_009943,LOYAL,683,26,22,4,2
cust_009944,LOYAL,434,24,24,0,0
cust_009945,HIGH_VALUE,1637,46,46,0,0
cust_009946,HIGH_VALUE,1900,41,40,1,1
cust_009947,RETURNING,267,10,7,3,1
cust_009948,RETURNING,398,3,3,0,0
cust_009949,HIGH_VALUE,2633,28,24,4,2
cust_009950,RETURNING,187,7,7,0,0
cust_009951,RETURNING,396,8,6,2,0
cust_009952,HIGH_VALUE,1535,44,40,4,1
cust_009953,LOYAL,210,27,22,5,2
cust_009954,RETURNING,136,3,3,0,0
cust_009955,NEW,41,0,0,0,0
cust_009956,RETURNING,319,9,5,4,1
cust_009957,HIGH_VALUE,1419,39,38,1,0
cust_009958,RETURNING,383,4,4,0,0
cust_009959,RETURNING,212,10,10,0,0
cust_009960,RETURNING,361,4,3,1,1
cust_009961,LOYAL,470,26,26,0,0
cust_009962,LOYAL,1744,23,21,2,1
cust_009963,RETURNING,253,5,4,1,1
cust_009964,RETURNING,420,5,5,0,0
cust_009965,RETURNING,485,4,4,0,0
cust_009966,RETURNING,291,3,1,2,0
cust_009967,RETURNING,322,7,6,1,1
cust_009968,RETURNING,467,9,7,2,1
cust_009969,RETURNING,191,5,5,0,0
cust_009970,RETURNING,98,7,7,0,0
cust_009971,RETURNING,268,13,11,2,1
cust_009972,NEW,38,0,0,0,0
cust_009973,NEW,51,0,0,0,0
cust_009974,LOYAL,1153,25,25,0,0
cust_009975,RETURNING,267,10,7,3,0
cust_009976,NEW,52,0,0,0,0
cust_009977,HIGH_VALUE,770,38,35,3,2
cust_009978,RETURNING,238,5,4,1,0
cust_009979,LOYAL,324,21,20,1,1
cust_009980,RETURNING,394,5,5,0,0
cust_009981,LOYAL,1343,25,21,4,2
cust_009982,RETURNING,283,7,6,1,1
cust_009983,RETURNING,457,5,5,0,0
cust_009984,LOYAL,1776,17,17,0,0
cust_009985,LOYAL,500,27,26,1,1
cust_009986,RETURNING,112,3,3,0,0
cust_009987,LOYAL,797,27,26,1,1
cust_009988,RETURNING,171,7,6,1,1
cust_009989,LOYAL,1140,30,26,4,1
cust_009990,LOYAL,885,22,18,4,3
cust_009991,NEW,30,0,0,0,0
cust_009992,LOYAL,454,26,26,0,0
cust_009993,HIGH_VALUE,394,26,25,1,1
cust_009994,LOYAL,1290,27,22,5,3
cust_009995,NEW,15,1,1,0,0
cust_009996,LOYAL,764,26,17,9,7
cust_009997,RETURNING,487,11,11,0,0
cust_009998,RETURNING,407,1,1,0,0
cust_009999,LOYAL,1171,30,30,0,0
cust_010000,RETURNING,488,6,6,0,0
cust_010001,LOYAL,1048,31,19,12,7
cust_010002,LOYAL,943,38,31,7,4
cust_010003,RETURNING,468,8,5,3,1
cust_010004,HIGH_VALUE,1618,39,37,2,0
cust_010005,RETURNING,417,3,2,1,1
cust_010006,RETURNING,120,12,10,2,0
cust_010007,RETURNING,132,6,4,2,0
cust_010008,NEW,4,1,1,0,0
cust_010009,LOYAL,471,31,27,4,1
cust_010010,RETURNING,496,4,3,1,0
cust_010011,HIGH_VALUE,384,33,31,2,1
cust_010012,HIGH_VALUE,516,34,30,4,3
cust_010013,LOYAL,925,28,25,3,2
cust_010014,RETURNING,138,9,7,2,0
cust_010015,LOYAL,1207,26,26,0,0
cust_010016,NEW,39,1,1,0,0
cust_010017,LOYAL,1096,23,21,2,0
cust_010018,RETURNING,153,6,5,1,0
cust_010019,HIGH_VALUE,1560,39,36,3,0
cust_010020,RETURNING,474,9,5,4,1
cust_010021,RETURNING,318,9,7,2,1
cust_010022,HIGH_VALUE,2004,46,41,5,3
cust_010023,RETURNING,313,13,12,1,0
cust_010024,LOYAL,471,22,22,0,0
cust_010025,LOYAL,214,22,21,1,0
cust_010026,RETURNING,194,8,8,0,0
cust_010027,RETURNING,95,6,5,1,1
cust_010028,RETURNING,200,7,5,2,2
cust_010029,LOYAL,671,33,26,7,3
cust_010030,HIGH_VALUE,566,39,35,4,1
cust_010031,RETURNING,39,7,5,2,1
cust_010032,LOYAL,1347,25,23,2,1
cust_010033,RETURNING,247,9,8,1,0
cust_010034,RETURNING,312,5,4,1,0
cust_010035,LOYAL,1530,29,28,1,1
cust_010036,LOYAL,730,17,17,0,0
cust_010037,RETURNING,97,6,4,2,0
cust_010038,RETURNING,237,4,4,0,0
cust_010039,RETURNING,31,10,7,3,1
cust_010040,NEW,16,1,1,0,0
cust_010041,RETURNING,239,7,6,1,1
cust_010042,LOYAL,1350,27,26,1,0
cust_010043,RETURNING,341,7,7,0,0
cust_010044,RETURNING,385,8,6,2,1
cust_010045,LOYAL,1679,19,18,1,0
cust_010046,RETURNING,267,12,8,4,3
cust_010047,RETURNING,270,7,7,0,0
cust_010048,HIGH_VALUE,1828,35,32,3,1
cust_010049,NEW,50,0,0,0,0
cust_010050,RETURNING,128,7,5,2,0
cust_010051,RETURNING,110,6,4,2,1
cust_010052,RETURNING,44,12,9,3,0
cust_010053,RETURNING,54,6,5,1,0
cust_010054,RETURNING,411,6,5,1,0
cust_010055,RETURNING,62,3,2,1,0
cust_010056,LOYAL,775,27,23,4,1
cust_010057,RETURNING,452,6,5,1,0
cust_010058,RETURNING,143,7,6,1,0
cust_010059,RETURNING,238,3,2,1,0
cust_010060,HIGH_VALUE,2245,43,43,0,0
cust_010061,NEW,43,0,0,0,0
cust_010062,LOYAL,1198,20,18,2,0
cust_010063,RETURNING,191,6,5,1,0
cust_010064,HIGH_VALUE,2828,35,31,4,1
cust_010065,RETURNING,224,2,1,1,0
cust_010066,NEW,16,2,2,0,0
cust_010067,RETURNING,208,6,5,1,1
cust_010068,RETURNING,490,6,5,1,0
cust_010069,LOYAL,385,20,20,0,0
cust_010070,RETURNING,59,5,4,1,1
cust_010071,LOYAL,829,25,23,2,1
cust_010072,RETURNING,488,8,7,1,1
cust_010073,LOYAL,1594,28,28,0,0
cust_010074,RETURNING,62,15,10,5,2
cust_010075,HIGH_VALUE,2130,26,23,3,2
cust_010076,LOYAL,362,25,22,3,2
cust_010077,RETURNING,470,11,10,1,0
cust_010078,LOYAL,1577,13,11,2,2
cust_010079,RETURNING,186,10,8,2,0
cust_010080,RETURNING,152,10,6,4,3
cust_010081,RETURNING,214,11,10,1,0
cust_010082,LOYAL,1528,23,21,2,1
cust_010083,RETURNING,69,5,5,0,0
cust_010084,NEW,60,1,0,1,0
cust_010085,LOYAL,1259,25,24,1,1
cust_010086,NEW,1,0,0,0,0
cust_010087,LOYAL,1041,20,18,2,1
cust_010088,NEW,7,0,0,0,0
cust_010089,RETURNING,156,11,11,0,0
cust_010090,LOYAL,601,27,26,1,1
cust_010091,NEW,15,0,0,0,0
cust_010092,LOYAL,1695,29,28,1,0
cust_010093,RETURNING,99,13,13,0,0
cust_010094,LOYAL,1223,24,19,5,4
cust_010095,NEW,33,1,1,0,0
cust_010096,LOYAL,507,23,20,3,2
cust_010097,RETURNING,159,6,4,2,1
cust_010098,RETURNING,462,3,2,1,0
cust_010099,RETURNING,173,4,4,0,0
cust_010100,RETURNING,37,4,4,0,0
cust_010101,RETURNING,76,6,6,0,0
cust_010102,NEW,0,2,2,0,0
cust_010103,RETURNING,281,7,7,0,0
cust_010104,RETURNING,152,6,6,0,0
cust_010105,RETURNING,146,3,3,0,0
cust_010106,NEW,24,0,0,0,0
cust_010107,RETURNING,228,8,7,1,0
cust_010108,RETURNING,361,6,5,1,0
cust_010109,LOYAL,1784,22,22,0,0
cust_010110,LOYAL,182,27,27,0,0
cust_010111,RETURNING,49,3,3,0,0
cust_010112,LOYAL,719,18,17,1,1
cust_010113,NEW,54,0,0,0,0
cust_010114,HIGH_VALUE,476,31,26,5,2
cust_010115,RETURNING,304,5,4,1,1
cust_010116,RETURNING,32,9,6,3,3
cust_010117,RETURNING,458,2,2,0,0
cust_010118,NEW,16,3,2,1,1
cust_010119,LOYAL,1312,25,24,1,0
cust_010120,RETURNING,312,6,5,1,0
cust_010121,RETURNING,345,7,6,1,1
cust_010122,RETURNING,229,7,5,2,1
cust_010123,HIGH_VALUE,2034,36,30,6,1
cust_010124,LOYAL,416,24,24,0,0
cust_010125,LOYAL,468,19,19,0,0
cust_010126,LOYAL,345,19,18,1,1
cust_010127,LOYAL,537,17,16,1,0
cust_010128,RETURNING,63,8,6,2,1
cust_010129,NEW,9,0,0,0,0
cust_010130,RETURNING,332,2,2,0,0
cust_010131,RETURNING,321,5,4,1,1
cust_010132,LOYAL,317,19,15,4,1
cust_010133,NEW,52,0,0,0,0
cust_010134,NEW,29,1,1,0,0
cust_010135,LOYAL,448,21,18,3,2
cust_010136,NEW,13,1,0,1,1
cust_010137,NEW,51,3,2,1,1
cust_010138,NEW,60,0,0,0,0
cust_010139,LOYAL,280,28,28,0,0
cust_010140,NEW,54,2,2,0,0
cust_010141,NEW,45,1,1,0,0
cust_010142,RETURNING,454,7,7,0,0
cust_010143,LOYAL,1069,29,27,2,1
cust_010144,RETURNING,287,7,5,2,1
cust_010145,NEW,36,1,0,1,0
cust_010146,LOYAL,1355,21,20,1,0
cust_010147,LOYAL,300,31,29,2,0
cust_010148,RETURNING,192,6,5,1,1
cust_010149,RETURNING,235,6,2,4,1
cust_010150,RETURNING,325,10,9,1,1
cust_010151,LOYAL,1126,31,29,2,0
cust_010152,RETURNING,186,14,9,5,1
cust_010153,HIGH_VALUE,2409,29,26,3,2
cust_010154,LOYAL,1201,26,23,3,1
cust_010155,RETURNING,269,7,7,0,0
cust_010156,NEW,25,0,0,0,0
cust_010157,LOYAL,1072,23,22,1,1
cust_010158,LOYAL,1049,25,23,2,0
cust_010159,LOYAL,283,19,18,1,1
cust_010160,NEW,46,0,0,0,0
cust_010161,LOYAL,302,26,24,2,2
cust_010162,LOYAL,1294,39,36,3,1
cust_010163,HIGH_VALUE,1088,42,40,2,1
cust_010164,RETURNING,350,7,7,0,0
cust_010165,RETURNING,313,4,3,1,0
cust_010166,RETURNING,274,8,8,0,0
cust_010167,LOYAL,562,19,17,2,1
cust_010168,LOYAL,931,20,18,2,2
cust_010169,RETURNING,483,6,6,0,0
cust_010170,RETURNING,462,10,8,2,0
cust_010171,NEW,45,0,0,0,0
cust_010172,RETURNING,448,7,6,1,0
cust_010173,LOYAL,361,30,27,3,0
cust_010174,NEW,32,0,0,0,0
cust_010175,RETURNING,367,6,6,0,0
cust_010176,HIGH_VALUE,1567,39,32,7,2
cust_010177,RETURNING,95,4,4,0,0
cust_010178,RETURNING,460,7,6,1,0
cust_010179,RETURNING,262,4,3,1,0
cust_010180,RETURNING,177,11,11,0,0
cust_010181,NEW,56,0,0,0,0
cust_010182,LOYAL,1342,23,19,4,2
cust_010183,RETURNING,186,9,6,3,1
cust_010184,RETURNING,287,6,6,0,0
cust_010185,RETURNING,499,10,8,2,1
cust_010186,NEW,23,0,0,0,0
cust_010187,NEW,35,1,1,0,0
cust_010188,NEW,12,0,0,0,0
cust_010189,NEW,60,3,3,0,0
cust_010190,LOYAL,678,25,23,2,2
cust_010191,NEW,19,0,0,0,0
cust_010192,LOYAL,475,22,20,2,0
cust_010193,NEW,36,0,0,0,0
cust_010194,NEW,27,0,0,0,0
cust_010195,NEW,41,3,1,2,0
cust_010196,RETURNING,346,3,3,0,0
cust_010197,RETURNING,357,6,6,0,0
cust_010198,LOYAL,1753,20,17,3,1
cust_010199,NEW,32,1,0,1,1
cust_010200,RETURNING,191,10,10,0,0
cust_010201,LOYAL,763,20,18,2,0
cust_010202,RETURNING,37,7,5,2,1
cust_010203,NEW,24,1,0,1,1
cust_010204,NEW,41,2,1,1,1
cust_010205,NEW,60,0,0,0,0
cust_010206,LOYAL,1136,15,15,0,0
cust_010207,RETURNING,102,6,5,1,0
cust_010208,RETURNING,66,8,7,1,1
cust_010209,LOYAL,633,20,19,1,0
cust_010210,RETURNING,400,4,4,0,0
cust_010211,RETURNING,346,5,2,3,0
cust_010212,NEW,16,0,0,0,0
cust_010213,RETURNING,477,4,3,1,0
cust_010214,NEW,8,0,0,0,0
cust_010215,RETURNING,419,6,6,0,0
cust_010216,RETURNING,208,7,6,1,1
cust_010217,LOYAL,731,26,25,1,1
cust_010218,LOYAL,1716,22,17,5,0
cust_010219,LOYAL,542,30,25,5,1
cust_010220,NEW,42,2,1,1,0
cust_010221,HIGH_VALUE,625,38,35,3,0
cust_010222,NEW,19,1,1,0,0
cust_010223,LOYAL,1185,31,30,1,0
cust_010224,LOYAL,1782,20,18,2,2
cust_010225,RETURNING,485,8,7,1,1
cust_010226,RETURNING,469,9,8,1,0
cust_010227,LOYAL,240,23,22,1,0
cust_010228,LOYAL,1691,19,16,3,1
cust_010229,NEW,42,1,1,0,0
cust_010230,LOYAL,500,26,23,3,0
cust_010231,NEW,33,1,1,0,0
cust_010232,RETURNING,127,5,4,1,1
cust_010233,RETURNING,66,9,9,0,0
cust_010234,LOYAL,1577,24,21,3,2
cust_010235,RETURNING,340,9,9,0,0
cust_010236,RETURNING,134,5,4,1,1
cust_010237,RETURNING,145,5,5,0,0
cust_010238,RETURNING,126,4,4,0,0
cust_010239,RETURNING,445,9,6,3,1
cust_010240,RETURNING,448,9,7,2,1
cust_010241,LOYAL,391,20,19,1,1
cust_010242,RETURNING,39,10,9,1,0
cust_010243,RETURNING,148,3,3,0,0
cust_010244,RETURNING,444,4,2,2,2
cust_010245,NEW,3,4,2,2,1
cust_010246,RETURNING,49,5,4,1,0
cust_010247,RETURNING,147,8,8,0,0
cust_010248,RETURNING,419,9,8,1,0
cust_010249,RETURNING,444,4,3,1,0
cust_010250,RETURNING,230,9,7,2,1
cust_010251,LOYAL,980,28,26,2,0
cust_010252,RETURNING,66,6,6,0,0
cust_010253,RETURNING,136,10,8,2,0
cust_010254,NEW,60,1,1,0,0
cust_010255,NEW,39,1,0,1,1
cust_010256,RETURNING,150,8,7,1,0
cust_010257,LOYAL,1689,24,21,3,1
cust_010258,NEW,19,1,0,1,1
cust_010259,RETURNING,495,8,7,1,1
cust_010260,RETURNING,384,6,6,0,0
cust_010261,RETURNING,299,6,6,0,0
cust_010262,HIGH_VALUE,2630,39,38,1,0
cust_010263,RETURNING,354,9,7,2,1
cust_010264,NEW,58,3,2,1,0
cust_010265,RETURNING,219,7,5,2,1
cust_010266,NEW,5,1,0,1,1
cust_010267,NEW,33,1,0,1,1
cust_010268,RETURNING,222,12,10,2,2
cust_010269,RETURNING,195,8,6,2,0
cust_010270,NEW,17,1,1,0,0
cust_010271,RETURNING,317,15,13,2,0
cust_010272,RETURNING,178,6,6,0,0
cust_010273,NEW,58,1,1,0,0
cust_010274,LOYAL,1159,24,21,3,1
cust_010275,RETURNING,184,8,8,0,0
cust_010276,HIGH_VALUE,2060,36,26,10,1
cust_010277,HIGH_VALUE,2389,43,38,5,3
cust_010278,RETURNING,342,10,6,4,2
cust_010279,RETURNING,225,8,6,2,1
cust_010280,LOYAL,506,28,24,4,0
cust_010281,RETURNING,84,10,7,3,1
cust_010282,NEW,8,1,1,0,0
cust_010283,RETURNING,357,7,6,1,0
cust_010284,RETURNING,485,3,3,0,0
cust_010285,LOYAL,733,17,16,1,0
cust_010286,LOYAL,1388,19,18,1,0
cust_010287,LOYAL,1114,19,12,7,3
cust_010288,LOYAL,382,18,14,4,1
cust_010289,RETURNING,296,9,8,1,1
cust_010290,RETURNING,91,2,1,1,0
cust_010291,HIGH_VALUE,2232,39,37,2,1
cust_010292,HIGH_VALUE,642,30,30,0,0
cust_010293,LOYAL,583,28,25,3,3
cust_010294,LOYAL,287,25,25,0,0
cust_010295,RETURNING,458,9,6,3,1
cust_010296,RETURNING,315,3,3,0,0
cust_010297,LOYAL,1479,23,18,5,3
cust_010298,NEW,24,1,1,0,0
cust_010299,RETURNING,444,7,7,0,0
cust_010300,RETURNING,158,9,9,0,0
cust_010301,RETURNING,79,6,5,1,0
cust_010302,RETURNING,164,6,4,2,2
cust_010303,NEW,29,0,0,0,0
cust_010304,NEW,60,1,1,0,0
cust_010305,RETURNING,166,2,2,0,0
cust_010306,RETURNING,180,3,3,0,0
cust_010307,NEW,20,0,0,0,0
cust_010308,LOYAL,417,20,18,2,0
cust_010309,RETURNING,409,9,8,1,1
cust_010310,RETURNING,103,8,7,1,1
cust_010311,RETURNING,447,8,6,2,2
cust_010312,RETURNING,478,5,5,0,0
cust_010313,LOYAL,1036,25,21,4,1
cust_010314,NEW,43,1,1,0,0
cust_010315,RETURNING,241,10,9,1,0
cust_010316,LOYAL,1335,23,22,1,0
cust_010317,NEW,0,0,0,0,0
cust_010318,LOYAL,1241,16,15,1,0
cust_010319,HIGH_VALUE,1234,35,34,1,0
cust_010320,RETURNING,214,3,2,1,0
cust_010321,HIGH_VALUE,418,37,35,2,2
cust_010322,RETURNING,210,8,6,2,0
cust_010323,RETURNING,405,2,2,0,0
cust_010324,NEW,56,3,3,0,0
cust_010325,NEW,48,1,0,1,1
cust_010326,RETURNING,80,8,7,1,0
cust_010327,RETURNING,225,14,12,2,0
cust_010328,RETURNING,131,4,2,2,1
cust_010329,RETURNING,217,4,4,0,0
cust_010330,RETURNING,100,2,2,0,0
cust_010331,RETURNING,476,6,5,1,1
cust_010332,RETURNING,111,5,4,1,0
cust_010333,RETURNING,88,9,9,0,0
cust_010334,LOYAL,980,28,25,3,1
cust_010335,RETURNING,191,8,6,2,2
cust_010336,LOYAL,399,25,25,0,0
cust_010337,NEW,2,0,0,0,0
cust_010338,RETURNING,336,6,6,0,0
cust_010339,HIGH_VALUE,2919,38,38,0,0
cust_010340,NEW,24,0,0,0,0
cust_010341,RETURNING,411,8,7,1,0
cust_010342,NEW,18,0,0,0,0
cust_010343,NEW,57,0,0,0,0
cust_010344,RETURNING,163,6,5,1,0
cust_010345,NEW,0,0,0,0,0
cust_010346,RETURNING,440,11,10,1,0
cust_010347,LOYAL,1619,24,18,6,1
cust_010348,RETURNING,61,11,10,1,0
cust_010349,NEW,27,1,1,0,0
cust_010350,LOYAL,712,23,18,5,2
cust_010351,RETURNING,38,7,7,0,0
cust_010352,LOYAL,218,22,21,1,0
cust_010353,RETURNING,297,7,7,0,0
cust_010354,RETURNING,336,6,6,0,0
cust_010355,LOYAL,1386,40,38,2,2
cust_010356,NEW,32,3,1,2,1
cust_010357,LOYAL,774,25,25,0,0
cust_010358,RETURNING,92,9,8,1,0
cust_010359,LOYAL,613,20,20,0,0
cust_010360,NEW,56,0,0,0,0
cust_010361,RETURNING,43,9,9,0,0
cust_010362,NEW,6,1,1,0,0
cust_010363,HIGH_VALUE,1173,48,46,2,1
cust_010364,NEW,13,1,1,0,0
cust_010365,NEW,5,0,0,0,0
cust_010366,LOYAL,1539,23,23,0,0
cust_010367,RETURNING,240,10,8,2,0
cust_010368,RETURNING,223,7,7,0,0
cust_010369,RETURNING,339,7,2,5,4
cust_010370,RETURNING,345,8,8,0,0
cust_010371,RETURNING,262,9,6,3,2
cust_010372,RETURNING,447,6,5,1,0
cust_010373,RETURNING,169,10,8,2,0
cust_010374,RETURNING,440,5,4,1,1
cust_010375,RETURNING,438,6,5,1,1
cust_010376,NEW,51,1,1,0,0
cust_010377,LOYAL,343,18,16,2,1
cust_010378,NEW,6,0,0,0,0
cust_010379,RETURNING,258,4,2,2,0
cust_010380,RETURNING,462,5,5,0,0
cust_010381,RETURNING,122,9,6,3,2
cust_010382,LOYAL,953,24,21,3,3
cust_010383,RETURNING,396,8,8,0,0
cust_010384,LOYAL,1748,31,27,4,1
cust_010385,LOYAL,1459,22,21,1,0
cust_010386,LOYAL,428,18,17,1,0
cust_010387,LOYAL,498,22,19,3,2
cust_010388,NEW,0,0,0,0,0
cust_010389,HIGH_VALUE,1918,24,20,4,2
cust_010390,LOYAL,1372,27,26,1,1
cust_010391,RETURNING,281,6,6,0,0
cust_010392,NEW,50,0,0,0,0
cust_010393,NEW,59,0,0,0,0
cust_010394,RETURNING,400,13,12,1,1
cust_010395,RETURNING,270,7,6,1,1
cust_010396,LOYAL,1317,21,18,3,1
cust_010397,RETURNING,384,9,6,3,1
cust_010398,RETURNING,141,8,8,0,0
cust_010399,RETURNING,266,6,4,2,1
cust_010400,NEW,9,2,2,0,0
cust_010401,NEW,34,2,2,0,0
cust_010402,LOYAL,697,13,12,1,1
cust_010403,RETURNING,361,4,3,1,0
cust_010404,HIGH_VALUE,937,37,30,7,6
cust_010405,LOYAL,391,23,23,0,0
cust_010406,LOYAL,1063,22,16,6,2
cust_010407,RETURNING,249,6,5,1,1
cust_010408,LOYAL,1473,21,20,1,0
cust_010409,HIGH_VALUE,546,48,48,0,0
cust_010410,LOYAL,1239,29,21,8,2
cust_010411,NEW,16,0,0,0,0
cust_010412,RETURNING,208,6,6,0,0
cust_010413,NEW,15,2,2,0,0
cust_010414,NEW,10,1,1,0,0
cust_010415,LOYAL,1677,20,19,1,1
cust_010416,LOYAL,450,18,14,4,1
cust_010417,NEW,30,0,0,0,0
cust_010418,NEW,14,1,1,0,0
cust_010419,LOYAL,934,25,19,6,2
cust_010420,NEW,40,3,1,2,1
cust_010421,NEW,51,0,0,0,0
cust_010422,LOYAL,1464,18,15,3,1
cust_010423,LOYAL,435,19,18,1,0
cust_010424,RETURNING,407,7,6,1,1
cust_010425,RETURNING,425,9,6,3,2
cust_010426,RETURNING,425,8,8,0,0
cust_010427,RETURNING,183,5,5,0,0
cust_010428,LOYAL,1361,20,19,1,0
cust_010429,LOYAL,1321,34,26,8,2
cust_010430,RETURNING,294,5,5,0,0
cust_010431,RETURNING,98,8,8,0,0
cust_010432,RETURNING,174,7,6,1,1
cust_010433,NEW,48,0,0,0,0
cust_010434,RETURNING,229,8,7,1,1
cust_010435,NEW,58,1,1,0,0
cust_010436,LOYAL,829,27,27,0,0
cust_010437,RETURNING,487,6,6,0,0
cust_010438,LOYAL,915,20,19,1,1
cust_010439,RETURNING,232,8,6,2,1
cust_010440,LOYAL,1656,20,18,2,0
cust_010441,HIGH_VALUE,1895,25,21,4,0
cust_010442,RETURNING,224,6,5,1,1
cust_010443,NEW,2,1,1,0,0
cust_010444,LOYAL,342,16,15,1,1
cust_010445,NEW,40,1,0,1,0
cust_010446,RETURNING,336,6,6,0,0
cust_010447,NEW,28,0,0,0,0
cust_010448,LOYAL,1725,27,26,1,0
cust_010449,NEW,34,1,1,0,0
cust_010450,RETURNING,238,5,4,1,0
cust_010451,RETURNING,380,7,7,0,0
cust_010452,RETURNING,306,4,3,1,0
cust_010453,RETURNING,89,6,6,0,0
cust_010454,LOYAL,1780,26,25,1,1
cust_010455,LOYAL,1057,32,30,2,0
cust_010456,RETURNING,346,3,3,0,0
cust_010457,RETURNING,37,5,5,0,0
cust_010458,LOYAL,718,21,18,3,1
cust_010459,LOYAL,1388,28,28,0,0
cust_010460,RETURNING,429,5,5,0,0
cust_010461,RETURNING,295,10,7,3,2
cust_010462,NEW,2,0,0,0,0
cust_010463,NEW,13,1,1,0,0
cust_010464,NEW,28,1,1,0,0
cust_010465,NEW,49,1,1,0,0
cust_010466,NEW,28,1,0,1,0
cust_010467,LOYAL,1625,21,15,6,3
cust_010468,LOYAL,1707,19,14,5,1
cust_010469,LOYAL,1190,22,21,1,1
cust_010470,RETURNING,329,3,3,0,0
cust_010471,RETURNING,122,12,8,4,1
cust_010472,NEW,42,1,1,0,0
cust_010473,LOYAL,1037,20,16,4,2
cust_010474,RETURNING,412,10,3,7,3
cust_010475,RETURNING,357,11,11,0,0
cust_010476,HIGH_VALUE,2696,32,30,2,0
cust_010477,LOYAL,1743,24,19,5,2
cust_010478,RETURNING,139,10,9,1,0
cust_010479,LOYAL,1295,25,24,1,0
cust_010480,NEW,15,0,0,0,0
cust_010481,NEW,43,1,1,0,0
cust_010482,NEW,11,1,1,0,0
cust_010483,NEW,9,0,0,0,0
cust_010484,LOYAL,403,20,19,1,1
cust_010485,RETURNING,93,9,8,1,0
cust_010486,NEW,12,0,0,0,0
cust_010487,HIGH_VALUE,581,37,37,0,0
cust_010488,RETURNING,279,7,5,2,1
cust_010489,RETURNING,307,8,5,3,0
cust_010490,RETURNING,288,10,8,2,2
cust_010491,RETURNING,303,5,5,0,0
cust_010492,RETURNING,176,5,5,0,0
cust_010493,RETURNING,113,6,6,0,0
cust_010494,LOYAL,329,25,24,1,0
cust_010495,RETURNING,219,8,7,1,0
cust_010496,RETURNING,127,3,3,0,0
cust_010497,NEW,13,1,1,0,0
cust_010498,LOYAL,1472,15,13,2,1
cust_010499,RETURNING,193,10,8,2,1
cust_010500,RETURNING,379,5,4,1,1
cust_010501,HIGH_VALUE,380,41,41,0,0
cust_010502,RETURNING,426,8,6,2,0
cust_010503,NEW,44,0,0,0,0
cust_010504,RETURNING,332,3,3,0,0
cust_010505,RETURNING,231,5,4,1,1
cust_010506,HIGH_VALUE,779,42,37,5,0
cust_010507,RETURNING,264,7,7,0,0
cust_010508,RETURNING,489,5,2,3,2
cust_010509,RETURNING,387,7,7,0,0
cust_010510,RETURNING,204,7,6,1,1
cust_010511,NEW,47,1,0,1,0
cust_010512,LOYAL,670,24,21,3,1
cust_010513,NEW,44,2,1,1,0
cust_010514,LOYAL,1559,27,27,0,0
cust_010515,LOYAL,389,23,22,1,1
cust_010516,NEW,9,1,1,0,0
cust_010517,LOYAL,1387,21,18,3,0
cust_010518,LOYAL,1172,20,16,4,4
cust_010519,RETURNING,421,9,8,1,1
cust_010520,RETURNING,485,3,3,0,0
cust_010521,NEW,16,2,2,0,0
cust_010522,NEW,60,1,1,0,0
cust_010523,LOYAL,477,30,30,0,0
cust_010524,NEW,8,1,1,0,0
cust_010525,RETURNING,317,6,6,0,0
cust_010526,RETURNING,229,5,5,0,0
cust_010527,NEW,56,0,0,0,0
cust_010528,LOYAL,558,21,16,5,4
cust_010529,LOYAL,1535,25,22,3,2
cust_010530,LOYAL,1024,17,16,1,0
cust_010531,NEW,15,2,1,1,1
cust_010532,RETURNING,479,6,4,2,0
cust_010533,LOYAL,1255,31,31,0,0
cust_010534,RETURNING,354,5,3,2,0
cust_010535,LOYAL,228,25,20,5,2
cust_010536,RETURNING,494,6,4,2,0
cust_010537,RETURNING,336,6,6,0,0
cust_010538,RETURNING,146,5,4,1,0
cust_010539,RETURNING,191,8,7,1,1
cust_010540,NEW,6,1,1,0,0
cust_010541,LOYAL,1000,23,22,1,1
cust_010542,RETURNING,174,5,4,1,0
cust_010543,NEW,22,2,2,0,0
cust_010544,LOYAL,1603,19,18,1,1
cust_010545,RETURNING,167,7,7,0,0
cust_010546,RETURNING,117,7,4,3,0
cust_010547,HIGH_VALUE,1641,47,42,5,3
cust_010548,LOYAL,223,29,26,3,2
cust_010549,RETURNING,233,4,3,1,1
cust_010550,LOYAL,485,21,20,1,0
cust_010551,RETURNING,217,8,8,0,0
cust_010552,RETURNING,179,6,6,0,0
cust_010553,RETURNING,243,8,7,1,1
cust_010554,NEW,50,1,0,1,0
cust_010555,RETURNING,50,5,5,0,0
cust_010556,RETURNING,449,6,6,0,0
cust_010557,LOYAL,280,19,19,0,0
cust_010558,RETURNING,95,8,7,1,0
cust_010559,RETURNING,112,4,2,2,1
cust_010560,LOYAL,638,15,15,0,0
cust_010561,HIGH_VALUE,1481,40,40,0,0
cust_010562,RETURNING,71,5,5,0,0
cust_010563,LOYAL,1615,27,25,2,2
cust_010564,LOYAL,1337,14,10,4,2
cust_010565,NEW,6,1,0,1,1
cust_010566,RETURNING,175,14,9,5,1
cust_010567,RETURNING,500,9,8,1,1
cust_010568,LOYAL,1740,33,32,1,0
cust_010569,RETURNING,484,6,5,1,0
cust_010570,RETURNING,291,8,7,1,0
cust_010571,LOYAL,1586,31,26,5,3
cust_010572,RETURNING,332,5,3,2,2
cust_010573,RETURNING,254,3,2,1,1
cust_010574,LOYAL,590,20,18,2,1
cust_010575,HIGH_VALUE,1083,31,29,2,1
cust_010576,LOYAL,1487,30,25,5,4
cust_010577,RETURNING,83,9,9,0,0
cust_010578,NEW,11,1,1,0,0
cust_010579,RETURNING,139,6,6,0,0
cust_010580,RETURNING,344,6,6,0,0
cust_010581,RETURNING,93,1,1,0,0
cust_010582,LOYAL,1341,24,23,1,0
cust_010583,LOYAL,1470,23,23,0,0
cust_010584,RETURNING,192,6,4,2,2
cust_010585,RETURNING,297,5,4,1,0
cust_010586,RETURNING,43,6,5,1,1
cust_010587,RETURNING,118,9,8,1,0
cust_010588,LOYAL,767,28,24,4,1
cust_010589,NEW,47,0,0,0,0
cust_010590,LOYAL,214,15,15,0,0
cust_010591,NEW,6,0,0,0,0
cust_010592,RETURNING,144,9,9,0,0
cust_010593,HIGH_VALUE,1395,51,50,1,0
cust_010594,RETURNING,453,5,5,0,0
cust_010595,NEW,59,1,1,0,0
cust_010596,RETURNING,450,7,7,0,0
cust_010597,RETURNING,224,3,2,1,1
cust_010598,NEW,15,0,0,0,0
cust_010599,NEW,59,2,2,0,0
cust_010600,NEW,16,0,0,0,0
cust_010601,RETURNING,474,6,4,2,1
cust_010602,RETURNING,500,9,8,1,0
cust_010603,LOYAL,411,21,17,4,3
cust_010604,LOYAL,995,24,18,6,3
cust_010605,NEW,8,0,0,0,0
cust_010606,RETURNING,276,12,9,3,0
cust_010607,NEW,42,0,0,0,0
cust_010608,RETURNING,336,4,4,0,0
cust_010609,RETURNING,219,7,7,0,0
cust_010610,LOYAL,1677,19,16,3,2
cust_010611,RETURNING,374,6,5,1,0
cust_010612,RETURNING,405,7,6,1,1
cust_010613,LOYAL,485,17,15,2,1
cust_010614,LOYAL,696,34,32,2,2
cust_010615,RETURNING,487,10,8,2,0
cust_010616,RETURNING,365,8,6,2,2
cust_010617,HIGH_VALUE,2372,32,29,3,2
cust_010618,RETURNING,148,6,5,1,1
cust_010619,LOYAL,196,28,28,0,0
cust_010620,LOYAL,1008,19,19,0,0
cust_010621,RETURNING,322,9,9,0,0
cust_010622,RETURNING,287,6,6,0,0
cust_010623,NEW,21,1,0,1,1
cust_010624,RETURNING,357,8,6,2,0
cust_010625,RETURNING,165,3,3,0,0
cust_010626,LOYAL,303,17,16,1,0
cust_010627,LOYAL,195,18,18,0,0
cust_010628,LOYAL,431,18,17,1,1
cust_010629,HIGH_VALUE,2328,35,35,0,0
cust_010630,LOYAL,608,21,17,4,1
cust_010631,NEW,49,1,1,0,0
cust_010632,RETURNING,101,5,5,0,0
cust_010633,RETURNING,56,7,6,1,0
cust_010634,RETURNING,430,5,3,2,2
cust_010635,RETURNING,267,5,4,1,0
cust_010636,RETURNING,244,5,4,1,1
cust_010637,RETURNING,228,6,3,3,1
cust_010638,RETURNING,306,11,11,0,0
cust_010639,LOYAL,1060,29,28,1,0
cust_010640,RETURNING,67,11,9,2,2
cust_010641,RETURNING,155,7,6,1,0
cust_010642,RETURNING,479,10,6,4,2
cust_010643,RETURNING,108,10,10,0,0
cust_010644,RETURNING,457,9,9,0,0
cust_010645,RETURNING,219,11,10,1,0
cust_010646,RETURNING,119,4,4,0,0
cust_010647,RETURNING,310,8,7,1,1
cust_010648,NEW,15,2,2,0,0
cust_010649,HIGH_VALUE,1198,44,41,3,1
cust_010650,LOYAL,1763,21,19,2,1
cust_010651,RETURNING,60,7,7,0,0
cust_010652,RETURNING,87,4,2,2,1
cust_010653,RETURNING,322,8,7,1,0
cust_010654,LOYAL,1462,18,15,3,1
cust_010655,RETURNING,359,11,9,2,0
cust_010656,LOYAL,1433,19,17,2,1
cust_010657,LOYAL,885,25,24,1,1
cust_010658,RETURNING,268,3,3,0,0
cust_010659,LOYAL,771,22,22,0,0
cust_010660,RETURNING,465,5,5,0,0
cust_010661,RETURNING,482,6,5,1,1
cust_010662,RETURNING,52,6,6,0,0
cust_010663,LOYAL,522,12,11,1,0
cust_010664,NEW,11,0,0,0,0
cust_010665,RETURNING,54,13,9,4,0
cust_010666,RETURNING,490,6,5,1,1
cust_010667,HIGH_VALUE,2731,26,25,1,1
cust_010668,RETURNING,103,8,7,1,1
cust_010669,RETURNING,331,13,12,1,0
cust_010670,RETURNING,232,8,8,0,0
cust_010671,RETURNING,187,6,6,0,0
cust_010672,LOYAL,1462,24,23,1,1
cust_010673,HIGH_VALUE,1581,38,37,1,0
cust_010674,LOYAL,1773,19,16,3,1
cust_010675,LOYAL,652,29,20,9,6
cust_010676,RETURNING,105,10,10,0,0
cust_010677,RETURNING,436,5,5,0,0
cust_010678,RETURNING,187,10,8,2,0
cust_010679,RETURNING,387,8,8,0,0
cust_010680,RETURNING,405,7,7,0,0
cust_010681,LOYAL,1781,28,25,3,2
cust_010682,RETURNING,223,4,3,1,1
cust_010683,RETURNING,69,7,6,1,0
cust_010684,RETURNING,314,8,4,4,0
cust_010685,LOYAL,1151,18,18,0,0
cust_010686,LOYAL,687,27,24,3,1
cust_010687,RETURNING,182,9,8,1,0
cust_010688,LOYAL,967,15,14,1,0
cust_010689,LOYAL,399,15,15,0,0
cust_010690,RETURNING,96,8,7,1,0
cust_010691,LOYAL,327,25,22,3,0
cust_010692,RETURNING,476,4,4,0,0
cust_010693,RETURNING,451,9,9,0,0
cust_010694,NEW,14,3,2,1,0
cust_010695,RETURNING,478,7,7,0,0
cust_010696,RETURNING,455,7,6,1,1
cust_010697,NEW,16,0,0,0,0
cust_010698,RETURNING,85,10,9,1,0
cust_010699,RETURNING,453,7,7,0,0
cust_010700,RETURNING,332,7,6,1,0
cust_010701,NEW,25,0,0,0,0
cust_010702,NEW,36,1,0,1,0
cust_010703,RETURNING,217,6,4,2,0
cust_010704,LOYAL,868,23,22,1,0
cust_010705,LOYAL,1469,28,26,2,2
cust_010706,RETURNING,34,4,3,1,1
cust_010707,LOYAL,908,21,19,2,1
cust_010708,RETURNING,242,8,8,0,0
cust_010709,HIGH_VALUE,1228,38,32,6,3
cust_010710,NEW,23,0,0,0,0
cust_010711,RETURNING,460,5,3,2,2
cust_010712,RETURNING,101,8,6,2,1
cust_010713,RETURNING,470,7,6,1,0
cust_010714,NEW,31,0,0,0,0
cust_010715,NEW,18,2,2,0,0
cust_010716,RETURNING,480,8,5,3,1
cust_010717,LOYAL,1629,29,25,4,2
cust_010718,LOYAL,1217,28,26,2,2
cust_010719,RETURNING,37,6,4,2,0
cust_010720,LOYAL,1299,25,21,4,1
cust_010721,RETURNING,196,9,7,2,1
cust_010722,HIGH_VALUE,2572,39,38,1,0
cust_010723,NEW,23,1,1,0,0
cust_010724,LOYAL,861,29,27,2,1
cust_010725,LOYAL,1186,24,22,2,2
cust_010726,LOYAL,1621,25,20,5,2
cust_010727,LOYAL,333,23,23,0,0
cust_010728,RETURNING,429,7,6,1,0
cust_010729,LOYAL,1575,20,19,1,0
cust_010730,RETURNING,121,5,5,0,0
cust_010731,RETURNING,444,2,2,0,0
cust_010732,HIGH_VALUE,2029,48,44,4,2
cust_010733,RETURNING,80,9,7,2,2
cust_010734,RETURNING,371,0,0,0,0
cust_010735,LOYAL,1564,24,24,0,0
cust_010736,RETURNING,89,3,3,0,0
cust_010737,NEW,28,0,0,0,0
cust_010738,RETURNING,223,5,4,1,1
cust_010739,LOYAL,1303,17,16,1,1
cust_010740,LOYAL,537,21,18,3,2
cust_010741,NEW,7,0,0,0,0
cust_010742,RETURNING,67,8,7,1,0
cust_010743,RETURNING,490,8,6,2,2
cust_010744,LOYAL,1621,28,26,2,1
cust_010745,LOYAL,926,28,26,2,0
cust_010746,HIGH_VALUE,1769,36,32,4,2
cust_010747,RETURNING,146,7,6,1,1
cust_010748,RETURNING,344,6,4,2,0
cust_010749,RETURNING,165,16,16,0,0
cust_010750,RETURNING,133,9,7,2,0
cust_010751,RETURNING,290,10,9,1,0
cust_010752,NEW,58,1,1,0,0
cust_010753,NEW,19,0,0,0,0
cust_010754,HIGH_VALUE,1582,38,36,2,2
cust_010755,NEW,31,1,1,0,0
cust_010756,RETURNING,46,8,8,0,0
cust_010757,LOYAL,1721,20,14,6,1
cust_010758,NEW,50,1,1,0,0
cust_010759,RETURNING,133,11,10,1,0
cust_010760,RETURNING,163,10,8,2,0
cust_010761,RETURNING,337,9,7,2,1
cust_010762,RETURNING,80,7,7,0,0
cust_010763,RETURNING,106,9,9,0,0
cust_010764,RETURNING,48,5,4,1,0
cust_010765,NEW,16,0,0,0,0
cust_010766,NEW,56,2,1,1,0
cust_010767,RETURNING,170,11,10,1,0
cust_010768,RETURNING,244,7,7,0,0
cust_010769,HIGH_VALUE,1683,38,32,6,0
cust_010770,NEW,51,0,0,0,0
cust_010771,RETURNING,289,10,9,1,0
cust_010772,RETURNING,150,6,6,0,0
cust_010773,LOYAL,781,25,24,1,0
cust_010774,RETURNING,33,8,6,2,0
cust_010775,NEW,22,0,0,0,0
cust_010776,RETURNING,383,9,6,3,1
cust_010777,RETURNING,54,5,5,0,0
cust_010778,LOYAL,1132,32,30,2,1
cust_010779,RETURNING,377,5,5,0,0
cust_010780,LOYAL,648,26,19,7,4
cust_010781,RETURNING,409,8,6,2,0
cust_010782,RETURNING,39,10,8,2,0
cust_010783,NEW,2,0,0,0,0
cust_010784,LOYAL,836,23,19,4,2
cust_010785,LOYAL,740,26,25,1,1
cust_010786,RETURNING,365,8,7,1,0
cust_010787,RETURNING,339,13,11,2,0
cust_010788,NEW,12,2,2,0,0
cust_010789,RETURNING,124,8,7,1,0
cust_010790,LOYAL,400,29,27,2,2
cust_010791,RETURNING,206,7,5,2,0
cust_010792,LOYAL,271,23,17,6,1
cust_010793,LOYAL,811,21,17,4,1
cust_010794,LOYAL,1544,30,28,2,1
cust_010795,LOYAL,542,26,26,0,0
cust_010796,RETURNING,424,8,7,1,0
cust_010797,RETURNING,143,4,3,1,1
cust_010798,RETURNING,443,8,8,0,0
cust_010799,LOYAL,541,21,19,2,1
cust_010800,HIGH_VALUE,1123,48,47,1,1
cust_010801,RETURNING,80,4,4,0,0
cust_010802,HIGH_VALUE,2804,32,32,0,0
cust_010803,HIGH_VALUE,2135,41,41,0,0
cust_010804,RETURNING,392,7,5,2,0
cust_010805,LOYAL,1111,18,16,2,2
cust_010806,RETURNING,327,9,6,3,1
cust_010807,RETURNING,341,7,6,1,0
cust_010808,NEW,0,0,0,0,0
cust_010809,RETURNING,309,10,6,4,2
cust_010810,LOYAL,813,28,23,5,2
cust_010811,RETURNING,65,9,9,0,0
cust_010812,LOYAL,1063,28,25,3,1
cust_010813,RETURNING,296,3,3,0,0
cust_010814,LOYAL,401,20,18,2,2
cust_010815,RETURNING,93,5,5,0,0
cust_010816,RETURNING,314,8,7,1,0
cust_010817,RETURNING,398,6,4,2,1
cust_010818,RETURNING,410,6,4,2,0
cust_010819,NEW,10,1,1,0,0
cust_010820,NEW,55,0,0,0,0
cust_010821,RETURNING,323,5,4,1,1
cust_010822,RETURNING,475,7,3,4,3
cust_010823,RETURNING,64,9,8,1,0
cust_010824,RETURNING,216,5,4,1,0
cust_010825,LOYAL,1619,14,14,0,0
cust_010826,RETURNING,359,5,3,2,0
cust_010827,LOYAL,1386,19,18,1,1
cust_010828,RETURNING,166,8,8,0,0
cust_010829,NEW,13,1,1,0,0
cust_010830,LOYAL,545,26,25,1,1
cust_010831,LOYAL,594,26,26,0,0
cust_010832,RETURNING,116,10,9,1,0
cust_010833,RETURNING,265,4,4,0,0
cust_010834,RETURNING,228,4,4,0,0
cust_010835,RETURNING,322,8,5,3,0
cust_010836,LOYAL,1487,31,25,6,2
cust_010837,RETURNING,161,11,11,0,0
cust_010838,NEW,31,1,0,1,0
cust_010839,NEW,54,1,1,0,0
cust_010840,NEW,38,1,1,0,0
cust_010841,RETURNING,477,6,6,0,0
cust_010842,RETURNING,99,5,5,0,0
cust_010843,LOYAL,182,15,15,0,0
cust_010844,RETURNING,217,4,4,0,0
cust_010845,RETURNING,351,8,7,1,0
cust_010846,RETURNING,95,5,5,0,0
cust_010847,RETURNING,376,8,7,1,0
cust_010848,RETURNING,62,5,4,1,0
cust_010849,RETURNING,194,6,6,0,0
cust_010850,HIGH_VALUE,424,42,41,1,0
cust_010851,HIGH_VALUE,2985,38,38,0,0
cust_010852,LOYAL,1760,20,16,4,3
cust_010853,LOYAL,883,20,19,1,1
cust_010854,RETURNING,72,7,4,3,2
cust_010855,RETURNING,82,4,4,0,0
cust_010856,RETURNING,367,6,4,2,1
cust_010857,LOYAL,446,23,23,0,0
cust_010858,NEW,10,0,0,0,0
cust_010859,RETURNING,236,6,5,1,0
cust_010860,NEW,60,0,0,0,0
cust_010861,RETURNING,481,5,4,1,1
cust_010862,LOYAL,973,24,22,2,1
cust_010863,NEW,60,1,1,0,0
cust_010864,RETURNING,107,10,9,1,0
cust_010865,RETURNING,118,10,7,3,0
cust_010866,LOYAL,1401,31,27,4,4
cust_010867,NEW,32,1,1,0,0
cust_010868,NEW,50,1,1,0,0
cust_010869,RETURNING,415,12,12,0,0
cust_010870,RETURNING,259,4,3,1,0
cust_010871,LOYAL,447,30,24,6,3
cust_010872,RETURNING,416,7,5,2,0
cust_010873,HIGH_VALUE,965,48,47,1,0
cust_010874,RETURNING,462,9,8,1,1
cust_010875,RETURNING,463,13,10,3,2
cust_010876,HIGH_VALUE,1469,42,39,3,1
cust_010877,NEW,11,1,1,0,0
cust_010878,LOYAL,1183,30,24,6,2
cust_010879,NEW,12,0,0,0,0
cust_010880,RETURNING,467,2,2,0,0
cust_010881,NEW,31,0,0,0,0
cust_010882,RETURNING,422,9,9,0,0
cust_010883,LOYAL,697,21,17,4,1
cust_010884,NEW,38,0,0,0,0
cust_010885,NEW,40,1,1,0,0
cust_010886,RETURNING,112,6,4,2,1
cust_010887,RETURNING,498,3,2,1,0
cust_010888,RETURNING,372,6,5,1,0
cust_010889,HIGH_VALUE,1847,40,40,0,0
cust_010890,NEW,56,0,0,0,0
cust_010891,RETURNING,80,8,7,1,0
cust_010892,RETURNING,417,4,4,0,0
cust_010893,RETURNING,412,3,3,0,0
cust_010894,RETURNING,333,5,5,0,0
cust_010895,LOYAL,870,34,34,0,0
cust_010896,RETURNING,420,4,4,0,0
cust_010897,LOYAL,1349,20,19,1,0
cust_010898,RETURNING,363,9,7,2,0
cust_010899,RETURNING,110,5,4,1,0
cust_010900,LOYAL,1404,29,28,1,0
cust_010901,LOYAL,1335,20,20,0,0
cust_010902,LOYAL,1519,26,25,1,0
cust_010903,RETURNING,101,9,7,2,0
cust_010904,HIGH_VALUE,630,39,34,5,3
cust_010905,LOYAL,856,23,19,4,1
cust_010906,LOYAL,844,18,18,0,0
cust_010907,LOYAL,701,24,24,0,0
cust_010908,HIGH_VALUE,534,24,22,2,1
cust_010909,RETURNING,119,7,7,0,0
cust_010910,LOYAL,1176,26,25,1,0
cust_010911,LOYAL,1736,25,23,2,2
cust_010912,LOYAL,1234,21,16,5,3
cust_010913,LOYAL,1691,31,29,2,2
cust_010914,RETURNING,460,5,2,3,1
cust_010915,RETURNING,67,5,2,3,1
cust_010916,RETURNING,242,5,3,2,0
cust_010917,LOYAL,1116,24,17,7,2
cust_010918,LOYAL,361,23,22,1,0
cust_010919,LOYAL,1677,20,18,2,0
cust_010920,LOYAL,482,26,22,4,1
cust_010921,RETURNING,239,8,3,5,0
cust_010922,NEW,46,0,0,0,0
cust_010923,RETURNING,476,10,7,3,0
cust_010924,LOYAL,1066,34,32,2,1
cust_010925,RETURNING,279,13,8,5,1
cust_010926,LOYAL,535,29,25,4,2
cust_010927,HIGH_VALUE,1939,45,39,6,2
cust_010928,RETURNING,335,13,11,2,1
cust_010929,LOYAL,1333,24,22,2,1
cust_010930,RETURNING,284,9,6,3,2
cust_010931,RETURNING,318,5,5,0,0
cust_010932,RETURNING,295,8,6,2,1
cust_010933,RETURNING,489,7,6,1,0
cust_010934,RETURNING,380,3,3,0,0
cust_010935,RETURNING,375,1,1,0,0
cust_010936,NEW,43,1,0,1,0
cust_010937,RETURNING,278,7,5,2,1
cust_010938,RETURNING,174,4,4,0,0
cust_010939,RETURNING,282,8,7,1,1
cust_010940,LOYAL,604,23,21,2,1
cust_010941,RETURNING,444,10,10,0,0
cust_010942,NEW,22,1,1,0,0
cust_010943,HIGH_VALUE,1757,42,42,0,0
cust_010944,LOYAL,620,23,13,10,4
cust_010945,LOYAL,1211,19,16,3,2
cust_010946,LOYAL,1266,20,17,3,2
cust_010947,NEW,60,0,0,0,0
cust_010948,LOYAL,656,14,11,3,2
cust_010949,RETURNING,55,7,6,1,0
cust_010950,RETURNING,179,5,4,1,0
cust_010951,NEW,0,1,0,1,0
cust_010952,LOYAL,790,20,14,6,1
cust_010953,RETURNING,447,7,6,1,0
cust_010954,RETURNING,294,5,3,2,1
cust_010955,NEW,51,1,1,0,0
cust_010956,LOYAL,925,18,13,5,3
cust_010957,RETURNING,291,5,4,1,1
cust_010958,RETURNING,69,5,5,0,0
cust_010959,RETURNING,470,7,6,1,0
cust_010960,LOYAL,941,21,20,1,1
cust_010961,RETURNING,343,10,9,1,0
cust_010962,HIGH_VALUE,992,39,39,0,0
cust_010963,RETURNING,251,5,5,0,0
cust_010964,NEW,0,2,1,1,0
cust_010965,RETURNING,413,8,8,0,0
cust_010966,NEW,55,1,0,1,0
cust_010967,RETURNING,191,8,5,3,1
cust_010968,RETURNING,350,10,7,3,0
cust_010969,LOYAL,848,33,30,3,2
cust_010970,RETURNING,381,3,2,1,0
cust_010971,RETURNING,33,8,5,3,2
cust_010972,RETURNING,142,9,4,5,2
cust_010973,RETURNING,264,8,8,0,0
cust_010974,NEW,39,0,0,0,0
cust_010975,RETURNING,46,6,5,1,0
cust_010976,NEW,55,0,0,0,0
cust_010977,RETURNING,363,6,5,1,0
cust_010978,HIGH_VALUE,1744,44,43,1,0
cust_010979,LOYAL,291,22,17,5,2
cust_010980,LOYAL,1020,24,21,3,2
cust_010981,RETURNING,476,5,5,0,0
cust_010982,LOYAL,513,24,22,2,0
cust_010983,RETURNING,293,5,5,0,0
cust_010984,NEW,43,1,0,1,0
cust_010985,LOYAL,835,33,25,8,2
cust_010986,NEW,7,1,1,0,0
cust_010987,RETURNING,254,12,6,6,1
cust_010988,LOYAL,746,14,12,2,2
cust_010989,RETURNING,321,7,3,4,3
cust_010990,RETURNING,459,2,1,1,0
cust_010991,RETURNING,471,10,8,2,0
cust_010992,NEW,45,2,1,1,0
cust_010993,HIGH_VALUE,1286,37,30,7,2
cust_010994,NEW,19,0,0,0,0
cust_010995,RETURNING,119,12,11,1,0
cust_010996,RETURNING,423,8,5,3,2
cust_010997,LOYAL,949,26,19,7,3
cust_010998,LOYAL,1305,25,24,1,1
cust_010999,RETURNING,222,10,8,2,2
cust_011000,HIGH_VALUE,1580,36,36,0,0
cust_011001,NEW,29,1,0,1,0
cust_011002,LOYAL,807,15,15,0,0
cust_011003,NEW,4,0,0,0,0
cust_011004,RETURNING,447,7,4,3,2
cust_011005,NEW,32,0,0,0,0
cust_011006,HIGH_VALUE,1147,36,35,1,1
cust_011007,LOYAL,1425,25,25,0,0
cust_011008,RETURNING,418,4,3,1,0
cust_011009,RETURNING,260,7,5,2,1
cust_011010,RETURNING,181,8,6,2,1
cust_011011,RETURNING,273,6,6,0,0
cust_011012,RETURNING,488,8,5,3,2
cust_011013,NEW,2,1,1,0,0
cust_011014,RETURNING,341,9,5,4,2
cust_011015,RETURNING,135,7,5,2,1
cust_011016,LOYAL,544,27,26,1,1
cust_011017,RETURNING,229,6,6,0,0
cust_011018,RETURNING,434,13,10,3,2
cust_011019,RETURNING,106,7,4,3,0
cust_011020,RETURNING,88,7,7,0,0
cust_011021,RETURNING,477,11,10,1,0
cust_011022,LOYAL,1492,19,15,4,1
cust_011023,NEW,8,0,0,0,0
cust_011024,RETURNING,423,10,9,1,1
cust_011025,LOYAL,1583,24,23,1,1
cust_011026,RETURNING,464,7,7,0,0
cust_011027,RETURNING,236,7,6,1,0
cust_011028,LOYAL,401,20,17,3,2
cust_011029,RETURNING,302,4,4,0,0
cust_011030,NEW,24,1,1,0,0
cust_011031,LOYAL,1474,23,22,1,0
cust_011032,LOYAL,1353,19,18,1,0
cust_011033,NEW,18,1,0,1,0
cust_011034,NEW,17,0,0,0,0
cust_011035,LOYAL,425,21,21,0,0
cust_011036,RETURNING,217,8,6,2,0
cust_011037,RETURNING,221,6,5,1,0
cust_011038,RETURNING,447,9,7,2,1
cust_011039,LOYAL,1347,24,22,2,1
cust_011040,RETURNING,297,8,7,1,1
cust_011041,NEW,7,0,0,0,0
cust_011042,NEW,55,0,0,0,0
cust_011043,RETURNING,163,10,10,0,0
cust_011044,LOYAL,1750,19,16,3,0
cust_011045,RETURNING,453,10,7,3,0
cust_011046,RETURNING,469,8,6,2,0
cust_011047,LOYAL,1046,16,15,1,1
cust_011048,RETURNING,318,7,5,2,1
cust_011049,RETURNING,479,11,9,2,1
cust_011050,NEW,4,0,0,0,0
cust_011051,LOYAL,478,28,27,1,1
cust_011052,LOYAL,594,20,17,3,1
cust_011053,LOYAL,1592,21,18,3,2
cust_011054,RETURNING,249,6,6,0,0
cust_011055,RETURNING,87,5,4,1,1
cust_011056,NEW,40,0,0,0,0
cust_011057,HIGH_VALUE,2529,39,35,4,3
cust_011058,NEW,14,1,1,0,0
cust_011059,RETURNING,423,9,9,0,0
cust_011060,LOYAL,1232,23,21,2,1
cust_011061,NEW,14,1,0,1,0
cust_011062,RETURNING,261,3,2,1,0
cust_011063,NEW,44,0,0,0,0
cust_011064,RETURNING,237,7,7,0,0
cust_011065,HIGH_VALUE,626,42,39,3,2
cust_011066,RETURNING,249,2,1,1,1
cust_011067,HIGH_VALUE,2235,32,31,1,1
cust_011068,NEW,49,0,0,0,0
cust_011069,RETURNING,107,6,6,0,0
cust_011070,LOYAL,1200,30,28,2,1
cust_011071,LOYAL,436,26,22,4,3
cust_011072,RETURNING,97,7,7,0,0
cust_011073,LOYAL,395,19,19,0,0
cust_011074,LOYAL,1219,19,19,0,0
cust_011075,LOYAL,1313,22,21,1,0
cust_011076,RETURNING,394,5,4,1,1
cust_011077,NEW,12,0,0,0,0
cust_011078,NEW,43,0,0,0,0
cust_011079,RETURNING,298,6,5,1,0
cust_011080,RETURNING,51,11,6,5,1
cust_011081,RETURNING,365,9,6,3,0
cust_011082,RETURNING,64,6,4,2,0
cust_011083,RETURNING,191,11,10,1,0
cust_011084,RETURNING,469,5,4,1,1
cust_011085,RETURNING,496,5,4,1,1
cust_011086,RETURNING,99,11,5,6,3
cust_011087,NEW,0,3,2,1,0
cust_011088,LOYAL,1554,19,18,1,0
cust_011089,RETURNING,443,8,7,1,0
cust_011090,NEW,51,1,1,0,0
cust_011091,RETURNING,65,11,8,3,1
cust_011092,RETURNING,86,5,4,1,1
cust_011093,RETURNING,319,3,2,1,0
cust_011094,RETURNING,78,6,6,0,0
cust_011095,RETURNING,148,5,4,1,1
cust_011096,LOYAL,521,22,21,1,0
cust_011097,NEW,17,1,0,1,1
cust_011098,RETURNING,150,8,6,2,0
cust_011099,NEW,31,0,0,0,0
cust_011100,RETURNING,283,10,9,1,0
cust_011101,RETURNING,153,3,2,1,0
cust_011102,LOYAL,1334,30,24,6,2
cust_011103,NEW,57,1,0,1,0
cust_011104,RETURNING,312,8,7,1,0
cust_011105,RETURNING,408,11,7,4,4
cust_011106,RETURNING,425,5,5,0,0
cust_011107,LOYAL,1543,19,16,3,1
cust_011108,NEW,36,1,1,0,0
cust_011109,RETURNING,320,6,4,2,0
cust_011110,RETURNING,51,10,7,3,2
cust_011111,LOYAL,738,20,18,2,1
cust_011112,RETURNING,310,4,4,0,0
cust_011113,HIGH_VALUE,2154,38,36,2,1
cust_011114,HIGH_VALUE,1540,24,24,0,0
cust_011115,LOYAL,587,22,21,1,1
cust_011116,RETURNING,124,8,7,1,0
cust_011117,LOYAL,367,22,20,2,0
cust_011118,NEW,29,0,0,0,0
cust_011119,LOYAL,234,16,13,3,1
cust_011120,RETURNING,325,5,4,1,0
cust_011121,NEW,18,1,0,1,1
cust_011122,RETURNING,34,5,5,0,0
cust_011123,LOYAL,869,22,18,4,1
cust_011124,LOYAL,381,29,24,5,2
cust_011125,RETURNING,198,5,5,0,0
cust_011126,RETURNING,239,11,8,3,2
cust_011127,LOYAL,1004,22,18,4,1
cust_011128,LOYAL,711,22,22,0,0
cust_011129,LOYAL,1276,19,15,4,2
cust_011130,RETURNING,70,2,2,0,0
cust_011131,RETURNING,154,8,6,2,1
cust_011132,LOYAL,1029,29,29,0,0
cust_011133,NEW,57,1,1,0,0
cust_011134,RETURNING,174,12,11,1,0
cust_011135,NEW,36,0,0,0,0
cust_011136,RETURNING,170,8,8,0,0
cust_011137,LOYAL,1592,23,22,1,0
cust_011138,RETURNING,403,6,6,0,0
cust_011139,RETURNING,346,8,6,2,1
cust_011140,NEW,13,1,1,0,0
cust_011141,LOYAL,1184,34,31,3,1
cust_011142,LOYAL,1004,15,13,2,0
cust_011143,RETURNING,272,3,2,1,0
cust_011144,LOYAL,603,27,21,6,4
cust_011145,NEW,60,0,0,0,0
cust_011146,LOYAL,1184,20,19,1,1
cust_011147,LOYAL,525,21,21,0,0
cust_011148,NEW,25,0,0,0,0
cust_011149,HIGH_VALUE,2122,31,31,0,0
cust_011150,NEW,18,1,0,1,0
cust_011151,RETURNING,114,6,4,2,1
cust_011152,NEW,3,1,0,1,0
cust_011153,LOYAL,1427,22,21,1,1
cust_011154,NEW,2,1,1,0,0
cust_011155,NEW,37,0,0,0,0
cust_011156,RETURNING,43,8,6,2,1
cust_011157,HIGH_VALUE,514,42,42,0,0
cust_011158,RETURNING,180,5,2,3,0
cust_011159,RETURNING,119,6,5,1,1
cust_011160,RETURNING,264,4,4,0,0
cust_011161,LOYAL,546,22,18,4,0
cust_011162,RETURNING,66,5,4,1,0
cust_011163,RETURNING,280,7,6,1,1
cust_011164,HIGH_VALUE,1846,36,33,3,1
cust_011165,RETURNING,341,8,8,0,0
cust_011166,RETURNING,454,5,5,0,0
cust_011167,LOYAL,1726,30,27,3,3
cust_011168,RETURNING,405,8,8,0,0
cust_011169,RETURNING,335,11,7,4,1
cust_011170,RETURNING,346,5,5,0,0
cust_011171,LOYAL,1743,22,22,0,0
cust_011172,HIGH_VALUE,712,30,30,0,0
cust_011173,RETURNING,266,4,4,0,0
cust_011174,RETURNING,373,3,2,1,0
cust_011175,RETURNING,484,8,8,0,0
cust_011176,NEW,9,1,1,0,0
cust_011177,NEW,37,0,0,0,0
cust_011178,NEW,22,1,1,0,0
cust_011179,NEW,24,1,1,0,0
cust_011180,RETURNING,174,7,6,1,0
cust_011181,NEW,28,1,1,0,0
cust_011182,NEW,15,0,0,0,0
cust_011183,RETURNING,448,6,5,1,0
cust_011184,RETURNING,294,2,1,1,0
cust_011185,NEW,48,0,0,0,0
cust_011186,NEW,40,0,0,0,0
cust_011187,RETURNING,443,8,7,1,0
cust_011188,RETURNING,86,8,8,0,0
cust_011189,LOYAL,1279,12,11,1,0
cust_011190,LOYAL,1186,23,22,1,1
cust_011191,LOYAL,467,22,19,3,0
cust_011192,RETURNING,400,4,3,1,0
cust_011193,LOYAL,448,19,18,1,1
cust_011194,RETURNING,150,5,4,1,0
cust_011195,RETURNING,342,8,7,1,0
cust_011196,RETURNING,230,8,6,2,2
cust_011197,RETURNING,266,13,11,2,1
cust_011198,RETURNING,105,6,5,1,0
cust_011199,NEW,52,1,1,0,0
cust_011200,LOYAL,896,21,20,1,1
cust_011201,NEW,17,1,1,0,0
cust_011202,LOYAL,1384,26,26,0,0
cust_011203,LOYAL,1428,25,23,2,2
cust_011204,RETURNING,61,7,7,0,0
cust_011205,NEW,43,0,0,0,0
cust_011206,RETURNING,164,4,3,1,0
cust_011207,RETURNING,489,7,5,2,0
cust_011208,HIGH_VALUE,2959,37,30,7,3
cust_011209,LOYAL,1074,19,14,5,2
cust_011210,LOYAL,392,26,23,3,1
cust_011211,RETURNING,239,10,9,1,0
cust_011212,LOYAL,1696,22,17,5,2
cust_011213,LOYAL,294,24,20,4,4
cust_011214,NEW,35,0,0,0,0
cust_011215,RETURNING,76,10,9,1,1
cust_011216,NEW,32,1,1,0,0
cust_011217,RETURNING,326,6,5,1,0
cust_011218,LOYAL,477,22,19,3,2
cust_011219,RETURNING,255,4,3,1,0
cust_011220,RETURNING,218,6,6,0,0
cust_011221,LOYAL,1473,32,26,6,2
cust_011222,NEW,49,1,1,0,0
cust_011223,NEW,12,0,0,0,0
cust_011224,LOYAL,978,17,16,1,0
cust_011225,LOYAL,1369,32,32,0,0
cust_011226,LOYAL,745,19,17,2,1
cust_011227,RETURNING,411,7,6,1,1
cust_011228,HIGH_VALUE,1792,47,43,4,1
cust_011229,LOYAL,1481,19,19,0,0
cust_011230,LOYAL,1063,34,33,1,1
cust_011231,RETURNING,295,13,13,0,0
cust_011232,RETURNING,300,9,7,2,1
cust_011233,LOYAL,1315,24,23,1,0
cust_011234,LOYAL,1193,23,22,1,1
cust_011235,RETURNING,54,11,8,3,1
cust_011236,RETURNING,318,7,6,1,1
cust_011237,LOYAL,837,20,20,0,0
cust_011238,RETURNING,42,8,8,0,0
cust_011239,RETURNING,71,6,6,0,0
cust_011240,NEW,13,0,0,0,0
cust_011241,NEW,26,2,1,1,1
cust_011242,LOYAL,1777,25,17,8,3
cust_011243,NEW,2,1,1,0,0
cust_011244,NEW,43,1,0,1,0
cust_011245,LOYAL,210,25,23,2,0
cust_011246,LOYAL,774,23,19,4,0
cust_011247,NEW,6,1,0,1,1
cust_011248,RETURNING,218,5,5,0,0
cust_011249,LOYAL,1790,20,19,1,1
cust_011250,RETURNING,67,4,4,0,0
cust_011251,RETURNING,112,9,8,1,0
cust_011252,RETURNING,207,9,9,0,0
cust_011253,RETURNING,411,9,9,0,0
cust_011254,LOYAL,228,27,23,4,2
cust_011255,NEW,3,0,0,0,0
cust_011256,RETURNING,437,9,9,0,0
cust_011257,NEW,46,0,0,0,0
cust_011258,NEW,60,1,1,0,0
cust_011259,NEW,21,2,2,0,0
cust_011260,LOYAL,1684,17,17,0,0
cust_011261,NEW,43,1,1,0,0
cust_011262,RETURNING,448,4,2,2,2
cust_011263,NEW,47,1,1,0,0
cust_011264,LOYAL,1767,30,29,1,0
cust_011265,RETURNING,423,2,2,0,0
cust_011266,HIGH_VALUE,2385,35,31,4,2
cust_011267,LOYAL,1669,15,15,0,0
cust_011268,RETURNING,183,6,5,1,0
cust_011269,RETURNING,398,10,7,3,0
cust_011270,NEW,23,0,0,0,0
cust_011271,HIGH_VALUE,2028,38,31,7,2
cust_011272,HIGH_VALUE,480,45,38,7,3
cust_011273,RETURNING,295,6,5,1,0
cust_011274,RETURNING,370,5,5,0,0
cust_011275,RETURNING,30,9,9,0,0
cust_011276,RETURNING,289,9,9,0,0
cust_011277,LOYAL,1566,30,29,1,1
cust_011278,HIGH_VALUE,1913,49,47,2,2
cust_011279,RETURNING,372,4,4,0,0
cust_011280,LOYAL,1107,25,22,3,1
cust_011281,LOYAL,1701,22,21,1,1
cust_011282,RETURNING,403,8,7,1,0
cust_011283,RETURNING,209,7,6,1,0
cust_011284,RETURNING,78,11,10,1,1
cust_011285,LOYAL,857,20,18,2,0
cust_011286,HIGH_VALUE,1229,46,44,2,2
cust_011287,NEW,55,1,1,0,0
cust_011288,RETURNING,432,13,10,3,2
cust_011289,NEW,36,0,0,0,0
cust_011290,NEW,37,1,1,0,0
cust_011291,RETURNING,123,1,0,1,1
cust_011292,LOYAL,1535,36,33,3,3
cust_011293,RETURNING,245,11,9,2,0
cust_011294,LOYAL,394,18,17,1,0
cust_011295,RETURNING,156,4,4,0,0
cust_011296,RETURNING,177,4,4,0,0
cust_011297,LOYAL,1695,22,20,2,1
cust_011298,RETURNING,121,7,6,1,0
cust_011299,RETURNING,294,13,12,1,0
cust_011300,LOYAL,1205,19,15,4,0
cust_011301,RETURNING,213,11,10,1,0
cust_011302,RETURNING,357,6,3,3,0
cust_011303,RETURNING,398,7,6,1,0
cust_011304,LOYAL,1688,16,14,2,1
cust_011305,RETURNING,330,10,8,2,2
cust_011306,LOYAL,1182,15,15,0,0
cust_011307,RETURNING,140,6,6,0,0
cust_011308,RETURNING,379,4,4,0,0
cust_011309,LOYAL,457,16,15,1,1
cust_011310,RETURNING,51,6,6,0,0
cust_011311,RETURNING,449,6,5,1,0
cust_011312,NEW,17,1,1,0,0
cust_011313,RETURNING,173,5,5,0,0
cust_011314,RETURNING,247,10,8,2,1
cust_011315,RETURNING,215,6,6,0,0
cust_011316,RETURNING,266,12,10,2,1
cust_011317,NEW,2,1,0,1,1
cust_011318,RETURNING,95,11,7,4,1
cust_011319,RETURNING,496,11,10,1,0
cust_011320,RETURNING,382,4,3,1,0
cust_011321,RETURNING,200,7,5,2,0
cust_011322,LOYAL,541,27,25,2,2
cust_011323,RETURNING,404,7,5,2,0
cust_011324,NEW,17,1,0,1,1
cust_011325,RETURNING,369,9,5,4,1
cust_011326,NEW,39,0,0,0,0
cust_011327,RETURNING,422,7,6,1,0
cust_011328,LOYAL,752,27,22,5,4
cust_011329,RETURNING,372,7,6,1,0
cust_011330,RETURNING,105,8,6,2,1
cust_011331,HIGH_VALUE,2671,40,38,2,1
cust_011332,NEW,38,1,0,1,0
cust_011333,LOYAL,1473,21,19,2,1
cust_011334,LOYAL,1708,21,20,1,0
cust_011335,RETURNING,205,7,6,1,0
cust_011336,NEW,49,1,1,0,0
cust_011337,NEW,52,1,0,1,1
cust_011338,LOYAL,929,24,24,0,0
cust_011339,RETURNING,137,5,4,1,0
cust_011340,LOYAL,278,19,18,1,0
cust_011341,RETURNING,168,6,4,2,0
cust_011342,RETURNING,408,9,8,1,1
cust_011343,RETURNING,354,8,7,1,1
cust_011344,RETURNING,234,6,5,1,0
cust_011345,RETURNING,468,7,6,1,0
cust_011346,HIGH_VALUE,1367,42,40,2,1
cust_011347,RETURNING,101,6,4,2,2
cust_011348,LOYAL,735,32,29,3,1
cust_011349,HIGH_VALUE,2239,38,38,0,0
cust_011350,NEW,14,1,0,1,0
cust_011351,RETURNING,77,3,2,1,0
cust_011352,NEW,5,1,1,0,0
cust_011353,RETURNING,256,10,8,2,0
cust_011354,HIGH_VALUE,1721,39,38,1,1
cust_011355,LOYAL,314,18,17,1,1
cust_011356,LOYAL,848,21,20,1,0
cust_011357,RETURNING,306,8,7,1,0
cust_011358,RETURNING,367,5,4,1,1
cust_011359,RETURNING,143,6,4,2,1
cust_011360,LOYAL,916,31,31,0,0
cust_011361,RETURNING,455,12,11,1,1
cust_011362,NEW,19,1,1,0,0
cust_011363,NEW,13,0,0,0,0
cust_011364,RETURNING,72,6,5,1,1
cust_011365,RETURNING,240,6,3,3,0
cust_011366,NEW,28,2,1,1,0
cust_011367,LOYAL,1306,27,25,2,0
cust_011368,LOYAL,622,21,21,0,0
cust_011369,RETURNING,440,8,7,1,1
cust_011370,LOYAL,489,28,24,4,2
cust_011371,RETURNING,447,10,9,1,1
cust_011372,LOYAL,1763,26,25,1,0
cust_011373,RETURNING,61,10,8,2,1
cust_011374,RETURNING,482,9,9,0,0
cust_011375,RETURNING,456,6,6,0,0
cust_011376,RETURNING,43,6,3,3,3
cust_011377,RETURNING,59,8,7,1,0
cust_011378,LOYAL,1022,17,15,2,1
cust_011379,LOYAL,460,20,18,2,2
cust_011380,RETURNING,152,10,7,3,3
cust_011381,RETURNING,220,5,5,0,0
cust_011382,LOYAL,1164,26,25,1,1
cust_011383,NEW,54,1,1,0,0
cust_011384,NEW,57,1,0,1,0
cust_011385,RETURNING,71,10,9,1,0
cust_011386,RETURNING,421,10,7,3,2
cust_011387,RETURNING,425,8,5,3,1
cust_011388,NEW,6,0,0,0,0
cust_011389,RETURNING,487,7,7,0,0
cust_011390,LOYAL,1669,22,21,1,1
cust_011391,LOYAL,1152,13,12,1,1
cust_011392,RETURNING,157,8,8,0,0
cust_011393,RETURNING,228,8,7,1,1
cust_011394,HIGH_VALUE,985,46,45,1,1
cust_011395,LOYAL,364,26,25,1,1
cust_011396,RETURNING,275,8,8,0,0
cust_011397,RETURNING,134,4,3,1,0
cust_011398,RETURNING,71,8,5,3,0
cust_011399,RETURNING,307,7,6,1,0
cust_011400,LOYAL,322,19,17,2,1
cust_011401,LOYAL,595,18,17,1,0
cust_011402,LOYAL,725,20,20,0,0
cust_011403,HIGH_VALUE,2480,41,34,7,1
cust_011404,RETURNING,219,5,4,1,0
cust_011405,HIGH_VALUE,516,35,34,1,1
cust_011406,LOYAL,990,26,25,1,0
cust_011407,NEW,32,2,2,0,0
cust_011408,RETURNING,348,9,8,1,1
cust_011409,NEW,25,0,0,0,0
cust_011410,RETURNING,308,6,5,1,0
cust_011411,RETURNING,395,10,7,3,1
cust_011412,RETURNING,415,3,3,0,0
cust_011413,NEW,32,0,0,0,0
cust_011414,RETURNING,252,2,2,0,0
cust_011415,NEW,10,0,0,0,0
cust_011416,RETURNING,287,11,8,3,1
cust_011417,LOYAL,369,31,29,2,0
cust_011418,HIGH_VALUE,690,42,36,6,3
cust_011419,RETURNING,365,8,6,2,0
cust_011420,RETURNING,365,13,11,2,0
cust_011421,LOYAL,1133,18,16,2,2
cust_011422,NEW,48,0,0,0,0
cust_011423,HIGH_VALUE,571,35,33,2,0
cust_011424,LOYAL,721,14,14,0,0
cust_011425,RETURNING,35,5,4,1,0
cust_011426,NEW,51,1,1,0,0
cust_011427,NEW,17,0,0,0,0
cust_011428,RETURNING,211,5,5,0,0
cust_011429,RETURNING,470,9,7,2,1
cust_011430,LOYAL,960,22,21,1,1
cust_011431,RETURNING,410,10,6,4,1
cust_011432,RETURNING,120,3,2,1,1
cust_011433,RETURNING,318,4,3,1,0
cust_011434,RETURNING,435,6,5,1,1
cust_011435,NEW,27,2,1,1,0
cust_011436,LOYAL,798,21,20,1,1
cust_011437,RETURNING,127,7,6,1,1
cust_011438,LOYAL,812,33,32,1,0
cust_011439,RETURNING,230,15,14,1,0
cust_011440,RETURNING,428,6,6,0,0
cust_011441,LOYAL,566,29,28,1,0
cust_011442,LOYAL,918,28,25,3,2
cust_011443,LOYAL,1672,19,19,0,0
cust_011444,RETURNING,82,8,5,3,1
cust_011445,LOYAL,249,20,17,3,2
cust_011446,RETURNING,297,8,5,3,1
cust_011447,RETURNING,313,4,3,1,0
cust_011448,LOYAL,389,19,17,2,2
cust_011449,NEW,28,0,0,0,0
cust_011450,LOYAL,1155,21,21,0,0
cust_011451,RETURNING,123,3,3,0,0
cust_011452,NEW,13,0,0,0,0
cust_011453,NEW,14,2,1,1,0
cust_011454,LOYAL,1269,19,18,1,1
cust_011455,LOYAL,1672,20,18,2,0
cust_011456,RETURNING,271,7,7,0,0
cust_011457,NEW,23,1,1,0,0
cust_011458,RETURNING,167,6,6,0,0
cust_011459,RETURNING,447,8,8,0,0
cust_011460,LOYAL,472,23,23,0,0
cust_011461,RETURNING,283,7,4,3,1
cust_011462,RETURNING,81,10,10,0,0
cust_011463,NEW,48,2,1,1,0
cust_011464,RETURNING,415,9,7,2,0
cust_011465,LOYAL,931,27,27,0,0
cust_011466,RETURNING,286,6,5,1,1
cust_011467,RETURNING,33,11,10,1,0
cust_011468,HIGH_VALUE,1450,47,38,9,4
cust_011469,RETURNING,63,10,10,0,0
cust_011470,LOYAL,774,24,22,2,1
cust_011471,RETURNING,498,8,8,0,0
cust_011472,NEW,24,1,1,0,0
cust_011473,LOYAL,1529,30,27,3,2
cust_011474,RETURNING,309,6,5,1,1
cust_011475,RETURNING,360,5,4,1,0
cust_011476,RETURNING,266,7,7,0,0
cust_011477,RETURNING,496,4,1,3,0
cust_011478,LOYAL,864,18,17,1,1
cust_011479,RETURNING,100,6,4,2,1
cust_011480,NEW,20,0,0,0,0
cust_011481,RETURNING,398,4,4,0,0
cust_011482,RETURNING,66,10,8,2,1
cust_011483,LOYAL,1313,21,20,1,1
cust_011484,RETURNING,374,5,5,0,0
cust_011485,LOYAL,347,19,19,0,0
cust_011486,RETURNING,362,6,5,1,0
cust_011487,RETURNING,202,11,9,2,2
cust_011488,RETURNING,72,10,6,4,2
cust_011489,RETURNING,311,6,6,0,0
cust_011490,LOYAL,388,17,16,1,1
cust_011491,NEW,19,1,1,0,0
cust_011492,RETURNING,444,6,5,1,0
cust_011493,LOYAL,585,24,20,4,2
cust_011494,RETURNING,124,7,6,1,1
cust_011495,NEW,29,3,2,1,0
cust_011496,LOYAL,1121,18,14,4,1
cust_011497,RETURNING,205,7,7,0,0
cust_011498,LOYAL,1602,24,21,3,3
cust_011499,LOYAL,393,25,21,4,2
cust_011500,NEW,32,0,0,0,0
cust_011501,RETURNING,427,7,6,1,1
cust_011502,RETURNING,476,10,9,1,1
cust_011503,LOYAL,275,18,16,2,0
cust_011504,RETURNING,40,12,8,4,1
cust_011505,LOYAL,785,22,17,5,2
cust_011506,RETURNING,429,7,6,1,0
cust_011507,RETURNING,427,8,6,2,1
cust_011508,NEW,26,0,0,0,0
cust_011509,RETURNING,260,7,6,1,1
cust_011510,RETURNING,100,2,1,1,1
cust_011511,RETURNING,95,12,8,4,0
cust_011512,HIGH_VALUE,705,42,42,0,0
cust_011513,RETURNING,138,5,5,0,0
cust_011514,LOYAL,1693,28,28,0,0
cust_011515,NEW,49,1,1,0,0
cust_011516,LOYAL,350,21,16,5,0
cust_011517,NEW,1,0,0,0,0
cust_011518,RETURNING,57,4,4,0,0
cust_011519,NEW,28,0,0,0,0
cust_011520,RETURNING,473,3,2,1,0
cust_011521,RETURNING,81,3,2,1,0
cust_011522,RETURNING,97,4,3,1,1
cust_011523,RETURNING,107,6,5,1,0
cust_011524,RETURNING,55,10,7,3,1
cust_011525,HIGH_VALUE,2463,27,22,5,3
cust_011526,RETURNING,51,8,6,2,1
cust_011527,RETURNING,162,9,9,0,0
cust_011528,LOYAL,646,26,21,5,1
cust_011529,LOYAL,651,20,17,3,1
cust_011530,RETURNING,102,6,6,0,0
cust_011531,RETURNING,199,5,4,1,0
cust_011532,NEW,8,1,0,1,0
cust_011533,RETURNING,120,8,8,0,0
cust_011534,RETURNING,474,6,6,0,0
cust_011535,LOYAL,614,31,29,2,1
cust_011536,LOYAL,1267,23,20,3,2
cust_011537,RETURNING,103,7,5,2,1
cust_011538,NEW,19,2,1,1,0
cust_011539,RETURNING,200,9,9,0,0
cust_011540,RETURNING,306,5,4,1,0
cust_011541,RETURNING,453,14,12,2,0
cust_011542,RETURNING,144,5,4,1,0
cust_011543,RETURNING,333,6,4,2,0
cust_011544,HIGH_VALUE,864,36,34,2,0
cust_011545,RETURNING,404,5,3,2,1
cust_011546,NEW,3,1,1,0,0
cust_011547,RETURNING,229,9,7,2,1
cust_011548,RETURNING,323,3,3,0,0
cust_011549,RETURNING,238,8,7,1,0
cust_011550,RETURNING,387,2,2,0,0
cust_011551,RETURNING,36,9,7,2,0
cust_011552,LOYAL,494,21,21,0,0
cust_011553,HIGH_VALUE,1903,40,34,6,3
cust_011554,RETURNING,97,4,4,0,0
cust_011555,RETURNING,55,4,3,1,0
cust_011556,RETURNING,197,4,4,0,0
cust_011557,RETURNING,132,6,6,0,0
cust_011558,HIGH_VALUE,2142,46,42,4,1
cust_011559,RETURNING,266,6,5,1,0
cust_011560,LOYAL,1748,35,31,4,0
cust_011561,LOYAL,1294,31,28,3,1
cust_011562,RETURNING,399,6,6,0,0
cust_011563,RETURNING,228,8,7,1,0
cust_011564,RETURNING,489,6,6,0,0
cust_011565,RETURNING,211,2,2,0,0
cust_011566,RETURNING,418,10,10,0,0
cust_011567,HIGH_VALUE,566,45,34,11,6
cust_011568,RETURNING,486,5,4,1,1
cust_011569,RETURNING,172,6,4,2,1
cust_011570,NEW,60,0,0,0,0
cust_011571,NEW,52,1,1,0,0
cust_011572,RETURNING,138,10,9,1,0
cust_011573,LOYAL,314,22,20,2,1
cust_011574,RETURNING,316,5,4,1,1
cust_011575,RETURNING,82,9,7,2,1
cust_011576,NEW,57,1,1,0,0
cust_011577,RETURNING,463,8,6,2,2
cust_011578,RETURNING,70,5,3,2,1
cust_011579,LOYAL,1638,26,24,2,0
cust_011580,RETURNING,171,6,5,1,0
cust_011581,LOYAL,1686,29,28,1,0
cust_011582,LOYAL,1434,23,18,5,2
cust_011583,RETURNING,210,6,6,0,0
cust_011584,RETURNING,363,4,3,1,0
cust_011585,LOYAL,871,25,22,3,1
cust_011586,HIGH_VALUE,1690,36,29,7,2
cust_011587,RETURNING,110,15,14,1,1
cust_011588,RETURNING,31,3,2,1,1
cust_011589,RETURNING,371,6,5,1,0
cust_011590,LOYAL,1456,28,27,1,0
cust_011591,LOYAL,1233,18,17,1,1
cust_011592,LOYAL,1130,20,19,1,0
cust_011593,NEW,15,1,0,1,0
cust_011594,RETURNING,129,4,4,0,0
cust_011595,LOYAL,1332,24,23,1,0
cust_011596,RETURNING,148,11,8,3,0
cust_011597,LOYAL,258,22,19,3,1
cust_011598,RETURNING,88,6,5,1,0
cust_011599,LOYAL,230,24,22,2,2
cust_011600,LOYAL,1463,26,25,1,0
cust_011601,RETURNING,460,6,6,0,0
cust_011602,NEW,46,3,2,1,0
cust_011603,LOYAL,1448,32,28,4,2
cust_011604,NEW,55,1,1,0,0
cust_011605,LOYAL,275,23,23,0,0
cust_011606,RETURNING,154,6,5,1,0
cust_011607,RETURNING,52,7,5,2,0
cust_011608,RETURNING,406,5,4,1,1
cust_011609,HIGH_VALUE,2526,33,23,10,4
cust_011610,LOYAL,1505,17,17,0,0
cust_011611,LOYAL,677,16,14,2,1
cust_011612,LOYAL,1398,23,23,0,0
cust_011613,RETURNING,248,5,4,1,0
cust_011614,HIGH_VALUE,2685,48,48,0,0
cust_011615,RETURNING,184,9,8,1,0
cust_011616,RETURNING,187,7,4,3,1
cust_011617,RETURNING,463,7,7,0,0
cust_011618,RETURNING,497,4,3,1,0
cust_011619,LOYAL,1627,33,33,0,0
cust_011620,RETURNING,369,7,6,1,1
cust_011621,LOYAL,225,22,21,1,1
cust_011622,HIGH_VALUE,1870,31,31,0,0
cust_011623,RETURNING,117,5,5,0,0
cust_011624,NEW,51,2,2,0,0
cust_011625,LOYAL,310,35,34,1,1
cust_011626,NEW,31,0,0,0,0
cust_011627,LOYAL,1275,23,20,3,2
cust_011628,RETURNING,466,4,3,1,0
cust_011629,RETURNING,227,7,7,0,0
cust_011630,RETURNING,230,9,7,2,2
cust_011631,RETURNING,228,9,7,2,2
cust_011632,RETURNING,119,2,1,1,0
cust_011633,RETURNING,79,5,3,2,0
cust_011634,RETURNING,158,8,7,1,0
cust_011635,LOYAL,641,26,25,1,0
cust_011636,NEW,41,0,0,0,0
cust_011637,RETURNING,46,8,8,0,0
cust_011638,RETURNING,468,4,4,0,0
cust_011639,RETURNING,443,9,8,1,0
cust_011640,NEW,53,3,2,1,0
cust_011641,LOYAL,1347,16,16,0,0
cust_011642,NEW,48,2,1,1,1
cust_011643,LOYAL,1213,24,22,2,2
cust_011644,RETURNING,412,4,4,0,0
cust_011645,RETURNING,112,5,4,1,0
cust_011646,RETURNING,130,6,5,1,0
cust_011647,LOYAL,1621,23,18,5,4
cust_011648,HIGH_VALUE,2884,34,34,0,0
cust_011649,RETURNING,193,9,8,1,0
cust_011650,HIGH_VALUE,2281,43,41,2,1
cust_011651,RETURNING,372,8,6,2,1
cust_011652,RETURNING,33,13,11,2,1
cust_011653,LOYAL,1191,28,27,1,1
cust_011654,RETURNING,422,11,10,1,0
cust_011655,RETURNING,440,8,7,1,1
cust_011656,NEW,3,1,1,0,0
cust_011657,LOYAL,183,23,21,2,1
cust_011658,RETURNING,146,7,4,3,1
cust_011659,LOYAL,540,20,20,0,0
cust_011660,RETURNING,253,11,11,0,0
cust_011661,LOYAL,536,11,9,2,2
cust_011662,NEW,25,1,0,1,0
cust_011663,RETURNING,111,3,0,3,0
cust_011664,RETURNING,280,7,7,0,0
cust_011665,RETURNING,276,10,9,1,0
cust_011666,NEW,7,1,0,1,1
cust_011667,RETURNING,410,6,6,0,0
cust_011668,RETURNING,393,10,8,2,0
cust_011669,RETURNING,172,10,10,0,0
cust_011670,HIGH_VALUE,412,38,33,5,4
cust_011671,RETURNING,70,6,6,0,0
cust_011672,NEW,52,1,0,1,1
cust_011673,NEW,0,0,0,0,0
cust_011674,NEW,54,1,0,1,1
cust_011675,RETURNING,275,14,10,4,3
cust_011676,LOYAL,1400,20,17,3,2
cust_011677,RETURNING,207,6,5,1,0
cust_011678,NEW,6,3,2,1,0
cust_011679,RETURNING,116,10,8,2,1
cust_011680,RETURNING,424,7,7,0,0
cust_011681,RETURNING,341,5,4,1,0
cust_011682,HIGH_VALUE,2141,36,36,0,0
cust_011683,RETURNING,466,8,7,1,1
cust_011684,RETURNING,79,10,7,3,1
cust_011685,LOYAL,1783,34,28,6,2
cust_011686,LOYAL,903,32,30,2,2
cust_011687,LOYAL,1038,23,14,9,4
cust_011688,LOYAL,397,13,12,1,1
cust_011689,RETURNING,480,7,7,0,0
cust_011690,RETURNING,423,10,8,2,1
cust_011691,LOYAL,366,23,22,1,0
cust_011692,LOYAL,1038,23,21,2,1
cust_011693,LOYAL,458,15,14,1,0
cust_011694,RETURNING,208,8,7,1,0
cust_011695,LOYAL,1244,30,22,8,3
cust_011696,RETURNING,307,2,2,0,0
cust_011697,NEW,32,1,1,0,0
cust_011698,RETURNING,139,7,5,2,2
cust_011699,RETURNING,283,4,4,0,0
cust_011700,LOYAL,237,21,18,3,2
cust_011701,RETURNING,326,5,2,3,1
cust_011702,RETURNING,152,6,5,1,1
cust_011703,RETURNING,43,8,7,1,0
cust_011704,NEW,56,1,1,0,0
cust_011705,RETURNING,311,12,9,3,0
cust_011706,RETURNING,361,7,5,2,0
cust_011707,LOYAL,1422,29,27,2,1
cust_011708,RETURNING,211,5,5,0,0
cust_011709,RETURNING,148,3,2,1,0
cust_011710,RETURNING,340,9,7,2,1
cust_011711,NEW,15,0,0,0,0
cust_011712,NEW,8,0,0,0,0
cust_011713,HIGH_VALUE,1196,29,28,1,0
cust_011714,NEW,41,1,0,1,0
cust_011715,NEW,2,0,0,0,0
cust_011716,LOYAL,520,25,25,0,0
cust_011717,LOYAL,1683,16,16,0,0
cust_011718,RETURNING,157,8,6,2,0
cust_011719,RETURNING,262,10,8,2,0
cust_011720,HIGH_VALUE,603,45,44,1,1
cust_011721,NEW,25,0,0,0,0
cust_011722,RETURNING,349,10,7,3,0
cust_011723,LOYAL,1477,18,18,0,0
cust_011724,LOYAL,1083,36,34,2,2
cust_011725,HIGH_VALUE,2772,42,42,0,0
cust_011726,RETURNING,245,5,4,1,0
cust_011727,HIGH_VALUE,2375,33,33,0,0
cust_011728,RETURNING,495,9,7,2,1
cust_011729,LOYAL,1324,20,18,2,1
cust_011730,LOYAL,1243,25,24,1,1
cust_011731,NEW,7,0,0,0,0
cust_011732,RETURNING,71,3,2,1,0
cust_011733,RETURNING,154,4,2,2,1
cust_011734,LOYAL,1027,20,17,3,2
cust_011735,NEW,0,0,0,0,0
cust_011736,LOYAL,775,14,12,2,0
cust_011737,RETURNING,261,3,1,2,1
cust_011738,RETURNING,133,10,9,1,0
cust_011739,RETURNING,311,2,2,0,0
cust_011740,LOYAL,888,24,23,1,0
cust_011741,NEW,2,1,1,0,0
cust_011742,RETURNING,476,7,6,1,0
cust_011743,NEW,14,0,0,0,0
cust_011744,LOYAL,376,21,20,1,1
cust_011745,LOYAL,1462,26,24,2,2
cust_011746,RETURNING,422,5,4,1,1
cust_011747,RETURNING,165,5,5,0,0
cust_011748,RETURNING,444,3,3,0,0
cust_011749,RETURNING,446,7,6,1,0
cust_011750,LOYAL,1111,18,15,3,1
cust_011751,RETURNING,178,11,8,3,1
cust_011752,RETURNING,359,3,3,0,0
cust_011753,LOYAL,823,16,12,4,1
cust_011754,RETURNING,408,8,8,0,0
cust_011755,NEW,15,1,1,0,0
cust_011756,NEW,41,0,0,0,0
cust_011757,RETURNING,395,0,0,0,0
cust_011758,RETURNING,50,8,7,1,1
cust_011759,NEW,32,0,0,0,0
cust_011760,RETURNING,114,11,9,2,1
cust_011761,RETURNING,30,12,12,0,0
cust_011762,LOYAL,793,16,16,0,0
cust_011763,NEW,22,0,0,0,0
cust_011764,RETURNING,357,7,6,1,0
cust_011765,NEW,21,0,0,0,0
cust_011766,RETURNING,450,4,2,2,1
cust_011767,NEW,7,1,1,0,0
cust_011768,RETURNING,179,10,9,1,0
cust_011769,LOYAL,1231,16,15,1,0
cust_011770,NEW,25,2,1,1,1
cust_011771,LOYAL,238,23,21,2,2
cust_011772,RETURNING,42,2,2,0,0
cust_011773,RETURNING,491,8,6,2,1
cust_011774,RETURNING,470,9,5,4,1
cust_011775,RETURNING,259,9,8,1,0
cust_011776,LOYAL,1589,24,18,6,4
cust_011777,LOYAL,644,24,23,1,1
cust_011778,LOYAL,646,28,25,3,0
cust_011779,RETURNING,272,8,7,1,1
cust_011780,RETURNING,163,7,5,2,1
cust_011781,NEW,45,0,0,0,0
cust_011782,RETURNING,68,6,6,0,0
cust_011783,NEW,52,0,0,0,0
cust_011784,RETURNING,59,10,9,1,0
cust_011785,RETURNING,295,12,11,1,0
cust_011786,LOYAL,1462,23,20,3,2
cust_011787,NEW,1,0,0,0,0
cust_011788,RETURNING,101,6,5,1,0
cust_011789,RETURNING,389,10,9,1,0
cust_011790,HIGH_VALUE,1517,40,36,4,2
cust_011791,RETURNING,68,7,6,1,1
cust_011792,NEW,3,0,0,0,0
cust_011793,NEW,51,1,1,0,0
cust_011794,RETURNING,284,4,4,0,0
cust_011795,RETURNING,273,9,9,0,0
cust_011796,LOYAL,850,27,25,2,2
cust_011797,LOYAL,1420,20,12,8,5
cust_011798,HIGH_VALUE,576,43,40,3,2
cust_011799,RETURNING,441,7,7,0,0
cust_011800,LOYAL,1013,28,27,1,1
cust_011801,LOYAL,575,27,26,1,1
cust_011802,NEW,20,1,1,0,0
cust_011803,RETURNING,204,9,2,7,2
cust_011804,RETURNING,234,2,2,0,0
cust_011805,RETURNING,120,7,6,1,0
cust_011806,HIGH_VALUE,1536,35,31,4,1
cust_011807,LOYAL,1450,27,26,1,1
cust_011808,RETURNING,177,5,5,0,0
cust_011809,RETURNING,440,6,6,0,0
cust_011810,RETURNING,295,6,6,0,0
cust_011811,RETURNING,455,6,6,0,0
cust_011812,NEW,22,1,1,0,0
cust_011813,RETURNING,399,11,10,1,1
cust_011814,RETURNING,72,14,14,0,0
cust_011815,LOYAL,1167,26,24,2,2
cust_011816,LOYAL,1742,20,20,0,0
cust_011817,NEW,59,3,3,0,0
cust_011818,LOYAL,1696,20,19,1,1
cust_011819,NEW,6,2,2,0,0
cust_011820,RETURNING,33,10,8,2,0
cust_011821,RETURNING,235,8,8,0,0
cust_011822,NEW,5,0,0,0,0
cust_011823,NEW,26,0,0,0,0
cust_011824,RETURNING,308,14,11,3,0
cust_011825,NEW,41,0,0,0,0
cust_011826,HIGH_VALUE,2752,44,42,2,2
cust_011827,RETURNING,67,9,9,0,0
cust_011828,RETURNING,439,3,2,1,1
cust_011829,HIGH_VALUE,1837,35,32,3,1
cust_011830,RETURNING,387,8,6,2,2
cust_011831,RETURNING,119,5,5,0,0
cust_011832,LOYAL,1507,25,20,5,1
cust_011833,RETURNING,264,8,8,0,0
cust_011834,NEW,36,0,0,0,0
cust_011835,RETURNING,82,4,3,1,0
cust_011836,RETURNING,34,10,9,1,1
cust_011837,LOYAL,1502,18,17,1,0
cust_011838,NEW,22,1,1,0,0
cust_011839,RETURNING,499,9,9,0,0
cust_011840,LOYAL,782,27,23,4,2
cust_011841,HIGH_VALUE,1932,34,34,0,0
cust_011842,NEW,35,1,1,0,0
cust_011843,RETURNING,211,9,8,1,0
cust_011844,HIGH_VALUE,2651,37,34,3,0
cust_011845,RETURNING,343,9,4,5,3
cust_011846,NEW,45,0,0,0,0
cust_011847,NEW,2,0,0,0,0
cust_011848,LOYAL,1754,19,17,2,0
cust_011849,RETURNING,330,2,1,1,0
cust_011850,RETURNING,288,7,7,0,0
cust_011851,LOYAL,466,22,20,2,1
cust_011852,RETURNING,362,7,4,3,1
cust_011853,NEW,22,0,0,0,0
cust_011854,RETURNING,397,5,4,1,0
cust_011855,LOYAL,1713,23,22,1,1
cust_011856,RETURNING,376,6,5,1,1
cust_011857,LOYAL,1783,21,18,3,3
cust_011858,NEW,60,0,0,0,0
cust_011859,NEW,17,0,0,0,0
cust_011860,LOYAL,1133,22,20,2,1
cust_011861,NEW,48,1,0,1,0
cust_011862,NEW,7,1,1,0,0
cust_011863,LOYAL,1021,22,22,0,0
cust_011864,RETURNING,152,6,6,0,0
cust_011865,RETURNING,154,11,10,1,0
cust_011866,LOYAL,492,22,22,0,0
cust_011867,NEW,13,0,0,0,0
cust_011868,RETURNING,198,5,4,1,0
cust_011869,RETURNING,478,0,0,0,0
cust_011870,NEW,50,0,0,0,0
cust_011871,LOYAL,475,27,21,6,4
cust_011872,RETURNING,59,7,5,2,0
cust_011873,LOYAL,785,22,21,1,0
cust_011874,LOYAL,642,31,28,3,1
cust_011875,LOYAL,1692,32,32,0,0
cust_011876,RETURNING,474,10,8,2,0
cust_011877,RETURNING,382,7,5,2,0
cust_011878,LOYAL,1033,26,26,0,0
cust_011879,RETURNING,155,8,5,3,0
cust_011880,LOYAL,1445,27,24,3,0
cust_011881,LOYAL,508,22,19,3,2
cust_011882,RETURNING,420,4,2,2,2
cust_011883,NEW,21,0,0,0,0
cust_011884,RETURNING,219,6,6,0,0
cust_011885,RETURNING,381,2,2,0,0
cust_011886,RETURNING,387,7,7,0,0
cust_011887,RETURNING,67,8,8,0,0
cust_011888,LOYAL,545,24,24,0,0
cust_011889,RETURNING,364,4,2,2,0
cust_011890,RETURNING,314,5,4,1,0
cust_011891,LOYAL,500,21,17,4,2
cust_011892,LOYAL,1327,24,20,4,2
cust_011893,HIGH_VALUE,1854,39,36,3,0
cust_011894,NEW,0,0,0,0,0
cust_011895,LOYAL,1166,26,23,3,0
cust_011896,LOYAL,1167,14,14,0,0
cust_011897,LOYAL,855,23,22,1,1
cust_011898,RETURNING,42,6,6,0,0
cust_011899,NEW,31,1,0,1,0
cust_011900,RETURNING,118,12,10,2,0
cust_011901,RETURNING,296,11,7,4,3
cust_011902,RETURNING,212,5,5,0,0
cust_011903,LOYAL,1464,20,20,0,0
cust_011904,NEW,46,0,0,0,0
cust_011905,HIGH_VALUE,2121,30,27,3,1
cust_011906,RETURNING,270,4,4,0,0
cust_011907,LOYAL,1042,27,22,5,2
cust_011908,RETURNING,368,10,9,1,0
cust_011909,RETURNING,299,3,3,0,0
cust_011910,RETURNING,372,4,1,3,1
cust_011911,LOYAL,1532,16,14,2,0
cust_011912,NEW,46,1,1,0,0
cust_011913,RETURNING,202,9,7,2,1
cust_011914,HIGH_VALUE,1627,38,37,1,0
cust_011915,NEW,49,0,0,0,0
cust_011916,RETURNING,418,6,6,0,0
cust_011917,NEW,10,1,1,0,0
cust_011918,NEW,10,0,0,0,0
cust_011919,RETURNING,194,7,7,0,0
cust_011920,RETURNING,258,9,8,1,0
cust_011921,RETURNING,88,3,3,0,0
cust_011922,RETURNING,175,4,2,2,1
cust_011923,LOYAL,229,22,22,0,0
cust_011924,HIGH_VALUE,1746,40,40,0,0
cust_011925,RETURNING,477,5,4,1,0
cust_011926,RETURNING,210,8,7,1,0
cust_011927,RETURNING,404,6,5,1,0
cust_011928,LOYAL,647,28,23,5,4
cust_011929,RETURNING,409,7,7,0,0
cust_011930,LOYAL,997,30,30,0,0
cust_011931,RETURNING,239,8,7,1,0
cust_011932,RETURNING,312,6,5,1,0
cust_011933,LOYAL,1416,18,16,2,1
cust_011934,RETURNING,94,5,2,3,0
cust_011935,RETURNING,146,5,5,0,0
cust_011936,RETURNING,324,4,4,0,0
cust_011937,RETURNING,114,9,9,0,0
cust_011938,RETURNING,404,8,6,2,0
cust_011939,LOYAL,1755,28,28,0,0
cust_011940,RETURNING,189,10,3,7,3
cust_011941,NEW,29,0,0,0,0
cust_011942,RETURNING,278,7,6,1,1
cust_011943,RETURNING,402,2,1,1,1
cust_011944,LOYAL,1224,24,24,0,0
cust_011945,RETURNING,272,5,3,2,1
cust_011946,RETURNING,270,4,4,0,0
cust_011947,RETURNING,408,6,5,1,0
cust_011948,HIGH_VALUE,1516,37,35,2,2
cust_011949,LOYAL,1690,27,25,2,1
cust_011950,NEW,29,0,0,0,0
cust_011951,RETURNING,398,8,7,1,1
cust_011952,LOYAL,1019,24,23,1,1
cust_011953,LOYAL,332,27,23,4,2
cust_011954,RETURNING,403,6,4,2,2
cust_011955,LOYAL,959,24,24,0,0
cust_011956,RETURNING,94,11,11,0,0
cust_011957,RETURNING,158,9,8,1,0
cust_011958,NEW,8,1,1,0,0
cust_011959,RETURNING,360,11,9,2,0
cust_011960,NEW,33,0,0,0,0
cust_011961,RETURNING,208,8,7,1,0
cust_011962,LOYAL,525,19,18,1,1
cust_011963,LOYAL,730,20,19,1,0
cust_011964,NEW,36,0,0,0,0
cust_011965,NEW,46,2,2,0,0
cust_011966,LOYAL,734,20,19,1,1
cust_011967,RETURNING,349,6,6,0,0
cust_011968,NEW,25,1,0,1,0
cust_011969,LOYAL,1009,27,25,2,1
cust_011970,RETURNING,34,6,6,0,0
cust_011971,NEW,1,1,1,0,0
cust_011972,LOYAL,506,20,18,2,0
cust_011973,RETURNING,141,6,2,4,1
cust_011974,RETURNING,291,5,4,1,1
cust_011975,LOYAL,854,21,14,7,4
cust_011976,LOYAL,1140,25,24,1,0
cust_011977,NEW,24,0,0,0,0
cust_011978,RETURNING,331,6,5,1,0
cust_011979,RETURNING,74,9,7,2,0
cust_011980,RETURNING,479,5,4,1,1
cust_011981,RETURNING,276,6,6,0,0
cust_011982,RETURNING,496,10,6,4,2
cust_011983,RETURNING,225,5,5,0,0
cust_011984,LOYAL,1628,33,27,6,3
cust_011985,RETURNING,185,11,9,2,0
cust_011986,LOYAL,1084,24,20,4,4
cust_011987,RETURNING,193,6,4,2,0
cust_011988,LOYAL,1331,23,23,0,0
cust_011989,RETURNING,135,6,3,3,1
cust_011990,RETURNING,267,9,8,1,0
cust_011991,LOYAL,1226,23,18,5,2
cust_011992,LOYAL,1517,30,21,9,4
cust_011993,RETURNING,403,16,11,5,2
cust_011994,RETURNING,432,6,6,0,0
cust_011995,RETURNING,46,7,6,1,1
cust_011996,RETURNING,348,7,6,1,0
cust_011997,RETURNING,258,3,3,0,0
cust_011998,LOYAL,946,25,20,5,2
cust_011999,RETURNING,168,7,6,1,0
cust_012000,RETURNING,133,4,4,0,0
